18:07:29,CPU,%user,%nice,%system,%iowait,%steal,%idle,%real
18:07:30,all,0.16,0,0.13,0,0,99.72,0.28
18:07:31,all,4.99,0,0.69,0,0,94.32,5.68
18:07:32,all,11.34,0,1.29,0,0,87.37,12.63
18:07:33,all,6.83,0,1.29,0,0,91.88,8.12
18:07:34,all,0.44,0,0.28,0,0,99.28,0.72
18:07:35,all,3.49,0,0.53,0,0,95.98,4.02
18:07:36,all,3.4,0,0.6,0,0,96,4
18:07:37,all,6.79,0,0.72,0,0,92.48,7.52
18:07:38,all,23.26,0,1.42,0,0,75.32,24.68
18:07:39,all,18.68,0,2.64,0,0,78.69,21.31
18:07:40,all,6.82,0,0.79,0,0,92.39,7.61
18:07:41,all,6.68,0,0.88,0,0,92.44,7.56
18:07:42,all,0.85,0,0.31,0,0,98.84,1.16
18:07:43,all,0.69,0,0.5,0,0,98.81,1.19
18:07:44,all,0.94,0,0.28,0,0,98.78,1.22
18:07:45,all,0.41,0,0.31,0,0,99.28,0.72
18:07:46,all,0.5,0,0.41,0,0,99.09,0.91
18:07:47,all,0.41,0,0.28,0,0,99.31,0.69
18:07:48,all,0.53,0,0.44,0,0,99.03,0.97
18:07:49,all,0.97,0,0.38,0,0,98.65,1.35
18:07:50,all,0.28,0,0.31,0,0,99.4,0.6
18:07:51,all,1.25,0,0.5,0,0,98.25,1.75
18:07:52,all,1.29,0,0.44,0,0,98.27,1.73
18:07:53,all,0.41,0,0.16,0,0,99.44,0.56
18:07:54,all,1.29,0,0.78,0,0,97.93,2.07
18:07:55,all,0.25,0,0.41,0,0,99.34,0.66
18:07:56,all,0.28,0,0.16,0,0,99.56,0.44
18:07:57,all,0.69,0,0.31,0,0,99,1
18:07:58,all,0.22,0,0.16,0,0,99.62,0.38
18:07:59,all,0.38,0,0.31,0,0,99.31,0.69
18:08:00,all,0.57,0,0.28,0,0,99.15,0.85
18:08:01,all,0.28,0,0.22,0,0,99.5,0.5
18:08:02,all,0.31,0,0.44,0,0,99.25,0.75
18:08:03,all,0.25,0,0.38,0,0,99.37,0.63
18:08:04,all,0.25,0,0.25,0,0,99.5,0.5
18:08:05,all,0.34,0,0.25,0,0,99.4,0.6
18:08:06,all,0.34,0,0.38,0,0,99.28,0.72
18:08:07,all,0.38,0,0.28,0,0,99.34,0.66
18:08:08,all,0.6,0,0.41,0,0,99,1
18:08:09,all,0.56,0,0.16,0,0,99.28,0.72
18:08:10,all,0.53,0,0.28,0,0,99.19,0.81
18:08:11,all,0.34,0,0.38,0,0,99.28,0.72
18:08:12,all,0.22,0,0.19,0,0,99.59,0.41
18:08:13,all,0.19,0,0.35,0,0,99.47,0.53
18:08:14,all,0.22,0,0.31,0,0,99.47,0.53
18:08:15,all,0.16,0,0.22,0,0,99.62,0.38
18:08:16,all,1.32,0,0.97,0,0,97.71,2.29
18:08:17,all,0.25,0,0.34,0,0,99.4,0.6
18:08:18,all,0.41,0,0.22,0,0,99.37,0.63
18:08:19,all,0.41,0,0.25,0,0,99.34,0.66
18:08:20,all,0.22,0,0.31,0,0,99.47,0.53
18:08:21,all,0.41,0,0.31,0,0,99.28,0.72
18:08:22,all,0.31,0,0.47,0,0,99.22,0.78
18:08:23,all,0.19,0,0.13,0,0,99.69,0.31
18:08:24,all,0.38,0,0.31,0,0,99.31,0.69
18:08:25,all,0.41,0,0.38,0,0,99.22,0.78
18:08:26,all,2.92,0,0.66,0,0,96.42,3.58
18:08:27,all,2.88,0,0.34,0,0,96.77,3.23
18:08:28,all,0.44,0,0.34,0,0,99.22,0.78
18:08:29,all,0.25,0,0.16,0,0,99.59,0.41
18:08:30,all,0.28,0,0.31,0,0,99.4,0.6
18:08:31,all,0.5,0,0.25,0,0,99.25,0.75
18:08:32,all,0.19,0,0.25,0,0,99.56,0.44
18:08:33,all,0.41,0,0.34,0,0,99.25,0.75
18:08:34,all,0.31,0,0.22,0,0,99.47,0.53
18:08:35,all,0.38,0,0.25,0,0,99.37,0.63
18:08:36,all,0.56,0,0.44,0,0,99,1
18:08:37,all,0.25,0,0.19,0,0,99.56,0.44
18:08:38,all,0.22,0,0.38,0,0,99.4,0.6
18:08:39,all,0.31,0,0.41,0,0,99.28,0.72
18:08:40,all,0.22,0,0.13,0,0,99.66,0.34
18:08:41,all,0.31,0,0.31,0,0,99.37,0.63
18:08:42,all,0.25,0,0.31,0,0,99.44,0.56
18:08:43,all,0.38,0,0.25,0,0,99.37,0.63
18:08:44,all,0.19,0,0.31,0,0,99.5,0.5
18:08:45,all,0.31,0,0.28,0,0,99.4,0.6
18:08:46,all,0.22,0,0.28,0,0,99.5,0.5
18:08:47,all,0.34,0,0.34,0,0,99.31,0.69
18:08:48,all,0.19,0,0.16,0,0,99.65,0.35
18:08:49,all,0.34,0,0.34,0,0,99.31,0.69
18:08:50,all,0.31,0,0.44,0,0,99.25,0.75
18:08:51,all,0.28,0,0.25,0,0,99.47,0.53
18:08:52,all,0.25,0,0.31,0,0,99.44,0.56
18:08:53,all,0.28,0,0.41,0,0,99.31,0.69
18:08:54,all,0.22,0,0.25,0,0,99.53,0.47
18:08:55,all,0.28,0,0.38,0,0,99.34,0.66
18:08:56,all,0.31,0,0.31,0,0,99.37,0.63
18:08:57,all,0.22,0,0.16,0,0,99.62,0.38
18:08:58,all,0.22,0,0.38,0,0,99.4,0.6
18:08:59,all,0.22,0,0.16,0,0,99.62,0.38
18:09:00,all,0.28,0,0.38,0,0,99.34,0.66
18:09:01,all,0.53,0,0.53,0,0,98.93,1.07
18:09:02,all,0.56,0,0.75,0,0,98.68,1.32
18:09:03,all,0.31,0,0.31,0,0,99.37,0.63
18:09:04,all,0.38,0,0.25,0,0,99.37,0.63
18:09:05,all,0.16,0,0.19,0,0,99.65,0.35
18:09:06,all,0.19,0,0.35,0,0,99.47,0.53
18:09:07,all,0.25,0,0.44,0,0,99.31,0.69
18:09:08,all,0.16,0,0.22,0,0,99.62,0.38
18:09:09,all,0.35,0,0.28,0,0,99.37,0.63
18:09:10,all,1.19,0,0.75,0,0,98.06,1.94
18:09:11,all,0.47,0,0.25,0,0,99.28,0.72
18:09:12,all,0.38,0,0.41,0,0,99.22,0.78
18:09:13,all,0.25,0,0.22,0,0,99.53,0.47
18:09:14,all,0.28,0,0.28,0,0,99.44,0.56
18:09:15,all,0.44,0,0.31,0,0,99.25,0.75
18:09:16,all,0.25,0,0.19,0,0,99.56,0.44
18:09:17,all,0.22,0,0.41,0,0,99.37,0.63
18:09:18,all,0.25,0,0.31,0,0,99.44,0.56
18:09:19,all,0.16,0,0.28,0.03,0,99.53,0.47
18:09:20,all,0.22,0,0.34,0,0,99.44,0.56
18:09:21,all,0.6,0,0.38,0,0,99.03,0.97
18:09:22,all,0.31,0,0.25,0,0,99.44,0.56
18:09:23,all,0.22,0,0.41,0,0,99.37,0.63
18:09:24,all,0.38,0,0.25,0,0,99.37,0.63
18:09:25,all,0.6,0,0.44,0,0,98.97,1.03
18:09:26,all,0.41,0,0.35,0,0,99.25,0.75
18:09:27,all,0.13,0,0.25,0,0,99.62,0.38
18:09:28,all,0.41,0,0.38,0,0,99.22,0.78
18:09:29,all,0.25,0,0.38,0,0,99.37,0.63
18:09:30,all,1.54,0,0.25,0,0,98.21,1.79
18:09:31,all,0.25,0,0.38,0,0,99.37,0.63
18:09:32,all,0.22,0,0.34,0,0,99.44,0.56
18:09:33,all,0.19,0,0.25,0,0,99.56,0.44
18:09:34,all,0.22,0,0.25,0,0,99.53,0.47
18:09:35,all,0.25,0,0.31,0,0,99.44,0.56
18:09:36,all,0.25,0,0.25,0,0,99.5,0.5
18:09:37,all,0.19,0,0.44,0,0,99.37,0.63
18:09:38,all,0.19,0,0.16,0,0,99.66,0.34
18:09:39,all,0.28,0,0.47,0,0,99.25,0.75
18:09:40,all,0.22,0,0.22,0,0,99.56,0.44
18:09:41,all,0.25,0,0.34,0,0,99.4,0.6
18:09:42,all,0.16,0,0.38,0,0,99.47,0.53
18:09:43,all,0.31,0,0.41,0,0,99.28,0.72
18:09:44,all,0.22,0,0.19,0,0,99.59,0.41
18:09:45,all,0.28,0,0.38,0,0,99.34,0.66
18:09:46,all,0.13,0,0.38,0,0,99.5,0.5
18:09:47,all,0.16,0,0.28,0,0,99.56,0.44
18:09:48,all,0.22,0,0.31,0,0,99.47,0.53
18:09:49,all,0.41,0,0.34,0,0,99.25,0.75
18:09:50,all,0.72,0,0.31,0,0,98.97,1.03
18:09:51,all,0.34,0,0.44,0,0,99.22,0.78
18:09:52,all,0.06,0,0.25,0,0,99.69,0.31
18:09:53,all,0.41,0,0.38,0,0,99.22,0.78
18:09:54,all,0.25,0,0.34,0,0,99.4,0.6
18:09:55,all,0.22,0,0.16,0,0,99.62,0.38
18:09:56,all,0.22,0,0.38,0,0,99.4,0.6
18:09:57,all,0.25,0,0.28,0,0,99.47,0.53
18:09:58,all,0.19,0,0.25,0,0,99.56,0.44
18:09:59,all,0.19,0,0.28,0,0,99.53,0.47
18:10:00,all,0.22,0,0.19,0,0,99.59,0.41
18:10:01,all,0.35,0,0.41,0.06,0,99.18,0.82
18:10:02,all,0.22,0,0.34,0,0,99.44,0.56
18:10:03,all,0.19,0,0.16,0,0,99.65,0.35
18:10:04,all,0.28,0,0.28,0,0,99.44,0.56
18:10:05,all,0.25,0,0.25,0,0,99.5,0.5
18:10:06,all,0.19,0,0.22,0,0,99.59,0.41
18:10:07,all,0.34,0,0.31,0,0,99.34,0.66
18:10:08,all,0.25,0,0.34,0,0,99.4,0.6
18:10:09,all,0.25,0,0.19,0,0,99.56,0.44
18:10:10,all,0.28,0,0.38,0,0,99.34,0.66
18:10:11,all,0.28,0,0.31,0,0,99.4,0.6
18:10:12,all,0.22,0,0.25,0,0,99.53,0.47
18:10:13,all,0.16,0,0.38,0,0,99.47,0.53
18:10:14,all,0.22,0,0.19,0,0,99.59,0.41
18:10:15,all,0.25,0,0.34,0,0,99.4,0.6
18:10:16,all,0.34,0,0.31,0,0,99.34,0.66
18:10:17,all,0.19,0,0.25,0,0,99.56,0.44
18:10:18,all,0.28,0,0.38,0,0,99.34,0.66
18:10:19,all,0.34,0,0.38,0,0,99.28,0.72
18:10:20,all,0.19,0,0.16,0,0,99.66,0.34
18:10:21,all,0.34,0,0.31,0,0,99.34,0.66
18:10:22,all,0.19,0,0.31,0,0,99.5,0.5
18:10:23,all,0.28,0,0.31,0,0,99.41,0.59
18:10:24,all,0.13,0,0.41,0,0,99.47,0.53
18:10:25,all,0.25,0,0.41,0,0,99.34,0.66
18:10:26,all,0.13,0,0.31,0,0,99.56,0.44
18:10:27,all,0.31,0,0.34,0,0,99.34,0.66
18:10:28,all,0.16,0,0.16,0,0,99.69,0.31
18:10:29,all,0.28,0,0.19,0,0,99.53,0.47
18:10:30,all,0.28,0,0.41,0,0,99.31,0.69
18:10:31,all,0.16,0,0.19,0,0,99.65,0.35
18:10:32,all,0.31,0,0.34,0,0,99.34,0.66
18:10:33,all,0.31,0,0.35,0,0,99.34,0.66
18:10:34,all,0.22,0,0.22,0,0,99.56,0.44
18:10:35,all,0.19,0,0.44,0,0,99.37,0.63
18:10:36,all,0.22,0,0.44,0,0,99.34,0.66
18:10:37,all,0.06,0,0.22,0,0,99.72,0.28
18:10:38,all,0.25,0,0.34,0,0,99.4,0.6
18:10:39,all,0.13,0,0.19,0,0,99.69,0.31
18:10:40,all,0.25,0,0.31,0,0,99.44,0.56
18:10:41,all,0.5,0,0.44,0,0,99.06,0.94
18:10:42,all,0.16,0,0.25,0,0,99.59,0.41
18:10:43,all,0.25,0,0.34,0,0,99.4,0.6
18:10:44,all,0.28,0,0.22,0,0,99.5,0.5
18:10:45,all,0.22,0,0.22,0,0,99.56,0.44
18:10:46,all,0.25,0,0.31,0,0,99.44,0.56
18:10:47,all,0.25,0,0.38,0,0,99.37,0.63
18:10:48,all,0.19,0,0.25,0,0,99.56,0.44
18:10:49,all,0.31,0,0.31,0,0,99.37,0.63
18:10:50,all,0.16,0,0.34,0,0,99.5,0.5
18:10:51,all,0.22,0,0.19,0,0,99.59,0.41
18:10:52,all,0.31,0,0.38,0,0,99.31,0.69
18:10:53,all,0.16,0,0.16,0,0,99.69,0.31
18:10:54,all,0.19,0,0.35,0,0,99.47,0.53
18:10:55,all,0.22,0,0.28,0,0,99.5,0.5
18:10:56,all,0.16,0,0.13,0,0,99.72,0.28
18:10:57,all,0.28,0,0.38,0,0,99.34,0.66
18:10:58,all,0.25,0,0.19,0.03,0,99.53,0.47
18:10:59,all,0.13,0,0.19,0,0,99.69,0.31
18:11:00,all,0.28,0,0.28,0,0,99.44,0.56
18:11:01,all,0.31,0,0.44,0,0,99.25,0.75
18:11:02,all,0.22,0,0.16,0,0,99.62,0.38
18:11:03,all,0.25,0,0.31,0,0,99.44,0.56
18:11:04,all,0.19,0,0.22,0,0,99.59,0.41
18:11:05,all,0.25,0,0.25,0,0,99.5,0.5
18:11:06,all,0.47,0,0.38,0,0,99.15,0.85
18:11:07,all,0.13,0,0.25,0,0,99.62,0.38
18:11:08,all,0.28,0,0.31,0,0,99.4,0.6
18:11:09,all,0.35,0,0.22,0,0,99.44,0.56
18:11:10,all,0.31,0,0.25,0,0,99.44,0.56
18:11:11,all,0.35,0,0.35,0,0,99.31,0.69
18:11:12,all,0.28,0,0.31,0,0,99.4,0.6
18:11:13,all,0.16,0,0.16,0,0,99.69,0.31
18:11:14,all,0.22,0,0.34,0,0,99.44,0.56
18:11:15,all,0.16,0,0.38,0,0,99.47,0.53
18:11:16,all,0.28,0,0.25,0,0,99.47,0.53
18:11:17,all,0.28,0,0.31,0,0,99.4,0.6
18:11:18,all,0.19,0,0.19,0,0,99.62,0.38
18:11:19,all,0.44,0,0.25,0,0,99.31,0.69
18:11:20,all,0.25,0,0.34,0,0,99.4,0.6
18:11:21,all,0.19,0,0.22,0,0,99.59,0.41
18:11:22,all,0.16,0,0.41,0,0,99.44,0.56
18:11:23,all,0.22,0,0.47,0,0,99.31,0.69
18:11:24,all,0.16,0,0.31,0,0,99.53,0.47
18:11:25,all,0.25,0,0.31,0,0,99.44,0.56
18:11:26,all,0.16,0,0.25,0,0,99.59,0.41
18:11:27,all,0.16,0,0.19,0,0,99.66,0.34
18:11:28,all,0.31,0,0.31,0,0,99.37,0.63
18:11:29,all,0.19,0,0.28,0,0,99.53,0.47
18:11:30,all,0.19,0,0.28,0,0,99.53,0.47
18:11:31,all,0.31,0,0.25,0,0,99.44,0.56
18:11:32,all,0.19,0,0.22,0,0,99.59,0.41
18:11:33,all,0.25,0,0.31,0,0,99.44,0.56
18:11:34,all,0.25,0,0.44,0,0,99.31,0.69
18:11:35,all,0.16,0,0.19,0,0,99.65,0.35
18:11:36,all,0.22,0,0.35,0,0,99.44,0.56
18:11:37,all,0.16,0,0.35,0,0,99.5,0.5
18:11:38,all,0.19,0,0.25,0,0,99.56,0.44
18:11:39,all,0.34,0,0.41,0,0,99.25,0.75
18:11:40,all,0.31,0,0.28,0.06,0,99.34,0.66
18:11:41,all,0.28,0,0.31,0,0,99.4,0.6
18:11:42,all,0.53,0,0.38,0,0,99.09,0.91
18:11:43,all,0.31,0,0.19,0,0,99.5,0.5
18:11:44,all,0.19,0,0.38,0,0,99.44,0.56
18:11:45,all,0.28,0,0.31,0,0,99.4,0.6
18:11:46,all,0.16,0,0.19,0,0,99.66,0.34
18:11:47,all,0.19,0,0.31,0,0,99.5,0.5
18:11:48,all,0.16,0,0.41,0,0,99.44,0.56
18:11:49,all,0.19,0,0.25,0,0,99.56,0.44
18:11:50,all,0.22,0,0.34,0,0,99.44,0.56
18:11:51,all,0.28,0,0.41,0,0,99.31,0.69
18:11:52,all,0.19,0,0.09,0,0,99.72,0.28
18:11:53,all,0.28,0,0.34,0,0,99.37,0.63
18:11:54,all,0.16,0,0.13,0,0,99.72,0.28
18:11:55,all,0.34,0,0.34,0,0,99.31,0.69
18:11:56,all,0.31,0,0.41,0,0,99.28,0.72
18:11:57,all,0.16,0,0.22,0,0,99.62,0.38
18:11:58,all,0.25,0,0.34,0,0,99.4,0.6
18:11:59,all,0.19,0,0.47,0,0,99.34,0.66
18:12:00,all,0.16,0,0.28,0,0,99.56,0.44
18:12:01,all,0.25,0,0.5,0,0,99.25,0.75
18:12:02,all,0.28,0,0.38,0,0,99.34,0.66
18:12:03,all,0.16,0,0.25,0,0,99.59,0.41
18:12:04,all,0.19,0,0.25,0,0,99.56,0.44
18:12:05,all,0.22,0,0.34,0,0,99.44,0.56
18:12:06,all,0.09,0,0.31,0,0,99.59,0.41
18:12:07,all,0.28,0,0.38,0,0,99.34,0.66
18:12:08,all,0.13,0,0.25,0,0,99.62,0.38
18:12:09,all,0.34,0,0.25,0,0,99.4,0.6
18:12:10,all,0.34,0,0.38,0,0,99.28,0.72
18:12:11,all,0.09,0,0.28,0,0,99.62,0.38
18:12:12,all,0.31,0,0.28,0,0,99.4,0.6
18:12:13,all,0.19,0,0.31,0,0,99.5,0.5
18:12:14,all,0.09,0,0.25,0,0,99.66,0.34
18:12:15,all,0.22,0,0.34,0,0,99.44,0.56
18:12:16,all,0.31,0,0.31,0,0,99.37,0.63
18:12:17,all,0.19,0,0.25,0,0,99.56,0.44
18:12:18,all,0.19,0,0.41,0,0,99.4,0.6
18:12:19,all,0.19,0,0.13,0,0,99.69,0.31
18:12:20,all,0.25,0,0.25,0,0,99.5,0.5
18:12:21,all,0.31,0,0.34,0,0,99.34,0.66
18:12:22,all,0.19,0,0.25,0,0,99.56,0.44
18:12:23,all,0.22,0,0.35,0,0,99.44,0.56
18:12:24,all,0.22,0,0.25,0,0,99.53,0.47
18:12:25,all,0.22,0,0.19,0,0,99.59,0.41
18:12:26,all,0.28,0,0.41,0,0,99.31,0.69
18:12:27,all,0.19,0,0.34,0,0,99.47,0.53
18:12:28,all,0.25,0,0.25,0,0,99.5,0.5
18:12:29,all,0.25,0,0.28,0,0,99.47,0.53
18:12:30,all,0.19,0,0.28,0,0,99.53,0.47
18:12:31,all,0.44,0,0.16,0,0,99.4,0.6
18:12:32,all,0.19,0,0.28,0,0,99.53,0.47
18:12:33,all,0.16,0,0.19,0,0,99.66,0.34
18:12:34,all,0.19,0,0.28,0,0,99.53,0.47
18:12:35,all,0.16,0,0.38,0,0,99.47,0.53
18:12:36,all,0.94,0,0.19,0,0,98.87,1.13
18:12:37,all,0.25,0,0.44,0,0,99.31,0.69
18:12:38,all,0.16,0,0.41,0,0,99.44,0.56
18:12:39,all,0.09,0,0.22,0,0,99.69,0.31
18:12:40,all,0.19,0,0.31,0,0,99.5,0.5
18:12:41,all,0.22,0,0.31,0,0,99.47,0.53
18:12:42,all,0.22,0,0.22,0,0,99.56,0.44
18:12:43,all,0.28,0,0.31,0,0,99.4,0.6
18:12:44,all,0.19,0,0.25,0,0,99.56,0.44
18:12:45,all,0.25,0,0.41,0,0,99.34,0.66
18:12:46,all,0.28,0,0.38,0,0,99.34,0.66
18:12:47,all,0.13,0,0.19,0,0,99.69,0.31
18:12:48,all,0.28,0,0.41,0,0,99.31,0.69
18:12:49,all,0.31,0,0.34,0,0,99.34,0.66
18:12:50,all,0.16,0,0.19,0,0,99.66,0.34
18:12:51,all,0.28,0,0.47,0,0,99.25,0.75
18:12:52,all,0.25,0,0.25,0,0,99.5,0.5
18:12:53,all,0.22,0,0.19,0,0,99.59,0.41
18:12:54,all,1.1,0,0.94,0,0,97.96,2.04
18:12:55,all,0.19,0,0.47,0,0,99.34,0.66
18:12:56,all,0.16,0,0.22,0,0,99.62,0.38
18:12:57,all,0.16,0,0.44,0,0,99.4,0.6
18:12:58,all,0.16,0,0.31,0,0,99.53,0.47
18:12:59,all,0.28,0,0.44,0,0,99.28,0.72
18:13:00,all,0.31,0,0.38,0,0,99.31,0.69
18:13:01,all,0.28,0,0.25,0,0,99.47,0.53
18:13:02,all,0.31,0,0.34,0,0,99.34,0.66
18:13:03,all,0.13,0,0.5,0,0,99.37,0.63
18:13:04,all,0.31,0,0.31,0,0,99.37,0.63
18:13:05,all,0.25,0,0.28,0,0,99.47,0.53
18:13:06,all,0.31,0,0.31,0,0,99.37,0.63
18:13:07,all,0.19,0,0.28,0,0,99.53,0.47
18:13:08,all,0.28,0,0.31,0,0,99.4,0.6
18:13:09,all,0.25,0,0.13,0,0,99.62,0.38
18:13:10,all,1.16,0,0.56,0,0,98.27,1.73
18:13:11,all,0.34,0,0.38,0,0,99.28,0.72
18:13:12,all,0.19,0,0.19,0,0,99.62,0.38
18:13:13,all,0.22,0,0.38,0,0,99.4,0.6
18:13:14,all,0.19,0,0.38,0,0,99.44,0.56
18:13:15,all,0.25,0,0.22,0,0,99.53,0.47
18:13:16,all,1.26,0,0.88,0,0,97.87,2.13
18:13:17,all,0.22,0,0.47,0,0,99.31,0.69
18:13:18,all,0.16,0,0.35,0,0,99.5,0.5
18:13:19,all,0.22,0,0.44,0,0,99.34,0.66
18:13:20,all,0.22,0,0.31,0,0,99.47,0.53
18:13:21,all,0.22,0,0.25,0,0,99.53,0.47
18:13:22,all,0.28,0,0.47,0,0,99.25,0.75
18:13:23,all,0.28,0,0.22,0,0,99.5,0.5
18:13:24,all,0.19,0,0.38,0,0,99.43,0.57
18:13:25,all,0.22,0,0.38,0,0,99.4,0.6
18:13:26,all,2.7,0,0.78,0,0,96.52,3.48
18:13:27,all,2.63,0,0.34,0,0,97.02,2.98
18:13:28,all,0.25,0,0.41,0,0,99.34,0.66
18:13:29,all,0.16,0,0.28,0,0,99.56,0.44
18:13:30,all,0.31,0,0.41,0,0,99.28,0.72
18:13:31,all,0.38,0,0.38,0,0,99.25,0.75
18:13:32,all,0.19,0,0.19,0,0,99.62,0.38
18:13:33,all,0.28,0,0.28,0,0,99.44,0.56
18:13:34,all,0.25,0,0.19,0,0,99.56,0.44
18:13:35,all,0.25,0,0.38,0,0,99.37,0.63
18:13:36,all,0.44,0,0.25,0,0,99.31,0.69
18:13:37,all,0.22,0,0.16,0,0,99.62,0.38
18:13:38,all,0.28,0,0.34,0,0,99.37,0.63
18:13:39,all,0.28,0,0.38,0,0,99.34,0.66
18:13:40,all,0.16,0,0.28,0,0,99.56,0.44
18:13:41,all,0.31,0,0.38,0,0,99.31,0.69
18:13:42,all,0.28,0,0.44,0,0,99.28,0.72
18:13:43,all,0.13,0,0.19,0,0,99.69,0.31
18:13:44,all,0.31,0,0.34,0,0,99.34,0.66
18:13:45,all,0.31,0,0.34,0,0,99.34,0.66
18:13:46,all,0.28,0,0.28,0,0,99.44,0.56
18:13:47,all,0.31,0,0.35,0,0,99.34,0.66
18:13:48,all,0.19,0,0.34,0,0,99.47,0.53
18:13:49,all,0.31,0,0.41,0,0,99.28,0.72
18:13:50,all,0.19,0,0.25,0,0,99.56,0.44
18:13:51,all,0.25,0,0.28,0,0,99.47,0.53
18:13:52,all,0.38,0,0.31,0,0,99.31,0.69
18:13:53,all,0.25,0,0.28,0,0,99.47,0.53
18:13:54,all,0.19,0,0.19,0,0,99.62,0.38
18:13:55,all,0.25,0,0.41,0,0,99.34,0.66
18:13:56,all,0.34,0,0.41,0,0,99.25,0.75
18:13:57,all,0.25,0,0.25,0,0,99.5,0.5
18:13:58,all,0.22,0,0.35,0,0,99.44,0.56
18:13:59,all,0.19,0,0.31,0,0,99.5,0.5
18:14:00,all,0.25,0,0.31,0,0,99.44,0.56
18:14:01,all,0.22,0,0.38,0,0,99.4,0.6
18:14:02,all,0.19,0,0.22,0,0,99.59,0.41
18:14:03,all,0.22,0,0.44,0,0,99.34,0.66
18:14:04,all,0.19,0,0.41,0,0,99.4,0.6
18:14:05,all,0.19,0,0.22,0,0,99.59,0.41
18:14:06,all,0.34,0,0.44,0,0,99.22,0.78
18:14:07,all,0.22,0,0.28,0,0,99.5,0.5
18:14:08,all,0.22,0,0.25,0,0,99.53,0.47
18:14:09,all,0.28,0,0.35,0,0,99.37,0.63
18:14:10,all,1.07,0,0.97,0,0,97.96,2.04
18:14:11,all,0.5,0,0.28,0,0,99.22,0.78
18:14:12,all,0.22,0,0.44,0,0,99.34,0.66
18:14:13,all,0.19,0,0.25,0,0,99.56,0.44
18:14:14,all,0.25,0,0.41,0,0,99.34,0.66
18:14:15,all,0.19,0,0.44,0,0,99.37,0.63
18:14:16,all,0.19,0,0.25,0,0,99.56,0.44
18:14:17,all,0.28,0,0.35,0,0,99.37,0.63
18:14:18,all,0.34,0,0.31,0,0,99.34,0.66
18:14:19,all,0.19,0,0.22,0,0,99.59,0.41
18:14:20,all,0.34,0,0.28,0,0,99.37,0.63
18:14:21,all,0.47,0,0.35,0,0,99.18,0.82
18:14:22,all,0.13,0,0.28,0,0,99.59,0.41
18:14:23,all,0.28,0,0.35,0,0,99.37,0.63
18:14:24,all,0.28,0,0.38,0,0,99.34,0.66
18:14:25,all,0.13,0,0.25,0,0,99.62,0.38
18:14:26,all,0.28,0,0.41,0,0,99.31,0.69
18:14:27,all,0.19,0,0.19,0,0,99.62,0.38
18:14:28,all,0.25,0,0.44,0,0,99.31,0.69
18:14:29,all,0.25,0,0.31,0,0,99.44,0.56
18:14:30,all,0.19,0,0.19,0,0,99.62,0.38
18:14:31,all,0.44,0,0.38,0,0,99.19,0.81
18:14:32,all,0.28,0,0.28,0,0,99.43,0.57
18:14:33,all,0.22,0,0.19,0,0,99.59,0.41
18:14:34,all,0.25,0,0.44,0,0,99.31,0.69
18:14:35,all,0.25,0,0.28,0,0,99.47,0.53
18:14:36,all,0.13,0,0.25,0,0,99.62,0.38
18:14:37,all,0.28,0,0.35,0,0,99.37,0.63
18:14:38,all,0.22,0,0.19,0,0,99.59,0.41
18:14:39,all,0.31,0,0.28,0,0,99.4,0.6
18:14:40,all,0.19,0,0.38,0,0,99.44,0.56
18:14:41,all,0.19,0,0.28,0,0,99.53,0.47
18:14:42,all,0.16,0,0.35,0,0,99.5,0.5
18:14:43,all,0.34,0,0.41,0,0,99.25,0.75
18:14:44,all,0.25,0,0.31,0,0,99.44,0.56
18:14:45,all,0.25,0,0.41,0,0,99.34,0.66
18:14:46,all,0.22,0,0.41,0,0,99.37,0.63
18:14:47,all,0.09,0,0.13,0,0,99.78,0.22
18:14:48,all,0.25,0,0.38,0,0,99.37,0.63
18:14:49,all,0.28,0,0.31,0,0,99.4,0.6
18:14:50,all,0.31,0,0.28,0,0,99.4,0.6
18:14:51,all,0.35,0,0.38,0,0,99.28,0.72
18:14:52,all,0.25,0,0.22,0,0,99.53,0.47
18:14:53,all,0.25,0,0.34,0,0,99.4,0.6
18:14:54,all,0.22,0,0.38,0,0,99.4,0.6
18:14:55,all,0.25,0,0.19,0,0,99.56,0.44
18:14:56,all,0.31,0,0.47,0,0,99.22,0.78
18:14:57,all,0.22,0,0.31,0,0,99.47,0.53
18:14:58,all,0.16,0,0.22,0,0,99.62,0.38
18:14:59,all,0.22,0,0.38,0,0,99.4,0.6
18:15:00,all,0.25,0,0.38,0,0,99.37,0.63
18:15:01,all,0.25,0,0.22,0,0,99.53,0.47
18:15:02,all,0.31,0,0.35,0,0,99.34,0.66
18:15:03,all,0.19,0,0.16,0,0,99.65,0.35
18:15:04,all,0.28,0,0.34,0,0,99.37,0.63
18:15:05,all,0.22,0,0.44,0,0,99.34,0.66
18:15:06,all,0.25,0,0.22,0,0,99.53,0.47
18:15:07,all,0.19,0,0.38,0,0,99.44,0.56
18:15:08,all,0.35,0,0.28,0,0,99.37,0.63
18:15:09,all,0.22,0,0.22,0,0,99.56,0.44
18:15:10,all,0.41,0,0.35,0,0,99.25,0.75
18:15:11,all,0.25,0,0.44,0,0,99.31,0.69
18:15:12,all,0.16,0,0.28,0,0,99.56,0.44
18:15:13,all,0.28,0,0.41,0,0,99.31,0.69
18:15:14,all,0.16,0,0.35,0,0,99.5,0.5
18:15:15,all,0.13,0,0.28,0,0,99.59,0.41
18:15:16,all,0.28,0,0.31,0,0,99.4,0.6
18:15:17,all,0.13,0,0.22,0,0,99.65,0.35
18:15:18,all,0.28,0,0.41,0,0,99.31,0.69
18:15:19,all,0.31,0,0.31,0,0,99.37,0.63
18:15:20,all,0.19,0,0.31,0,0,99.5,0.5
18:15:21,all,0.34,0,0.44,0,0,99.22,0.78
18:15:22,all,0.28,0,0.47,0,0,99.25,0.75
18:15:23,all,0.16,0,0.22,0,0,99.62,0.38
18:15:24,all,0.13,0,0.41,0,0,99.47,0.53
18:15:25,all,0.28,0,0.35,0,0,99.37,0.63
18:15:26,all,0.16,0,0.28,0,0,99.56,0.44
18:15:27,all,0.22,0,0.44,0,0,99.34,0.66
18:15:28,all,0.22,0,0.31,0,0,99.47,0.53
18:15:29,all,0.25,0,0.31,0,0,99.44,0.56
18:15:30,all,0.28,0,0.47,0,0,99.25,0.75
18:15:31,all,0.19,0,0.22,0,0,99.59,0.41
18:15:32,all,0.35,0,0.31,0,0,99.34,0.66
18:15:33,all,0.31,0,0.31,0,0,99.37,0.63
18:15:34,all,0.22,0,0.19,0,0,99.59,0.41
18:15:35,all,0.38,0,0.38,0,0,99.25,0.75
18:15:36,all,0.41,0,0.41,0,0,99.19,0.81
18:15:37,all,0.22,0,0.31,0,0,99.47,0.53
18:15:38,all,0.25,0,0.44,0,0,99.31,0.69
18:15:39,all,0.38,0,0.31,0,0,99.31,0.69
18:15:40,all,0.19,0,0.22,0,0,99.59,0.41
18:15:41,all,0.25,0,0.5,0,0,99.25,0.75
18:15:42,all,0.19,0,0.19,0,0,99.62,0.38
18:15:43,all,0.25,0,0.47,0,0,99.28,0.72
18:15:44,all,0.25,0,0.34,0,0,99.4,0.6
18:15:45,all,0.16,0,0.19,0,0,99.65,0.35
18:15:46,all,0.25,0,0.31,0,0,99.44,0.56
18:15:47,all,0.38,0,0.31,0,0,99.31,0.69
18:15:48,all,0.22,0,0.28,0,0,99.5,0.5
18:15:49,all,0.28,0,0.41,0,0,99.31,0.69
18:15:50,all,0.22,0,0.35,0,0,99.43,0.57
18:15:51,all,0.13,0,0.31,0,0,99.56,0.44
18:15:52,all,0.22,0,0.47,0,0,99.31,0.69
18:15:53,all,0.22,0,0.25,0,0,99.53,0.47
18:15:54,all,0.44,0,0.41,0,0,99.15,0.85
18:15:55,all,0.31,0,0.41,0,0,99.28,0.72
18:15:56,all,0.25,0,0.34,0,0,99.4,0.6
18:15:57,all,0.25,0,0.44,0,0,99.31,0.69
18:15:58,all,0.25,0,0.47,0,0,99.28,0.72
18:15:59,all,0.19,0,0.19,0,0,99.62,0.38
18:16:00,all,0.28,0,0.31,0,0,99.4,0.6
18:16:01,all,0.25,0,0.47,0,0,99.28,0.72
18:16:02,all,0.25,0,0.19,0,0,99.56,0.44
18:16:03,all,0.22,0,0.41,0,0,99.37,0.63
18:16:04,all,0.19,0,0.44,0,0,99.37,0.63
18:16:05,all,0.19,0,0.25,0,0,99.56,0.44
18:16:06,all,0.25,0,0.41,0,0,99.34,0.66
18:16:07,all,0.19,0,0.28,0,0,99.53,0.47
18:16:08,all,0.31,0,0.41,0,0,99.28,0.72
18:16:09,all,0.34,0,0.41,0,0,99.25,0.75
18:16:10,all,0.35,0,0.25,0,0,99.4,0.6
18:16:11,all,0.22,0,0.38,0,0,99.4,0.6
18:16:12,all,0.19,0,0.38,0,0,99.44,0.56
18:16:13,all,0.22,0,0.19,0,0,99.59,0.41
18:16:14,all,0.22,0,0.38,0,0,99.4,0.6
18:16:15,all,0.25,0,0.35,0,0,99.4,0.6
18:16:16,all,0.13,0,0.28,0,0,99.59,0.41
18:16:17,all,0.22,0,0.35,0,0,99.44,0.56
18:16:18,all,0.22,0,0.22,0,0,99.56,0.44
18:16:19,all,0.41,0,0.38,0,0,99.22,0.78
18:16:20,all,0.22,0,0.41,0,0,99.37,0.63
18:16:21,all,0.25,0,0.25,0,0,99.5,0.5
18:16:22,all,0.31,0,0.38,0,0,99.31,0.69
18:16:23,all,0.31,0,0.38,0,0,99.31,0.69
18:16:24,all,0.25,0,0.25,0,0,99.5,0.5
18:16:25,all,0.25,0,0.35,0,0,99.4,0.6
18:16:26,all,0.22,0,0.38,0,0,99.4,0.6
18:16:27,all,0.16,0,0.22,0,0,99.62,0.38
18:16:28,all,0.31,0,0.38,0,0,99.31,0.69
18:16:29,all,0.28,0,0.41,0,0,99.31,0.69
18:16:30,all,0.16,0,0.25,0,0,99.59,0.41
18:16:31,all,0.28,0,0.34,0,0,99.37,0.63
18:16:32,all,0.19,0,0.16,0,0,99.65,0.35
18:16:33,all,0.31,0,0.38,0,0,99.31,0.69
18:16:34,all,0.19,0,0.44,0,0,99.37,0.63
18:16:35,all,0.19,0,0.22,0,0,99.59,0.41
18:16:36,all,0.25,0,0.28,0,0,99.47,0.53
18:16:37,all,0.25,0,0.41,0,0,99.34,0.66
18:16:38,all,0.19,0,0.34,0,0,99.47,0.53
18:16:39,all,0.38,0,0.44,0,0,99.19,0.81
18:16:40,all,0.25,0,0.38,0,0,99.37,0.63
18:16:41,all,0.19,0,0.22,0,0,99.59,0.41
18:16:42,all,0.19,0,0.35,0,0,99.47,0.53
18:16:43,all,0.28,0,0.31,0,0,99.4,0.6
18:16:44,all,0.31,0,0.28,0,0,99.4,0.6
18:16:45,all,0.22,0,0.31,0,0,99.47,0.53
18:16:46,all,0.16,0,0.25,0,0,99.59,0.41
18:16:47,all,0.34,0,0.28,0,0,99.37,0.63
18:16:48,all,0.28,0,0.41,0,0,99.31,0.69
18:16:49,all,0.19,0,0.25,0,0,99.56,0.44
18:16:50,all,0.28,0,0.28,0,0,99.44,0.56
18:16:51,all,0.25,0,0.38,0,0,99.37,0.63
18:16:52,all,0.22,0,0.19,0,0,99.59,0.41
18:16:53,all,0.16,0,0.44,0,0,99.4,0.6
18:16:54,all,0.38,0,0.44,0,0,99.19,0.81
18:16:55,all,0.16,0,0.22,0,0,99.62,0.38
18:16:56,all,0.38,0,0.38,0.03,0,99.22,0.78
18:16:57,all,0.22,0,0.28,0,0,99.5,0.5
18:16:58,all,0.31,0,0.44,0,0,99.25,0.75
18:16:59,all,0.25,0,0.38,0,0,99.37,0.63
18:17:00,all,0.16,0,0.22,0,0,99.62,0.38
18:17:01,all,0.34,0,0.47,0,0,99.19,0.81
18:17:02,all,0.28,0,0.38,0,0,99.34,0.66
18:17:03,all,0.19,0,0.31,0,0,99.5,0.5
18:17:04,all,0.31,0,0.41,0,0,99.28,0.72
18:17:05,all,0.28,0,0.31,0,0,99.4,0.6
18:17:06,all,0.25,0,0.28,0,0,99.47,0.53
18:17:07,all,0.22,0,0.47,0,0,99.31,0.69
18:17:08,all,0.19,0,0.31,0,0,99.5,0.5
18:17:09,all,0.16,0,0.41,0,0,99.44,0.56
18:17:10,all,0.35,0,0.31,0,0,99.34,0.66
18:17:11,all,0.19,0,0.16,0,0,99.66,0.34
18:17:12,all,0.25,0,0.31,0,0,99.44,0.56
18:17:13,all,0.28,0,0.41,0,0,99.31,0.69
18:17:14,all,0.19,0,0.19,0,0,99.62,0.38
18:17:15,all,0.25,0,0.47,0,0,99.28,0.72
18:17:16,all,0.25,0,0.35,0,0,99.4,0.6
18:17:17,all,0.22,0,0.28,0,0,99.5,0.5
18:17:18,all,0.28,0,0.38,0,0,99.34,0.66
18:17:19,all,0.31,0,0.38,0,0,99.31,0.69
18:17:20,all,0.25,0,0.22,0,0,99.53,0.47
18:17:21,all,0.31,0,0.41,0,0,99.28,0.72
18:17:22,all,0.19,0,0.25,0,0,99.56,0.44
18:17:23,all,0.19,0,0.41,0,0,99.4,0.6
18:17:24,all,0.19,0,0.38,0,0,99.44,0.56
18:17:25,all,0.19,0,0.31,0,0,99.5,0.5
18:17:26,all,0.25,0,0.41,0,0,99.34,0.66
18:17:27,all,0.28,0,0.25,0,0,99.47,0.53
18:17:28,all,0.19,0,0.25,0,0,99.56,0.44
18:17:29,all,0.34,0,0.44,0,0,99.22,0.78
18:17:30,all,0.19,0,0.35,0,0,99.47,0.53
18:17:31,all,0.25,0,0.25,0,0,99.5,0.5
18:17:32,all,0.28,0,0.28,0,0,99.44,0.56
18:17:33,all,0.16,0,0.31,0,0,99.53,0.47
18:17:34,all,0.34,0,0.31,0,0,99.34,0.66
18:17:35,all,0.22,0,0.44,0,0,99.34,0.66
18:17:36,all,0.22,0,0.25,0,0,99.53,0.47
18:17:37,all,0.31,0,0.38,0,0,99.31,0.69
18:17:38,all,0.25,0,0.41,0,0,99.34,0.66
18:17:39,all,0.13,0,0.16,0,0,99.72,0.28
18:17:40,all,0.16,0,0.35,0,0,99.5,0.5
18:17:41,all,0.38,0,0.41,0,0,99.22,0.78
18:17:42,all,0.19,0,0.22,0,0,99.59,0.41
18:17:43,all,0.22,0,0.47,0,0,99.31,0.69
18:17:44,all,0.28,0,0.38,0,0,99.34,0.66
18:17:45,all,0.13,0,0.19,0,0,99.69,0.31
18:17:46,all,0.25,0,0.34,0,0,99.4,0.6
18:17:47,all,0.19,0,0.22,0,0,99.59,0.41
18:17:48,all,0.28,0,0.28,0,0,99.44,0.56
18:17:49,all,0.28,0,0.28,0,0,99.44,0.56
18:17:50,all,0.16,0,0.25,0,0,99.59,0.41
18:17:51,all,0.34,0,0.34,0,0,99.31,0.69
18:17:52,all,0.25,0,0.5,0,0,99.25,0.75
18:17:53,all,0.22,0,0.22,0,0,99.56,0.44
18:17:54,all,0.97,0,1,0,0,98.02,1.98
18:17:55,all,0.19,0,0.47,0,0,99.34,0.66
18:17:56,all,0.25,0,0.19,0,0,99.56,0.44
18:17:57,all,0.19,0,0.31,0,0,99.5,0.5
18:17:58,all,0.19,0,0.31,0,0,99.5,0.5
18:17:59,all,0.25,0,0.22,0,0,99.53,0.47
18:18:00,all,0.78,0,0.38,0,0,98.84,1.16
18:18:01,all,0.25,0,0.22,0,0,99.53,0.47
18:18:02,all,0.22,0,0.31,0,0,99.47,0.53
18:18:03,all,0.22,0,0.31,0,0,99.47,0.53
18:18:04,all,0.16,0,0.22,0,0,99.62,0.38
18:18:05,all,0.19,0,0.34,0,0,99.47,0.53
18:18:06,all,0.25,0,0.28,0,0,99.47,0.53
18:18:07,all,0.19,0,0.22,0,0,99.59,0.41
18:18:08,all,0.25,0,0.31,0,0,99.44,0.56
18:18:09,all,0.22,0,0.28,0,0,99.5,0.5
18:18:10,all,0.38,0,0.16,0,0,99.47,0.53
18:18:11,all,0.5,0,0.31,0,0,99.18,0.82
18:18:12,all,0.22,0,0.22,0,0,99.56,0.44
18:18:13,all,0.25,0,0.25,0,0,99.5,0.5
18:18:14,all,0.16,0,0.35,0,0,99.5,0.5
18:18:15,all,0.25,0,0.28,0,0,99.47,0.53
18:18:16,all,1.04,0,0.85,0,0,98.12,1.88
18:18:17,all,0.22,0,0.34,0,0,99.44,0.56
18:18:18,all,0.22,0,0.28,0,0,99.5,0.5
18:18:19,all,0.34,0,0.34,0,0,99.31,0.69
18:18:20,all,0.25,0,0.34,0,0,99.4,0.6
18:18:21,all,0.22,0,0.28,0,0,99.5,0.5
18:18:22,all,0.28,0,0.34,0,0,99.37,0.63
18:18:23,all,0.25,0,0.19,0,0,99.56,0.44
18:18:24,all,0.25,0,0.28,0,0,99.47,0.53
18:18:25,all,0.22,0,0.41,0,0,99.37,0.63
18:18:26,all,2.51,0,0.82,0,0,96.68,3.32
18:18:27,all,2.97,0,0.5,0,0,96.53,3.47
18:18:28,all,0.22,0,0.28,0,0,99.5,0.5
18:18:29,all,0.19,0,0.28,0,0,99.53,0.47
18:18:30,all,0.28,0,0.28,0,0,99.44,0.56
18:18:31,all,0.25,0,0.41,0,0,99.34,0.66
18:18:32,all,0.16,0,0.16,0,0,99.69,0.31
18:18:33,all,0.25,0,0.38,0,0,99.37,0.63
18:18:34,all,0.19,0,0.31,0,0,99.5,0.5
18:18:35,all,0.16,0,0.19,0,0,99.66,0.34
18:18:36,all,0.19,0,0.28,0,0,99.53,0.47
18:18:37,all,0.19,0,0.16,0,0,99.66,0.34
18:18:38,all,0.25,0,0.31,0,0,99.44,0.56
18:18:39,all,0.16,0,0.38,0,0,99.47,0.53
18:18:40,all,0.13,0,0.31,0,0,99.56,0.44
18:18:41,all,0.25,0,0.25,0,0,99.5,0.5
18:18:42,all,0.22,0,0.28,0,0,99.5,0.5
18:18:43,all,0.13,0,0.28,0,0,99.59,0.41
18:18:44,all,0.22,0,0.44,0,0,99.34,0.66
18:18:45,all,0.25,0,0.44,0,0,99.31,0.69
18:18:46,all,0.13,0,0.28,0,0,99.59,0.41
18:18:47,all,0.25,0,0.28,0,0,99.47,0.53
18:18:48,all,0.25,0,0.22,0,0,99.53,0.47
18:18:49,all,0.19,0,0.28,0,0,99.53,0.47
18:18:50,all,0.25,0,0.38,0,0,99.37,0.63
18:18:51,all,0.19,0,0.28,0,0,99.53,0.47
18:18:52,all,0.16,0,0.35,0,0,99.5,0.5
18:18:53,all,0.16,0,0.34,0,0,99.5,0.5
18:18:54,all,0.13,0,0.22,0,0,99.66,0.34
18:18:55,all,0.31,0,0.31,0,0,99.37,0.63
18:18:56,all,0.22,0,0.31,0,0,99.47,0.53
18:18:57,all,0.22,0,0.16,0,0,99.62,0.38
18:18:58,all,0.19,0,0.34,0,0,99.47,0.53
18:18:59,all,0.25,0,0.28,0,0,99.47,0.53
18:19:00,all,0.22,0,0.22,0,0,99.56,0.44
18:19:01,all,0.22,0,0.38,0,0,99.4,0.6
18:19:02,all,0.06,0,0.16,0,0,99.78,0.22
18:19:03,all,0.34,0,0.34,0,0,99.31,0.69
18:19:04,all,0.25,0,0.38,0,0,99.37,0.63
18:19:05,all,0.22,0,0.25,0,0,99.53,0.47
18:19:06,all,0.19,0,0.31,0,0,99.5,0.5
18:19:07,all,0.16,0,0.41,0,0,99.44,0.56
18:19:08,all,0.09,0,0.38,0,0,99.53,0.47
18:19:09,all,0.41,0,0.28,0,0,99.31,0.69
18:19:10,all,1.07,0,0.82,0,0,98.12,1.88
18:19:11,all,0.28,0,0.22,0,0,99.5,0.5
18:19:12,all,0.19,0,0.28,0,0,99.53,0.47
18:19:13,all,0.13,0,0.31,0,0,99.56,0.44
18:19:14,all,0.19,0,0.25,0,0,99.56,0.44
18:19:15,all,0.25,0,0.34,0,0,99.4,0.6
18:19:16,all,0.19,0,0.16,0,0,99.66,0.34
18:19:17,all,0.25,0,0.31,0,0,99.44,0.56
18:19:18,all,0.19,0,0.34,0,0,99.47,0.53
18:19:19,all,0.13,0,0.19,0,0,99.69,0.31
18:19:20,all,0.31,0,0.22,0,0,99.47,0.53
18:19:21,all,0.22,0,0.28,0,0,99.5,0.5
18:19:22,all,0.09,0,0.19,0,0,99.72,0.28
18:19:23,all,0.31,0,0.31,0,0,99.37,0.63
18:19:24,all,0.25,0,0.25,0,0,99.5,0.5
18:19:25,all,0.19,0,0.16,0,0,99.66,0.34
18:19:26,all,0.28,0,0.34,0,0,99.37,0.63
18:19:27,all,0.09,0,0.25,0,0,99.66,0.34
18:19:28,all,0.25,0,0.5,0,0,99.25,0.75
18:19:29,all,0.13,0,0.41,0,0,99.47,0.53
18:19:30,all,0.16,0,0.19,0,0,99.66,0.34
18:19:31,all,0.19,0,0.44,0,0,99.37,0.63
18:19:32,all,0.22,0,0.44,0,0,99.34,0.66
18:19:33,all,0.09,0,0.25,0,0,99.66,0.34
18:19:34,all,0.22,0,0.31,0,0,99.47,0.53
18:19:35,all,0.16,0,0.31,0,0,99.53,0.47
18:19:36,all,0.13,0,0.22,0,0,99.66,0.34
18:19:37,all,0.19,0,0.31,0,0,99.5,0.5
18:19:38,all,0.25,0,0.34,0,0,99.4,0.6
18:19:39,all,0.22,0,0.13,0,0,99.66,0.34
18:19:40,all,0.22,0,0.34,0,0,99.44,0.56
18:19:41,all,0.09,0,0.19,0,0,99.72,0.28
18:19:42,all,0.22,0,0.34,0,0,99.44,0.56
18:19:43,all,0.16,0,0.31,0,0,99.53,0.47
18:19:44,all,0.13,0,0.19,0,0,99.69,0.31
18:19:45,all,0.28,0,0.38,0,0,99.34,0.66
18:19:46,all,0.25,0,0.19,0,0,99.56,0.44
18:19:47,all,0.16,0,0.19,0,0,99.66,0.34
18:19:48,all,0.22,0,0.41,0,0,99.37,0.63
18:19:49,all,0.22,0,0.47,0,0,99.31,0.69
18:19:50,all,0.13,0,0.28,0,0,99.59,0.41
18:19:51,all,0.19,0,0.44,0,0,99.37,0.63
18:19:52,all,0.13,0,0.28,0,0,99.59,0.41
18:19:53,all,0.25,0,0.22,0,0,99.53,0.47
18:19:54,all,0.22,0,0.38,0,0,99.4,0.6
18:19:55,all,0.19,0,0.16,0,0,99.65,0.35
18:19:56,all,0.19,0,0.41,0,0,99.4,0.6
18:19:57,all,0.16,0,0.35,0,0,99.5,0.5
18:19:58,all,0.19,0,0.19,0,0,99.62,0.38
18:19:59,all,0.19,0,0.31,0,0,99.5,0.5
18:20:00,all,0.31,0,0.41,0,0,99.28,0.72
18:20:01,all,0.28,0,0.28,0,0,99.44,0.56
18:20:02,all,0.22,0,0.25,0,0,99.53,0.47
18:20:03,all,0.19,0,0.38,0,0,99.44,0.56
18:20:04,all,0.13,0,0.19,0,0,99.69,0.31
18:20:05,all,0.19,0,0.28,0,0,99.53,0.47
18:20:06,all,0.16,0,0.19,0,0,99.65,0.35
18:20:07,all,0.31,0,0.41,0,0,99.28,0.72
18:20:08,all,0.22,0,0.34,0,0,99.44,0.56
18:20:09,all,0.25,0,0.22,0,0,99.53,0.47
18:20:10,all,0.19,0,0.41,0,0,99.4,0.6
18:20:11,all,0.19,0,0.41,0,0,99.4,0.6
18:20:12,all,0.19,0,0.16,0,0,99.65,0.35
18:20:13,all,0.22,0,0.31,0,0,99.47,0.53
18:20:14,all,0.28,0,0.31,0,0,99.4,0.6
18:20:15,all,0.16,0,0.16,0,0,99.69,0.31
18:20:16,all,0.22,0,0.31,0,0,99.47,0.53
18:20:17,all,0.25,0,0.41,0,0,99.34,0.66
18:20:18,all,0.16,0,0.22,0,0,99.62,0.38
18:20:19,all,0.28,0,0.28,0,0,99.44,0.56
18:20:20,all,0.13,0,0.16,0,0,99.72,0.28
18:20:21,all,0.25,0,0.38,0,0,99.37,0.63
18:20:22,all,0.19,0,0.35,0,0,99.47,0.53
18:20:23,all,0.13,0,0.19,0,0,99.69,0.31
18:20:24,all,0.22,0,0.38,0,0,99.4,0.6
18:20:25,all,0.34,0,0.38,0.16,0,99.12,0.88
18:20:26,all,0.19,0,0.31,0,0,99.5,0.5
18:20:27,all,0.19,0,0.31,0,0,99.5,0.5
18:20:28,all,0.22,0,0.47,0,0,99.31,0.69
18:20:29,all,0.19,0,0.16,0,0,99.65,0.35
18:20:30,all,0.28,0,0.44,0,0,99.28,0.72
18:20:31,all,2.1,0,0.56,0,0,97.34,2.66
18:20:32,all,0.22,0,0.31,0,0,99.47,0.53
18:20:33,all,0.19,0,0.38,0,0,99.44,0.56
18:20:34,all,0.19,0,0.22,0,0,99.59,0.41
18:20:35,all,0.22,0,0.28,0,0,99.5,0.5
18:20:36,all,0.16,0,0.31,0,0,99.53,0.47
18:20:37,all,0.22,0,0.25,0,0,99.53,0.47
18:20:38,all,0.25,0,0.31,0,0,99.44,0.56
18:20:39,all,0.22,0,0.34,0,0,99.44,0.56
18:20:40,all,0.19,0,0.19,0,0,99.62,0.38
18:20:41,all,0.31,0,0.31,0,0,99.37,0.63
18:20:42,all,0.25,0,0.47,0,0,99.28,0.72
18:20:43,all,0.31,0,0.31,0,0,99.37,0.63
18:20:44,all,0.28,0,0.38,0,0,99.34,0.66
18:20:45,all,0.25,0,0.19,0.13,0,99.44,0.56
18:20:46,all,0.31,0,0.41,0,0,99.28,0.72
18:20:47,all,0.25,0,0.31,0,0,99.44,0.56
18:20:48,all,0.22,0,0.19,0,0,99.59,0.41
18:20:49,all,0.28,0,0.38,0,0,99.34,0.66
18:20:50,all,0.28,0,0.44,0,0,99.28,0.72
18:20:51,all,0.25,0,0.31,0,0,99.44,0.56
18:20:52,all,0.35,0,0.38,0,0,99.28,0.72
18:20:53,all,0.31,0,0.41,0,0,99.28,0.72
18:20:54,all,0.25,0,0.28,0,0,99.47,0.53
18:20:55,all,0.25,0,0.38,0,0,99.37,0.63
18:20:56,all,0.22,0,0.31,0,0,99.47,0.53
18:20:57,all,0.16,0,0.22,0,0,99.62,0.38
18:20:58,all,0.28,0,0.25,0,0,99.47,0.53
18:20:59,all,0.16,0,0.22,0,0,99.62,0.38
18:21:00,all,0.22,0,0.34,0.03,0,99.4,0.6
18:21:01,all,0.47,0,0.38,0,0,99.15,0.85
18:21:02,all,0.25,0,0.19,0,0,99.56,0.44
18:21:03,all,0.31,0,0.19,0,0,99.5,0.5
18:21:04,all,0.28,0,0.31,0,0,99.4,0.6
18:21:05,all,0.06,0,0.16,0,0,99.78,0.22
18:21:06,all,0.25,0,0.31,0,0,99.44,0.56
18:21:07,all,0.22,0,0.28,0,0,99.5,0.5
18:21:08,all,0.13,0,0.28,0,0,99.59,0.41
18:21:09,all,0.25,0,0.31,0,0,99.44,0.56
18:21:10,all,0.16,0,0.19,0,0,99.65,0.35
18:21:11,all,0.38,0,0.34,0,0,99.28,0.72
18:21:12,all,0.25,0,0.31,0,0,99.44,0.56
18:21:13,all,0.13,0,0.28,0,0,99.59,0.41
18:21:14,all,0.22,0,0.35,0,0,99.44,0.56
18:21:15,all,0.25,0,0.28,0,0,99.47,0.53
18:21:16,all,0.19,0,0.16,0,0,99.65,0.35
18:21:17,all,0.16,0,0.25,0,0,99.59,0.41
18:21:18,all,0.28,0,0.28,0,0,99.44,0.56
18:21:19,all,0.09,0,0.25,0,0,99.65,0.35
18:21:20,all,0.19,0,0.25,0,0,99.56,0.44
18:21:21,all,0.13,0,0.28,0,0,99.59,0.41
18:21:22,all,0.22,0,0.22,0,0,99.56,0.44
18:21:23,all,0.22,0,0.28,0,0,99.5,0.5
18:21:24,all,0.13,0,0.22,0,0,99.66,0.34
18:21:25,all,0.25,0,0.38,0,0,99.37,0.63
18:21:26,all,0.31,0,0.28,0,0,99.4,0.6
18:21:27,all,0.16,0,0.28,0,0,99.56,0.44
18:21:28,all,0.19,0,0.34,0,0,99.47,0.53
18:21:29,all,0.28,0,0.22,0,0,99.5,0.5
18:21:30,all,0.16,0,0.19,0,0,99.66,0.34
18:21:31,all,0.19,0,0.35,0,0,99.47,0.53
18:21:32,all,0.19,0,0.38,0,0,99.44,0.56
18:21:33,all,0.16,0,0.25,0,0,99.59,0.41
18:21:34,all,0.16,0,0.31,0,0,99.53,0.47
18:21:35,all,0.25,0,0.19,0,0,99.56,0.44
18:21:36,all,0.31,0,0.34,0,0,99.34,0.66
18:21:37,all,0.22,0,0.34,0,0,99.44,0.56
18:21:38,all,0.16,0,0.19,0,0,99.66,0.34
18:21:39,all,0.31,0,0.34,0,0,99.34,0.66
18:21:40,all,0.13,0,0.41,0,0,99.47,0.53
18:21:41,all,0.22,0,0.16,0,0,99.62,0.38
18:21:42,all,0.19,0,0.35,0,0,99.47,0.53
18:21:43,all,0.19,0,0.34,0,0,99.47,0.53
18:21:44,all,0.16,0,0.25,0,0,99.59,0.41
18:21:45,all,0.22,0,0.38,0,0,99.4,0.6
18:21:46,all,0.16,0,0.38,0,0,99.47,0.53
18:21:47,all,0.19,0,0.22,0,0,99.59,0.41
18:21:48,all,0.22,0,0.44,0,0,99.34,0.66
18:21:49,all,0.22,0,0.28,0,0,99.5,0.5
18:21:50,all,0.16,0,0.31,0,0,99.53,0.47
18:21:51,all,0.16,0,0.53,0,0,99.31,0.69
18:21:52,all,0.09,0,0.22,0,0,99.69,0.31
18:21:53,all,0.19,0,0.34,0,0,99.47,0.53
18:21:54,all,0.25,0,0.38,0,0,99.37,0.63
18:21:55,all,0.22,0,0.25,0,0,99.53,0.47
18:21:56,all,0.66,0,0.53,0,0,98.81,1.19
18:21:57,all,0.19,0,0.38,0,0,99.44,0.56
18:21:58,all,0.25,0,0.22,0,0,99.53,0.47
18:21:59,all,0.19,0,0.34,0,0,99.47,0.53
18:22:00,all,0.13,0,0.38,0,0,99.5,0.5
18:22:01,all,0.25,0,0.34,0,0,99.4,0.6
18:22:02,all,0.16,0,0.28,0,0,99.56,0.44
18:22:03,all,0.06,0,0.25,0,0,99.69,0.31
18:22:04,all,0.22,0,0.28,0,0,99.5,0.5
18:22:05,all,0.31,0,0.34,0,0,99.34,0.66
18:22:06,all,0.16,0,0.22,0,0,99.62,0.38
18:22:07,all,0.25,0,0.38,0,0,99.37,0.63
18:22:08,all,0.19,0,0.41,0,0,99.4,0.6
18:22:09,all,0.22,0,0.19,0,0,99.59,0.41
18:22:10,all,0.41,0,0.44,0,0,99.15,0.85
18:22:11,all,0.19,0,0.25,0,0,99.56,0.44
18:22:12,all,0.22,0,0.47,0,0,99.31,0.69
18:22:13,all,0.13,0,0.35,0,0,99.53,0.47
18:22:14,all,0.19,0,0.09,0,0,99.72,0.28
18:22:15,all,0.19,0,0.41,0,0,99.4,0.6
18:22:16,all,0.28,0,0.31,0,0,99.4,0.6
18:22:17,all,0.16,0,0.22,0,0,99.62,0.38
18:22:18,all,0.22,0,0.28,0,0,99.5,0.5
18:22:19,all,0.25,0,0.31,0,0,99.44,0.56
18:22:20,all,0.09,0,0.28,0,0,99.62,0.38
18:22:21,all,0.19,0,0.34,0,0,99.47,0.53
18:22:22,all,0.19,0,0.44,0,0,99.37,0.63
18:22:23,all,0.13,0,0.16,0,0,99.72,0.28
18:22:24,all,0.25,0,0.31,0,0,99.44,0.56
18:22:25,all,0.16,0,0.19,0,0,99.65,0.35
18:22:26,all,0.25,0,0.34,0,0,99.4,0.6
18:22:27,all,0.16,0,0.31,0,0,99.53,0.47
18:22:28,all,0.16,0,0.19,0,0,99.65,0.35
18:22:29,all,0.31,0,0.41,0,0,99.28,0.72
18:22:30,all,0.19,0,0.28,0,0,99.53,0.47
18:22:31,all,0.16,0,0.25,0,0,99.59,0.41
18:22:32,all,0.22,0,0.25,0,0,99.53,0.47
18:22:33,all,0.19,0,0.28,0,0,99.53,0.47
18:22:34,all,0.19,0,0.25,0,0,99.56,0.44
18:22:35,all,0.22,0,0.34,0,0,99.44,0.56
18:22:36,all,0.85,0,0.28,0,0,98.87,1.13
18:22:37,all,5.97,0,0.38,0,0,93.65,6.35
18:22:38,all,6.35,0,0.34,0,0,93.3,6.7
18:22:39,all,6.35,0,0.47,0,0,93.19,6.81
18:22:40,all,6.39,0,0.31,0,0,93.3,6.7
18:22:41,all,5.82,0,0.28,0,0,93.89,6.11
18:22:42,all,0.69,0,0.28,0,0,99.03,0.97
18:22:43,all,0.03,0,0.22,0,0,99.75,0.25
18:22:44,all,0.06,0,0.19,0,0,99.75,0.25
18:22:45,all,0.03,0,0.13,0,0,99.84,0.16
18:22:46,all,0.09,0,0.16,0,0,99.75,0.25
18:22:47,all,0.09,0,0.16,0,0,99.75,0.25
18:22:48,all,0.03,0,0.16,0,0,99.81,0.19
18:22:49,all,0.09,0,0.16,0,0,99.75,0.25
18:22:50,all,0.09,0,0.19,0,0,99.72,0.28
18:22:51,all,0.09,0,0.13,0,0,99.78,0.22
18:22:52,all,0.19,0,0.16,0,0,99.66,0.34
18:22:53,all,0.03,0,0.09,0,0,99.87,0.13
18:22:54,all,0.97,0,0.53,0,0,98.49,1.51
18:22:55,all,0.09,0,0.19,0,0,99.72,0.28
18:22:56,all,0.03,0,0.25,0,0,99.72,0.28
18:22:57,all,0.09,0,0.16,0,0,99.75,0.25
18:22:58,all,0.09,0,0.22,0,0,99.69,0.31
18:22:59,all,0.09,0,0.16,0,0,99.75,0.25
18:23:00,all,0.16,0,0.16,0,0,99.69,0.31
18:23:01,all,0.06,0,0.19,0,0,99.75,0.25
18:23:02,all,0.03,0,0.16,0,0,99.81,0.19
18:23:03,all,0.09,0,0.16,0,0,99.75,0.25
18:23:04,all,0.13,0,0.13,0,0,99.75,0.25
18:23:05,all,0.06,0,0.13,0,0,99.81,0.19
18:23:06,all,0.09,0,0.22,0,0,99.69,0.31
18:23:07,all,0.09,0,0.13,0,0,99.78,0.22
18:23:08,all,0.03,0,0.09,0,0,99.87,0.13
18:23:09,all,0.09,0,0.16,0,0,99.75,0.25
18:23:10,all,0.09,0,0.16,0,0,99.75,0.25
18:23:11,all,0.16,0,0.13,0,0,99.72,0.28
18:23:12,all,0.09,0,0.13,0,0,99.78,0.22
18:23:13,all,0.03,0,0.16,0,0,99.81,0.19
18:23:14,all,0.16,0,0.16,0,0,99.69,0.31
18:23:15,all,0.13,0,0.19,0,0,99.69,0.31
18:23:16,all,0.91,0,0.6,0,0,98.5,1.5
18:23:17,all,0.06,0,0.19,0,0,99.75,0.25
18:23:18,all,0.09,0,0.19,0,0,99.72,0.28
18:23:19,all,0.03,0,0.13,0,0,99.84,0.16
18:23:20,all,0.13,0,0.16,0,0,99.72,0.28
18:23:21,all,0.09,0,0.13,0,0,99.78,0.22
18:23:22,all,0.06,0,0.06,0,0,99.87,0.13
18:23:23,all,0.09,0,0.22,0,0,99.69,0.31
18:23:24,all,0.03,0,0.19,0,0,99.78,0.22
18:23:25,all,0.06,0,0.13,0,0,99.81,0.19
18:23:26,all,2.38,0,0.75,0,0,96.87,3.13
18:23:27,all,2.91,0,0.25,0,0,96.84,3.16
18:23:28,all,0.03,0,0.06,0,0,99.91,0.09
18:23:29,all,0.09,0,0.25,0,0,99.66,0.34
18:23:30,all,0.03,0,0.22,0,0,99.75,0.25
18:23:31,all,0.03,0,0.13,0,0,99.84,0.16
18:23:32,all,0.09,0,0.16,0,0,99.75,0.25
18:23:33,all,0.06,0,0.13,0,0,99.81,0.19
18:23:34,all,0.06,0,0.09,0,0,99.84,0.16
18:23:35,all,0.03,0,0.13,0,0,99.84,0.16
18:23:36,all,0.03,0,0.06,0,0,99.91,0.09
18:23:37,all,0.16,0,0.16,0,0,99.69,0.31
18:23:38,all,0.06,0,0.19,0,0,99.75,0.25
18:23:39,all,0.03,0,0.06,0,0,99.91,0.09
18:23:40,all,0.09,0,0.16,0,0,99.75,0.25
18:23:41,all,0.03,0,0.22,0,0,99.75,0.25
18:23:42,all,0,0,0.09,0,0,99.91,0.09
18:23:43,all,0.09,0,0.25,0,0,99.66,0.34
18:23:44,all,0.06,0,0.22,0,0,99.72,0.28
18:23:45,all,0,0,0.09,0,0,99.91,0.09
18:23:46,all,0.13,0,0.19,0,0,99.69,0.31
18:23:47,all,0.09,0,0.13,0,0,99.78,0.22
18:23:48,all,0.03,0,0.09,0,0,99.87,0.13
18:23:49,all,0.13,0,0.13,0,0,99.75,0.25
18:23:50,all,0.13,0,0.19,0,0,99.69,0.31
18:23:51,all,0.06,0,0.06,0,0,99.87,0.13
18:23:52,all,0.09,0,0.16,0,0,99.75,0.25
18:23:53,all,0.09,0,0.13,0,0,99.78,0.22
18:23:54,all,0.06,0,0.16,0,0,99.78,0.22
18:23:55,all,0.06,0,0.25,0,0,99.69,0.31
18:23:56,all,0.03,0,0.09,0,0,99.87,0.13
18:23:57,all,0.13,0,0.13,0,0,99.75,0.25
18:23:58,all,0.09,0,0.16,0,0,99.75,0.25
18:23:59,all,0.06,0,0.13,0,0,99.81,0.19
18:24:00,all,0.06,0,0.22,0,0,99.72,0.28
18:24:01,all,0.09,0,0.13,0,0,99.78,0.22
18:24:02,all,0.09,0,0.16,0,0,99.75,0.25
18:24:03,all,0.03,0,0.19,0,0,99.78,0.22
18:24:04,all,0.06,0,0.22,0,0,99.72,0.28
18:24:05,all,0.03,0,0.13,0,0,99.84,0.16
18:24:06,all,0.06,0,0.16,0,0,99.78,0.22
18:24:07,all,0.13,0,0.09,0,0,99.78,0.22
18:24:08,all,0.09,0,0.19,0,0,99.72,0.28
18:24:09,all,0.28,0,0.28,0,0,99.44,0.56
18:24:10,all,0.85,0,0.6,0,0,98.56,1.44
18:24:11,all,0.03,0,0.09,0,0,99.87,0.13
18:24:12,all,0.13,0,0.13,0,0,99.75,0.25
18:24:13,all,0.06,0,0.19,0,0,99.75,0.25
18:24:14,all,0.09,0,0.19,0,0,99.72,0.28
18:24:15,all,0.09,0,0.13,0,0,99.78,0.22
18:24:16,all,0.03,0,0.16,0,0,99.81,0.19
18:24:17,all,0.03,0,0.19,0,0,99.78,0.22
18:24:18,all,0.09,0,0.19,0,0,99.72,0.28
18:24:19,all,0.13,0,0.09,0,0,99.78,0.22
18:24:20,all,0.06,0,0.16,0,0,99.78,0.22
18:24:21,all,0.06,0,0.19,0,0,99.75,0.25
18:24:22,all,0.03,0,0.09,0,0,99.87,0.13
18:24:23,all,0.06,0,0.16,0,0,99.78,0.22
18:24:24,all,0.19,0,0.13,0,0,99.69,0.31
18:24:25,all,0.03,0,0.22,0,0,99.75,0.25
18:24:26,all,0.09,0,0.19,0,0,99.72,0.28
18:24:27,all,0.06,0,0.13,0,0,99.81,0.19
18:24:28,all,0.06,0,0.13,0,0,99.81,0.19
18:24:29,all,0.06,0,0.16,0,0,99.78,0.22
18:24:30,all,0.13,0,0.22,0,0,99.66,0.34
18:24:31,all,0.06,0,0.13,0,0,99.81,0.19
18:24:32,all,0.06,0,0.19,0,0,99.75,0.25
18:24:33,all,0.06,0,0.19,0,0,99.75,0.25
18:24:34,all,0.06,0,0.09,0,0,99.84,0.16
18:24:35,all,0.13,0,0.13,0,0,99.75,0.25
18:24:36,all,0.09,0,0.13,0,0,99.78,0.22
18:24:37,all,0.09,0,0.16,0,0,99.75,0.25
18:24:38,all,0.06,0,0.16,0,0,99.78,0.22
18:24:39,all,0.06,0,0.13,0,0,99.81,0.19
18:24:40,all,0.03,0,0.22,0,0,99.75,0.25
18:24:41,all,0.09,0,0.16,0,0,99.75,0.25
18:24:42,all,0.03,0,0.13,0,0,99.84,0.16
18:24:43,all,0.06,0,0.19,0,0,99.75,0.25
18:24:44,all,0.03,0,0.19,0,0,99.78,0.22
18:24:45,all,0.09,0,0,0,0,99.91,0.09
18:24:46,all,0.09,0,0.22,0,0,99.69,0.31
18:24:47,all,0.06,0,0.16,0,0,99.78,0.22
18:24:48,all,0.09,0,0.06,0,0,99.84,0.16
18:24:49,all,0.06,0,0.22,0,0,99.72,0.28
18:24:50,all,0.09,0,0.19,0,0,99.72,0.28
18:24:51,all,0.13,0,0.09,0,0,99.78,0.22
18:24:52,all,0.16,0,0.19,0,0,99.66,0.34
18:24:53,all,0.03,0,0.22,0,0,99.75,0.25
18:24:54,all,0.03,0,0.03,0,0,99.94,0.06
18:24:55,all,0.03,0,0.16,0,0,99.81,0.19
18:24:56,all,0.13,0,0.19,0,0,99.69,0.31
18:24:57,all,0.03,0,0.16,0,0,99.81,0.19
18:24:58,all,0.09,0,0.13,0,0,99.78,0.22
18:24:59,all,0.06,0,0.13,0,0,99.81,0.19
18:25:00,all,0.09,0,0.09,0,0,99.81,0.19
18:25:01,all,0.16,0,0.28,0,0,99.56,0.44
18:25:02,all,0.06,0,0.06,0,0,99.87,0.13
18:25:03,all,0.09,0,0.16,0,0,99.75,0.25
18:25:04,all,0.13,0,0.13,0,0,99.75,0.25
18:25:05,all,0.03,0,0.09,0,0,99.87,0.13
18:25:06,all,0.13,0,0.22,0,0,99.66,0.34
18:25:07,all,0.06,0,0.16,0,0,99.78,0.22
18:25:08,all,0,0,0.16,0,0,99.84,0.16
18:25:09,all,0.09,0,0.16,0,0,99.75,0.25
18:25:10,all,0.19,0,0.25,0,0,99.56,0.44
18:25:11,all,0.03,0,0.06,0,0,99.91,0.09
18:25:12,all,0.09,0,0.19,0,0,99.72,0.28
18:25:13,all,0.09,0,0.16,0,0,99.75,0.25
18:25:14,all,0.06,0,0.06,0,0,99.87,0.13
18:25:15,all,0.13,0,0.16,0,0,99.72,0.28
18:25:16,all,0.09,0,0.22,0,0,99.69,0.31
18:25:17,all,0.03,0,0.09,0,0,99.87,0.13
18:25:18,all,0.09,0,0.16,0,0,99.75,0.25
18:25:19,all,0.03,0,0.13,0,0,99.84,0.16
18:25:20,all,0.16,0,0.16,0,0,99.69,0.31
18:25:21,all,0.06,0,0.22,0,0,99.72,0.28
18:25:22,all,0.09,0,0.06,0,0,99.84,0.16
18:25:23,all,0.06,0,0.16,0,0,99.78,0.22
18:25:24,all,0.09,0,0.28,0,0,99.62,0.38
18:25:25,all,0.09,0,0.13,0,0,99.78,0.22
18:25:26,all,0.13,0,0.13,0,0,99.75,0.25
18:25:27,all,0.06,0,0.09,0,0,99.84,0.16
18:25:28,all,0.06,0,0.16,0,0,99.78,0.22
18:25:29,all,0.06,0,0.16,0,0,99.78,0.22
18:25:30,all,0.09,0,0.13,0,0,99.78,0.22
18:25:31,all,0.06,0,0.06,0,0,99.87,0.13
18:25:32,all,0.06,0,0.31,0,0,99.62,0.38
18:25:33,all,0.09,0,0.19,0,0,99.72,0.28
18:25:34,all,0.06,0,0.09,0,0,99.84,0.16
18:25:35,all,0,0,0.19,0,0,99.81,0.19
18:25:36,all,0.06,0,0.19,0,0,99.75,0.25
18:25:37,all,0,0,0.06,0,0,99.94,0.06
18:25:38,all,0.06,0,0.16,0,0,99.78,0.22
18:25:39,all,0.06,0,0.16,0,0,99.78,0.22
18:25:40,all,0.06,0,0.13,0,0,99.81,0.19
18:25:41,all,0.06,0,0.16,0,0,99.78,0.22
18:25:42,all,0.03,0,0.13,0,0,99.84,0.16
18:25:43,all,0.03,0,0.13,0,0,99.84,0.16
18:25:44,all,0.03,0,0.19,0,0,99.78,0.22
18:25:45,all,0.03,0,0.13,0,0,99.84,0.16
18:25:46,all,0.06,0,0.16,0,0,99.78,0.22
18:25:47,all,0.06,0,0.19,0,0,99.75,0.25
18:25:48,all,0.06,0,0.06,0,0,99.87,0.13
18:25:49,all,0.13,0,0.09,0,0,99.78,0.22
18:25:50,all,0.09,0,0.16,0,0,99.75,0.25
18:25:51,all,0,0,0.16,0,0,99.84,0.16
18:25:52,all,0.13,0,0.28,0,0,99.59,0.41
18:25:53,all,0.03,0,0.16,0,0,99.81,0.19
18:25:54,all,0.03,0,0.06,0,0,99.91,0.09
18:25:55,all,0.09,0,0.22,0,0,99.69,0.31
18:25:56,all,0.13,0,0.22,0,0,99.66,0.34
18:25:57,all,0.03,0,0.06,0,0,99.91,0.09
18:25:58,all,0.09,0,0.19,0,0,99.72,0.28
18:25:59,all,0.13,0,0.13,0,0,99.75,0.25
18:26:00,all,0.06,0,0.03,0,0,99.91,0.09
18:26:01,all,0.16,0,0.16,0,0,99.69,0.31
18:26:02,all,0.06,0,0.16,0,0,99.78,0.22
18:26:03,all,0.16,0,0.19,0,0,99.66,0.34
18:26:04,all,0.06,0,0.19,0,0,99.75,0.25
18:26:05,all,0.13,0,0.13,0,0,99.75,0.25
18:26:06,all,0.13,0,0.19,0,0,99.69,0.31
18:26:07,all,0.13,0,0.19,0,0,99.69,0.31
18:26:08,all,0.03,0,0.13,0,0,99.84,0.16
18:26:09,all,0.09,0,0.28,0,0,99.62,0.38
18:26:10,all,0.25,0,0.16,0,0,99.59,0.41
18:26:11,all,0.09,0,0.16,0,0,99.75,0.25
18:26:12,all,0.09,0,0.22,0,0,99.69,0.31
18:26:13,all,0.13,0,0.22,0.03,0,99.62,0.38
18:26:14,all,0.09,0,0.09,0,0,99.81,0.19
