14:43:32	CPU	%user	%nice	%system	%iowait	%steal	%idle
14:43:33	all	0,50	0,00	0,25	0,00	0,00	99,25
14:43:34	all	4,31	0,00	1,27	0,25	0,00	94,16
14:43:35	all	0,76	0,00	0,25	0,00	0,00	98,99
14:43:36	all	12,39	0,00	2,13	0,00	0,00	85,48
14:43:37	all	11,79	0,00	1,76	0,13	0,00	86,32
14:43:38	all	25,72	0,00	1,88	0,00	0,00	72,40
14:43:39	all	50,06	0,00	1,89	0,25	0,00	47,80
14:43:40	all	55,88	0,00	2,12	0,00	0,00	42,00
14:43:41	all	36,60	0,00	1,13	0,00	0,00	62,26
14:43:42	all	27,24	0,00	1,89	0,13	0,00	70,74
14:43:43	all	13,05	0,00	2,28	0,00	0,00	84,66
14:43:44	all	9,61	0,00	2,78	0,63	0,00	86,98
14:43:45	all	8,55	0,00	3,27	0,00	0,00	88,18
14:43:46	all	5,68	0,00	3,54	0,13	0,00	90,66
14:43:47	all	4,81	0,00	2,28	0,00	0,00	92,91
14:43:48	all	5,18	0,00	2,65	0,00	0,00	92,16
14:43:49	all	4,46	0,00	1,53	0,25	0,00	93,76
14:43:50	all	5,32	0,00	2,53	0,00	0,00	92,15
14:43:51	all	11,73	0,00	1,51	0,00	0,00	86,76
14:43:52	all	12,96	0,00	2,26	0,00	0,00	84,78
14:43:53	all	5,70	0,00	2,28	0,00	0,00	92,02
14:43:54	all	4,91	0,00	1,51	0,38	0,00	93,21
14:43:55	all	5,66	0,00	2,52	0,00	0,00	91,82
14:43:56	all	5,53	0,00	1,38	0,13	0,00	92,96
14:43:57	all	4,79	0,00	1,89	0,00	0,00	93,32
14:43:58	all	2,53	0,00	1,65	0,00	0,00	95,82
14:43:59	all	4,64	0,00	2,38	0,38	0,00	92,60
14:44:00	all	4,79	0,00	1,89	0,00	0,00	93,32
14:44:01	all	3,40	0,00	1,26	0,00	0,00	95,35
14:44:02	all	4,91	0,00	2,52	0,00	0,00	92,58
14:44:03	all	3,91	0,00	1,01	0,00	0,00	95,08
14:44:04	all	5,15	0,00	2,14	0,38	0,00	92,34
14:44:05	all	10,28	0,00	1,13	0,13	0,00	88,47
14:44:06	all	6,07	0,00	2,15	0,00	0,00	91,78
14:44:07	all	4,02	0,00	2,13	0,00	0,00	93,85
14:44:08	all	2,65	0,00	1,01	0,00	0,00	96,33
14:44:09	all	4,41	0,00	2,52	0,13	0,00	92,95
14:44:10	all	2,02	0,00	1,76	0,13	0,00	96,10
14:44:11	all	4,15	0,00	2,14	0,13	0,00	93,58
14:44:12	all	1,65	0,00	1,02	0,00	0,00	97,34
14:44:13	all	3,92	0,00	2,28	0,00	0,00	93,81
14:44:14	all	2,65	0,00	2,40	0,13	0,00	94,82
14:44:15	all	3,53	0,00	1,51	0,00	0,00	94,96
14:44:16	all	4,05	0,00	2,28	0,00	0,00	93,68
14:44:17	all	2,15	0,00	1,27	0,00	0,00	96,58
14:44:18	all	3,41	0,00	2,15	0,00	0,00	94,44
14:44:19	all	1,77	0,00	1,14	0,25	0,00	96,83
14:44:20	all	4,28	0,00	2,14	0,00	0,00	93,58
14:44:21	all	1,77	0,00	1,52	0,00	0,00	96,72
14:44:22	all	4,52	0,00	2,14	0,00	0,00	93,34
14:44:23	all	2,02	0,00	2,78	0,13	0,00	95,08
14:44:24	all	3,52	0,00	0,88	0,25	0,00	95,35
14:44:25	all	4,05	0,00	2,15	0,00	0,00	93,80
14:44:26	all	2,40	0,00	0,76	0,00	0,00	96,84
14:44:27	all	3,41	0,00	2,28	0,13	0,00	94,18
14:44:28	all	1,51	0,00	1,39	0,00	0,00	97,10
14:44:29	all	4,04	0,00	2,15	0,25	0,00	93,56
14:44:30	all	2,02	0,00	1,89	0,00	0,00	96,09
14:44:31	all	3,65	0,00	1,89	0,00	0,00	94,47
14:44:32	all	3,79	0,00	2,15	0,00	0,00	94,07
14:44:33	all	2,14	0,00	1,39	0,00	0,00	96,47
14:44:34	all	3,78	0,00	2,64	0,25	0,00	93,32
14:44:35	all	2,27	0,00	1,13	0,13	0,00	96,47
14:44:36	all	3,78	0,00	2,52	0,00	0,00	93,70
14:44:37	all	2,15	0,00	1,14	0,00	0,00	96,72
14:44:38	all	3,91	0,00	2,15	0,00	0,00	93,94
14:44:39	all	2,02	0,00	2,65	0,38	0,00	94,96
14:44:40	all	3,78	0,00	0,76	0,13	0,00	95,34
14:44:41	all	4,14	0,00	2,26	0,00	0,00	93,61
14:44:42	all	2,27	0,00	1,01	0,13	0,00	96,60
14:44:43	all	3,92	0,00	2,03	0,00	0,00	94,05
14:44:44	all	2,14	0,00	1,64	0,25	0,00	95,97
14:44:45	all	3,78	0,00	2,64	0,00	0,00	93,58
14:44:46	all	2,14	0,00	1,26	0,13	0,00	96,47
14:44:47	all	3,54	0,00	2,02	0,00	0,00	94,44
14:44:48	all	3,66	0,00	2,53	0,00	0,00	93,81
14:44:49	all	3,02	0,00	1,01	0,25	0,00	95,72
14:44:50	all	4,02	0,00	2,63	0,00	0,00	93,35
14:44:51	all	1,76	0,00	1,26	0,00	0,00	96,98
14:44:52	all	4,14	0,00	2,38	0,13	0,00	93,35
14:44:53	all	1,26	0,00	1,64	0,00	0,00	97,10
14:44:54	all	3,90	0,00	2,52	0,13	0,00	93,46
14:44:55	all	2,02	0,00	1,77	0,00	0,00	96,22
14:44:56	all	3,65	0,00	1,64	0,13	0,00	94,59
14:44:57	all	4,27	0,00	2,13	0,00	0,00	93,60
14:44:58	all	1,65	0,00	1,27	0,00	0,00	97,08
14:44:59	all	3,40	0,00	2,77	0,25	0,00	93,57
14:45:00	all	1,89	0,00	1,39	0,00	0,00	96,72
14:45:01	all	4,40	0,00	2,26	0,00	0,00	93,34
14:45:02	all	1,77	0,00	1,26	0,63	0,00	96,34
14:45:03	all	4,04	0,00	2,14	0,00	0,00	93,82
14:45:04	all	2,40	0,00	2,27	0,00	0,00	95,33
14:45:05	all	3,03	0,00	1,01	0,00	0,00	95,95
14:45:06	all	4,15	0,00	2,39	0,13	0,00	93,34
14:45:07	all	2,02	0,00	1,01	0,25	0,00	96,72
14:45:08	all	3,41	0,00	2,15	0,13	0,00	94,31
14:45:09	all	1,89	0,00	1,26	0,00	0,00	96,85
14:45:10	all	3,65	0,00	2,27	0,00	0,00	94,08
14:45:11	all	1,52	0,00	0,89	0,00	0,00	97,59
14:45:12	all	3,90	0,00	2,14	0,00	0,00	93,95
14:45:13	all	2,78	0,00	2,27	0,38	0,00	94,57
14:45:14	all	2,77	0,00	1,39	0,00	0,00	95,84
14:45:15	all	3,40	0,00	3,02	0,00	0,00	93,58
14:45:16	all	1,90	0,00	1,14	0,00	0,00	96,96
14:45:17	all	3,16	0,00	2,40	0,00	0,00	94,44
14:45:18	all	1,63	0,00	1,63	0,38	0,00	96,36
14:45:19	all	3,53	0,00	2,40	0,00	0,00	94,07
14:45:20	all	1,76	0,00	1,89	0,00	0,00	96,35
14:45:21	all	3,03	0,00	1,89	0,00	0,00	95,08
14:45:22	all	3,15	0,00	2,52	0,00	0,00	94,33
14:45:23	all	2,26	0,00	1,13	0,13	0,00	96,48
14:45:24	all	3,91	0,00	2,15	0,25	0,00	93,69
14:45:25	all	2,02	0,00	1,39	0,00	0,00	96,60
14:45:26	all	4,02	0,00	2,39	0,00	0,00	93,59
14:45:27	all	1,77	0,00	0,88	0,00	0,00	97,35
14:45:28	all	3,29	0,00	1,90	0,00	0,00	94,81
14:45:29	all	2,53	0,00	2,27	0,25	0,00	94,95
14:45:30	all	3,02	0,00	1,76	0,00	0,00	95,22
14:45:31	all	4,28	0,00	2,02	0,00	0,00	93,70
14:45:32	all	1,77	0,00	0,89	0,00	0,00	97,34
14:45:33	all	3,40	0,00	2,65	0,13	0,00	93,82
14:45:34	all	1,51	0,00	1,26	0,25	0,00	96,97
14:45:35	all	3,28	0,00	2,52	0,00	0,00	94,20
14:45:36	all	2,14	0,00	1,13	0,00	0,00	96,73
14:45:37	all	3,16	0,00	2,28	0,00	0,00	94,56
14:45:38	all	2,40	0,00	2,52	0,00	0,00	95,08
14:45:39	all	2,90	0,00	1,26	0,50	0,00	95,34
14:45:40	all	4,15	0,00	2,14	0,00	0,00	93,71
14:45:41	all	1,51	0,00	1,13	0,00	0,00	97,35
14:45:42	all	3,53	0,00	2,52	0,00	0,00	93,95
14:45:43	all	1,77	0,00	1,01	0,00	0,00	97,23
14:45:44	all	3,52	0,00	2,39	0,38	0,00	93,71
14:45:45	all	1,89	0,00	1,64	0,00	0,00	96,47
14:45:46	all	5,42	0,00	2,27	0,00	0,00	92,31
14:45:47	all	4,41	0,00	2,27	0,00	0,00	93,32
14:45:48	all	1,77	0,00	0,76	0,00	0,00	97,47
14:45:49	all	4,15	0,00	2,51	0,38	0,00	92,96
14:45:50	all	1,64	0,00	1,14	0,00	0,00	97,22
14:45:51	all	4,14	0,00	2,38	0,13	0,00	93,35
14:45:52	all	2,27	0,00	1,26	0,00	0,00	96,47
14:45:53	all	3,76	0,00	2,63	0,00	0,00	93,60
14:45:54	all	2,40	0,00	2,02	0,38	0,00	95,20
14:45:55	all	3,66	0,00	1,26	0,00	0,00	95,08
14:45:56	all	4,27	0,00	2,38	0,00	0,00	93,35
14:45:57	all	1,64	0,00	1,14	0,00	0,00	97,22
14:45:58	all	3,63	0,00	2,88	0,00	0,00	93,48
14:45:59	all	2,14	0,00	1,26	0,38	0,00	96,23
14:46:00	all	3,40	0,00	2,52	0,00	0,00	94,08
14:46:01	all	1,64	0,00	1,26	0,00	0,00	97,10
14:46:02	all	4,02	0,00	2,38	0,00	0,00	93,60
14:46:03	all	3,65	0,00	2,52	0,00	0,00	93,84
14:46:04	all	2,91	0,00	1,26	0,00	0,00	95,83
14:46:05	all	3,65	0,00	2,52	0,00	0,00	93,84
14:46:06	all	2,02	0,00	1,01	0,13	0,00	96,85
14:46:07	all	4,16	0,00	2,52	0,00	0,00	93,32
14:46:08	all	1,77	0,00	1,01	0,00	0,00	97,23
14:46:09	all	3,53	0,00	2,39	0,13	0,00	93,95
14:46:10	all	1,39	0,00	1,89	0,00	0,00	96,72
14:46:11	all	3,14	0,00	1,89	0,13	0,00	94,84
14:46:12	all	3,52	0,00	2,51	0,00	0,00	93,97
14:46:13	all	1,89	0,00	1,26	0,00	0,00	96,85
14:46:14	all	4,16	0,00	1,77	0,38	0,00	93,69
14:46:15	all	1,88	0,00	1,13	0,00	0,00	96,98
14:46:16	all	3,66	0,00	2,02	0,00	0,00	94,32
14:46:17	all	1,13	0,00	1,64	0,00	0,00	97,23
14:46:18	all	3,53	0,00	2,27	0,00	0,00	94,21
14:46:19	all	1,76	0,00	2,64	0,25	0,00	95,35
14:46:20	all	3,39	0,00	1,51	0,13	0,00	94,97
14:46:21	all	3,89	0,00	2,14	0,13	0,00	93,84
14:46:22	all	1,52	0,00	1,52	0,00	0,00	96,97
14:46:23	all	3,76	0,00	2,63	0,00	0,00	93,60
14:46:24	all	1,64	0,00	1,14	0,13	0,00	97,09
14:46:25	all	4,03	0,00	2,27	0,00	0,00	93,70
14:46:26	all	1,26	0,00	1,64	0,00	0,00	97,10
14:46:27	all	3,89	0,00	2,51	0,00	0,00	93,60
14:46:28	all	2,27	0,00	2,39	0,13	0,00	95,21
14:46:29	all	3,40	0,00	1,26	0,00	0,00	95,35
14:46:30	all	4,27	0,00	2,01	0,00	0,00	93,73
14:46:31	all	1,27	0,00	1,14	0,00	0,00	97,59
14:46:32	all	3,53	0,00	2,27	0,00	0,00	94,21
14:46:33	all	1,39	0,00	1,26	0,00	0,00	97,36
14:46:34	all	3,41	0,00	2,27	0,13	0,00	94,19
14:46:35	all	2,02	0,00	1,14	0,00	0,00	96,84
14:46:36	all	3,27	0,00	2,14	0,00	0,00	94,58
14:46:37	all	3,40	0,00	2,01	0,00	0,00	94,59
14:46:38	all	1,51	0,00	1,63	0,13	0,00	96,73
14:46:39	all	4,03	0,00	2,26	0,13	0,00	93,58
14:46:40	all	1,77	0,00	0,76	0,13	0,00	97,35
14:46:41	all	3,39	0,00	2,38	0,13	0,00	94,10
14:46:42	all	1,27	0,00	1,01	0,00	0,00	97,72
14:46:43	all	3,40	0,00	2,27	0,00	0,00	94,33
14:46:44	all	1,77	0,00	2,03	0,13	0,00	96,08
14:46:45	all	3,27	0,00	1,38	0,13	0,00	95,23
14:46:46	all	3,03	0,00	2,40	0,00	0,00	94,57
14:46:47	all	1,77	0,00	0,76	0,00	0,00	97,47
14:46:48	all	3,26	0,00	3,01	0,13	0,00	93,60
14:46:49	all	1,13	0,00	1,64	0,13	0,00	97,10
14:46:50	all	3,28	0,00	2,40	0,00	0,00	94,33
14:46:51	all	1,39	0,00	0,76	0,00	0,00	97,85
14:46:52	all	3,64	0,00	2,38	0,00	0,00	93,98
14:46:53	all	2,14	0,00	2,64	0,00	0,00	95,22
14:46:54	all	2,52	0,00	0,88	0,13	0,00	96,47
14:46:55	all	3,40	0,00	2,52	0,25	0,00	93,83
14:46:56	all	2,39	0,00	1,26	0,00	0,00	96,35
14:46:57	all	3,78	0,00	2,02	0,00	0,00	94,20
14:46:58	all	1,26	0,00	1,01	0,00	0,00	97,72
14:46:59	all	5,18	0,00	1,64	0,13	0,00	93,06
14:47:00	all	1,90	0,00	1,39	0,25	0,00	96,46
14:47:01	all	3,16	0,00	1,52	0,00	0,00	95,32
14:47:02	all	3,64	0,00	2,14	0,00	0,00	94,22
14:47:03	all	1,64	0,00	1,13	0,00	0,00	97,23
14:47:04	all	3,88	0,00	2,76	0,00	0,00	93,36
14:47:05	all	1,51	0,00	1,26	0,38	0,00	96,86
14:47:06	all	3,52	0,00	2,26	0,00	0,00	94,21
14:47:07	all	1,64	0,00	0,88	0,00	0,00	97,48
14:47:08	all	3,14	0,00	2,39	0,00	0,00	94,47
14:47:09	all	2,02	0,00	2,02	0,00	0,00	95,96
14:47:10	all	3,27	0,00	1,01	0,25	0,00	95,47
14:47:11	all	3,27	0,00	2,52	0,13	0,00	94,08
14:47:12	all	1,01	0,00	1,26	0,00	0,00	97,72
14:47:13	all	3,39	0,00	2,76	0,00	0,00	93,85
14:47:14	all	1,39	0,00	0,76	0,00	0,00	97,85
14:47:15	all	3,52	0,00	2,51	0,25	0,00	93,72
14:47:16	all	1,51	0,00	1,13	0,00	0,00	97,35
14:47:17	all	3,02	0,00	2,76	0,13	0,00	94,10
14:47:18	all	2,39	0,00	2,52	0,00	0,00	95,09
14:47:19	all	2,02	0,00	1,26	0,00	0,00	96,72
14:47:20	all	3,16	0,00	2,40	0,13	0,00	94,32
14:47:21	all	1,25	0,00	1,63	0,13	0,00	96,99
14:47:22	all	3,15	0,00	2,14	0,00	0,00	94,70
14:47:23	all	1,14	0,00	1,01	0,13	0,00	97,73
14:47:24	all	3,15	0,00	2,40	0,00	0,00	94,45
14:47:25	all	1,65	0,00	1,52	0,13	0,00	96,71
14:47:26	all	3,03	0,00	1,64	0,00	0,00	95,33
14:47:27	all	3,27	0,00	2,39	0,00	0,00	94,33
14:47:28	all	1,64	0,00	1,26	0,00	0,00	97,11
14:47:29	all	3,42	0,00	1,90	0,00	0,00	94,68
14:47:30	all	1,64	0,00	1,13	0,38	0,00	96,85
14:47:31	all	3,16	0,00	2,27	0,00	0,00	94,57
14:47:32	all	0,89	0,00	1,01	0,00	0,00	98,10
14:47:33	all	3,15	0,00	2,39	0,00	0,00	94,46
14:47:34	all	1,90	0,00	2,15	0,00	0,00	95,95
14:47:35	all	2,64	0,00	1,26	0,25	0,00	95,84
14:47:36	all	4,15	0,00	2,01	0,25	0,00	93,59
14:47:37	all	1,65	0,00	0,63	0,00	0,00	97,72
14:47:38	all	3,53	0,00	2,14	0,00	0,00	94,33
14:47:39	all	1,38	0,00	1,51	0,00	0,00	97,11
14:47:40	all	3,03	0,00	2,15	0,38	0,00	94,44
14:47:41	all	1,51	0,00	1,39	0,00	0,00	97,10
14:47:42	all	3,03	0,00	1,64	0,00	0,00	95,32
14:47:43	all	3,15	0,00	2,14	0,00	0,00	94,70
14:47:44	all	1,89	0,00	1,13	0,13	0,00	96,86
14:47:45	all	3,30	0,00	1,90	0,13	0,00	94,68
14:47:46	all	1,39	0,00	1,13	0,00	0,00	97,48
14:47:47	all	3,15	0,00	2,40	0,00	0,00	94,45
14:47:48	all	1,39	0,00	0,88	0,00	0,00	97,73
14:47:49	all	3,40	0,00	2,14	0,00	0,00	94,45
14:47:50	all	1,64	0,00	2,27	0,25	0,00	95,84
14:47:51	all	3,03	0,00	1,14	0,00	0,00	95,83
14:47:52	all	3,51	0,00	2,51	0,13	0,00	93,85
14:47:53	all	1,51	0,00	1,26	0,00	0,00	97,23
14:47:54	all	4,01	0,00	2,26	0,00	0,00	93,73
14:47:55	all	1,52	0,00	0,76	0,25	0,00	97,47
14:47:56	all	3,53	0,00	2,27	0,00	0,00	94,20
14:47:57	all	1,14	0,00	1,39	0,00	0,00	97,47
14:47:58	all	3,76	0,00	2,51	0,00	0,00	93,73
14:47:59	all	2,27	0,00	2,40	0,00	0,00	95,33
14:48:00	all	2,90	0,00	0,88	0,38	0,00	95,84
14:48:01	all	3,16	0,00	2,27	0,00	0,00	94,57
14:48:02	all	1,64	0,00	1,38	0,00	0,00	96,98
14:48:03	all	3,90	0,00	2,02	0,00	0,00	94,08
14:48:04	all	1,01	0,00	1,39	0,00	0,00	97,61
14:48:05	all	2,90	0,00	2,53	0,25	0,00	94,32
14:48:06	all	1,64	0,00	1,51	0,13	0,00	96,72
14:48:07	all	3,39	0,00	1,88	0,00	0,00	94,72
14:48:08	all	3,27	0,00	2,01	0,00	0,00	94,72
14:48:09	all	1,76	0,00	1,26	0,00	0,00	96,98
14:48:10	all	3,28	0,00	2,27	0,25	0,00	94,19
14:48:11	all	3,39	0,00	1,51	0,00	0,00	95,10
14:48:12	all	5,93	0,00	3,03	0,00	0,00	91,04
14:48:13	all	1,38	0,00	1,38	0,00	0,00	97,24
14:48:14	all	3,52	0,00	2,51	0,00	0,00	93,97
14:48:15	all	0,88	0,00	1,14	0,38	0,00	97,60
14:48:16	all	3,53	0,00	2,02	0,00	0,00	94,46
14:48:17	all	1,38	0,00	1,63	0,00	0,00	96,99
14:48:18	all	2,90	0,00	1,64	0,00	0,00	95,45
14:48:19	all	2,90	0,00	2,14	0,00	0,00	94,96
14:48:20	all	1,77	0,00	0,76	0,25	0,00	97,23
14:48:21	all	3,27	0,00	2,51	0,13	0,00	94,10
14:48:22	all	1,26	0,00	1,39	0,00	0,00	97,35
14:48:23	all	3,40	0,00	2,14	0,00	0,00	94,45
14:48:24	all	1,14	0,00	0,63	0,00	0,00	98,23
14:48:25	all	3,88	0,00	2,62	0,25	0,00	93,25
14:48:26	all	1,77	0,00	1,89	0,00	0,00	96,34
14:48:27	all	2,77	0,00	1,38	0,00	0,00	95,85
14:48:28	all	3,40	0,00	2,27	0,13	0,00	94,20
14:48:29	all	1,39	0,00	1,39	0,00	0,00	97,23
14:48:30	all	3,27	0,00	2,52	0,25	0,00	93,95
14:48:31	all	1,26	0,00	0,88	0,00	0,00	97,86
14:48:32	all	3,29	0,00	1,90	0,00	0,00	94,81
14:48:33	all	1,01	0,00	1,39	0,00	0,00	97,61
14:48:34	all	3,27	0,00	2,26	0,00	0,00	94,47
14:48:35	all	2,27	0,00	2,64	0,13	0,00	94,96
14:48:36	all	2,52	0,00	1,39	0,00	0,00	96,09
14:48:37	all	4,53	0,00	2,39	0,13	0,00	92,95
14:48:38	all	2,02	0,00	1,76	0,00	0,00	96,22
14:48:39	all	3,79	0,00	2,78	0,13	0,00	93,31
14:48:40	all	2,51	0,00	0,88	0,25	0,00	96,36
14:48:41	all	4,02	0,00	2,26	0,13	0,00	93,59
14:48:42	all	3,02	0,00	1,88	0,00	0,00	95,10
14:48:43	all	4,04	0,00	2,15	0,00	0,00	93,81
14:48:44	all	4,27	0,00	2,63	0,13	0,00	92,97
14:48:45	all	2,78	0,00	1,39	0,38	0,00	95,44
14:48:46	all	4,30	0,00	2,53	0,00	0,00	93,17
14:48:47	all	2,64	0,00	1,64	0,13	0,00	95,59
14:48:48	all	3,77	0,00	1,89	0,00	0,00	94,34
14:48:49	all	1,89	0,00	1,01	0,00	0,00	97,10
14:48:50	all	3,39	0,00	2,76	0,25	0,00	93,60
14:48:51	all	1,88	0,00	2,01	0,13	0,00	95,98
14:48:52	all	2,64	0,00	1,76	0,00	0,00	95,59
14:48:53	all	3,40	0,00	2,52	0,13	0,00	93,96
14:48:54	all	1,75	0,00	1,38	0,00	0,00	96,87
14:48:55	all	3,54	0,00	2,15	0,25	0,00	94,07
14:48:56	all	1,39	0,00	1,01	0,00	0,00	97,60
14:48:57	all	3,50	0,00	2,25	0,00	0,00	94,24
14:48:58	all	1,88	0,00	0,88	0,13	0,00	97,11
14:48:59	all	3,27	0,00	2,52	0,00	0,00	94,21
14:49:00	all	3,02	0,00	2,01	0,25	0,00	94,72
14:49:01	all	1,88	0,00	1,51	0,00	0,00	96,61
14:49:02	all	3,16	0,00	2,03	0,00	0,00	94,81
14:49:03	all	2,02	0,00	0,76	0,00	0,00	97,23
14:49:04	all	4,00	0,00	2,00	0,12	0,00	93,88
14:49:05	all	1,76	0,00	1,26	0,25	0,00	96,73
14:49:06	all	3,15	0,00	2,39	0,00	0,00	94,46
14:49:07	all	1,89	0,00	1,76	0,00	0,00	96,35
14:49:08	all	3,27	0,00	1,01	0,00	0,00	95,72
14:49:09	all	3,76	0,00	2,38	0,00	0,00	93,85
14:49:10	all	1,27	0,00	0,89	0,25	0,00	97,59
14:49:11	all	3,26	0,00	2,63	0,00	0,00	94,10
14:49:12	all	1,26	0,00	1,01	0,00	0,00	97,73
14:49:13	all	3,27	0,00	2,14	0,00	0,00	94,58
14:49:14	all	1,26	0,00	1,26	0,13	0,00	97,36
14:49:15	all	3,91	0,00	2,02	0,25	0,00	93,82
14:49:16	all	2,02	0,00	2,27	0,00	0,00	95,71
14:49:17	all	2,39	0,00	1,38	0,00	0,00	96,23
14:49:18	all	3,65	0,00	2,39	0,13	0,00	93,83
14:49:19	all	1,88	0,00	1,25	0,00	0,00	96,86
14:49:20	all	3,27	0,00	2,51	0,50	0,00	93,72
14:49:21	all	1,77	0,00	1,01	0,00	0,00	97,23
14:49:22	all	3,03	0,00	2,40	0,00	0,00	94,58
14:49:23	all	1,26	0,00	1,39	0,00	0,00	97,35
14:49:24	all	3,02	0,00	1,89	0,13	0,00	94,97
14:49:25	all	3,03	0,00	2,02	0,25	0,00	94,69
14:49:26	all	1,51	0,00	1,38	0,13	0,00	96,98
14:49:27	all	4,14	0,00	1,88	0,00	0,00	93,98
14:49:28	all	1,39	0,00	1,13	0,00	0,00	97,48
14:49:29	all	3,54	0,00	1,64	0,00	0,00	94,82
14:49:30	all	1,39	0,00	1,26	0,13	0,00	97,23
14:49:31	all	3,89	0,00	2,14	0,00	0,00	93,97
14:49:32	all	2,01	0,00	2,39	0,00	0,00	95,60
14:49:33	all	2,53	0,00	1,01	0,00	0,00	96,46
14:49:34	all	3,26	0,00	2,51	0,00	0,00	94,23
14:49:35	all	1,27	0,00	1,01	0,13	0,00	97,59
14:49:36	all	3,52	0,00	2,26	0,13	0,00	94,09
14:49:37	all	1,51	0,00	1,13	0,00	0,00	97,36
14:49:38	all	2,76	0,00	2,89	0,00	0,00	94,35
14:49:39	all	1,25	0,00	1,38	0,00	0,00	97,37
14:49:40	all	3,53	0,00	2,14	0,25	0,00	94,08
14:49:41	all	2,14	0,00	2,27	0,00	0,00	95,59
14:49:42	all	1,90	0,00	0,89	0,00	0,00	97,22
14:49:43	all	3,14	0,00	2,39	0,13	0,00	94,34
14:49:44	all	1,38	0,00	1,26	0,00	0,00	97,36
14:49:45	all	3,14	0,00	2,64	0,25	0,00	93,97
14:49:46	all	1,26	0,00	1,38	0,00	0,00	97,36
14:49:47	all	3,41	0,00	2,02	0,00	0,00	94,57
14:49:48	all	1,26	0,00	1,52	0,00	0,00	97,22
14:49:49	all	3,02	0,00	1,76	0,00	0,00	95,22
14:49:50	all	3,27	0,00	2,26	0,38	0,00	94,09
14:49:51	all	1,51	0,00	1,13	0,00	0,00	97,36
14:49:52	all	5,90	0,00	2,14	3,77	0,00	88,19
14:49:53	all	1,38	0,00	1,25	0,13	0,00	97,24
14:49:54	all	2,90	0,00	2,64	0,00	0,00	94,46
14:49:55	all	1,14	0,00	1,01	0,38	0,00	97,47
14:49:56	all	5,26	0,00	2,88	0,00	0,00	91,86
14:49:57	all	6,35	0,00	3,55	0,00	0,00	90,10
14:49:58	all	3,64	0,00	1,25	0,00	0,00	95,11
14:49:59	all	5,28	0,00	2,14	3,39	0,00	89,20
14:50:00	all	1,64	0,00	1,38	0,00	0,00	96,98
14:50:01	all	3,41	0,00	2,02	0,00	0,00	94,57
14:50:02	all	1,14	0,00	1,01	0,13	0,00	97,72
14:50:03	all	3,54	0,00	1,89	0,00	0,00	94,57
14:50:04	all	1,01	0,00	1,13	0,38	0,00	97,48
14:50:05	all	3,38	0,00	2,38	0,00	0,00	94,24
14:50:06	all	2,64	0,00	2,26	0,00	0,00	95,09
14:50:07	all	2,02	0,00	1,01	0,00	0,00	96,97
14:50:08	all	3,52	0,00	2,14	0,00	0,00	94,34
14:50:09	all	1,38	0,00	1,13	0,13	0,00	97,36
14:50:10	all	3,65	0,00	2,01	0,13	0,00	94,21
14:50:11	all	1,01	0,00	1,01	0,13	0,00	97,85
14:50:12	all	3,77	0,00	2,01	0,00	0,00	94,22
14:50:13	all	1,64	0,00	1,64	0,00	0,00	96,73
14:50:14	all	3,40	0,00	1,13	0,00	0,00	95,47
14:50:15	all	3,15	0,00	2,40	0,25	0,00	94,20
14:50:16	all	1,26	0,00	1,14	0,00	0,00	97,60
14:50:17	all	3,29	0,00	1,90	0,00	0,00	94,82
14:50:18	all	1,14	0,00	0,88	0,00	0,00	97,98
14:50:19	all	3,03	0,00	2,40	0,13	0,00	94,45
14:50:20	all	1,01	0,00	0,89	0,13	0,00	97,97
14:50:21	all	3,51	0,00	2,13	0,00	0,00	94,35
14:50:22	all	1,52	0,00	2,53	0,00	0,00	95,96
14:50:23	all	3,26	0,00	1,00	0,00	0,00	95,74
14:50:24	all	3,64	0,00	2,26	0,13	0,00	93,98
14:50:25	all	1,77	0,00	1,01	0,25	0,00	96,97
14:50:26	all	3,16	0,00	2,03	0,00	0,00	94,81
14:50:27	all	1,77	0,00	1,14	0,00	0,00	97,09
14:50:28	all	3,53	0,00	2,02	0,00	0,00	94,46
14:50:29	all	1,51	0,00	1,13	0,00	0,00	97,35
14:50:30	all	3,14	0,00	2,38	0,38	0,00	94,10
14:50:31	all	2,78	0,00	2,02	0,00	0,00	95,20
14:50:32	all	1,89	0,00	1,01	0,00	0,00	97,10
14:50:33	all	3,40	0,00	2,39	0,00	0,00	94,21
14:50:34	all	1,39	0,00	0,63	0,00	0,00	97,97
14:50:35	all	3,27	0,00	2,39	0,38	0,00	93,97
14:50:36	all	0,76	0,00	1,27	0,13	0,00	97,84
14:50:37	all	3,02	0,00	2,39	0,00	0,00	94,58
14:50:38	all	1,76	0,00	1,89	0,00	0,00	96,35
14:50:39	all	3,27	0,00	1,13	0,00	0,00	95,59
14:50:40	all	3,64	0,00	2,26	0,25	0,00	93,84
14:50:41	all	1,38	0,00	1,26	0,00	0,00	97,36
14:50:42	all	4,02	0,00	2,01	0,13	0,00	93,84
14:50:43	all	1,13	0,00	1,13	0,00	0,00	97,73
14:50:44	all	3,39	0,00	2,26	0,00	0,00	94,35
14:50:45	all	1,64	0,00	0,88	0,25	0,00	97,23
14:50:46	all	4,03	0,00	2,14	0,00	0,00	93,83
14:50:47	all	2,64	0,00	2,02	0,00	0,00	95,34
14:50:48	all	1,89	0,00	1,13	0,13	0,00	96,85
14:50:49	all	3,15	0,00	2,52	0,00	0,00	94,33
14:50:50	all	1,38	0,00	1,51	0,25	0,00	96,86
14:50:51	all	3,15	0,00	2,14	0,00	0,00	94,70
14:50:52	all	1,52	0,00	0,88	0,00	0,00	97,60
14:50:53	all	3,52	0,00	2,01	0,00	0,00	94,47
14:50:54	all	1,51	0,00	1,89	0,00	0,00	96,60
14:50:55	all	2,77	0,00	1,51	0,25	0,00	95,46
14:50:56	all	3,27	0,00	2,52	0,00	0,00	94,21
14:50:57	all	1,51	0,00	1,13	0,00	0,00	97,36
14:50:58	all	3,27	0,00	2,26	0,00	0,00	94,47
14:50:59	all	2,53	0,00	0,76	0,00	0,00	96,70
14:51:00	all	3,51	0,00	2,76	0,38	0,00	93,36
14:51:01	all	1,13	0,00	1,26	0,00	0,00	97,61
14:51:02	all	3,52	0,00	2,14	0,00	0,00	94,34
14:51:03	all	1,89	0,00	2,40	0,00	0,00	95,71
14:51:04	all	2,39	0,00	1,01	0,00	0,00	96,60
14:51:05	all	3,52	0,00	2,39	0,25	0,00	93,84
14:51:06	all	1,01	0,00	0,88	0,00	0,00	98,10
14:51:07	all	3,28	0,00	1,89	0,00	0,00	94,82
14:51:08	all	1,26	0,00	1,26	0,00	0,00	97,49
14:51:09	all	3,03	0,00	2,28	0,00	0,00	94,69
14:51:10	all	1,39	0,00	1,14	0,38	0,00	97,10
14:51:11	all	3,14	0,00	1,89	0,00	0,00	94,97
14:51:12	all	3,15	0,00	2,02	0,00	0,00	94,84
14:51:13	all	1,76	0,00	1,13	0,00	0,00	97,10
14:51:14	all	3,40	0,00	2,14	0,00	0,00	94,47
14:51:15	all	1,26	0,00	1,14	0,25	0,00	97,35
14:51:16	all	4,02	0,00	1,88	0,00	0,00	94,10
14:51:17	all	1,13	0,00	1,63	0,00	0,00	97,24
14:51:18	all	3,03	0,00	2,40	0,00	0,00	94,58
14:51:19	all	1,38	0,00	2,39	0,13	0,00	96,10
14:51:20	all	3,15	0,00	1,01	0,13	0,00	95,71
14:51:21	all	3,65	0,00	2,14	0,00	0,00	94,21
14:51:22	all	1,76	0,00	1,01	0,00	0,00	97,23
14:51:23	all	3,14	0,00	2,39	0,13	0,00	94,35
14:51:24	all	1,64	0,00	0,88	0,00	0,00	97,48
14:51:25	all	3,16	0,00	2,27	0,13	0,00	94,44
14:51:26	all	1,01	0,00	1,01	0,00	0,00	97,98
14:51:27	all	3,02	0,00	2,64	0,13	0,00	94,21
14:51:28	all	1,90	0,00	2,15	0,00	0,00	95,95
14:51:29	all	2,14	0,00	1,26	0,13	0,00	96,47
14:51:30	all	3,03	0,00	2,40	0,13	0,00	94,45
14:51:31	all	1,01	0,00	1,01	0,13	0,00	97,85
14:51:32	all	2,77	0,00	2,77	0,00	0,00	94,46
14:51:33	all	3,79	0,00	2,28	0,00	0,00	93,93
14:51:34	all	3,40	0,00	2,27	0,00	0,00	94,33
14:51:35	all	1,63	0,00	1,76	0,38	0,00	96,24
14:51:36	all	2,90	0,00	1,89	0,00	0,00	95,21
14:51:37	all	2,53	0,00	2,28	0,00	0,00	95,20
14:51:38	all	1,14	0,00	1,14	0,00	0,00	97,72
14:51:39	all	3,51	0,00	2,26	0,13	0,00	94,10
14:51:40	all	1,13	0,00	0,88	0,25	0,00	97,73
14:51:41	all	2,89	0,00	2,52	0,00	0,00	94,59
14:51:42	all	1,26	0,00	0,88	0,00	0,00	97,85
14:51:43	all	3,27	0,00	2,26	0,00	0,00	94,47
14:51:44	all	1,76	0,00	2,14	0,00	0,00	96,10
14:51:45	all	2,53	0,00	1,26	0,25	0,00	95,96
14:51:46	all	3,28	0,00	2,02	0,00	0,00	94,70
14:51:47	all	1,14	0,00	1,26	0,00	0,00	97,60
14:51:48	all	3,40	0,00	2,02	0,00	0,00	94,58
14:51:49	all	1,14	0,00	1,01	0,00	0,00	97,85
14:51:50	all	3,15	0,00	2,39	0,25	0,00	94,21
14:51:51	all	1,26	0,00	1,13	0,00	0,00	97,60
14:51:52	all	2,77	0,00	2,27	0,13	0,00	94,84
14:51:53	all	2,76	0,00	2,63	0,00	0,00	94,61
14:51:54	all	2,01	0,00	1,50	0,00	0,00	96,49
14:51:55	all	3,40	0,00	2,39	0,25	0,00	93,96
14:51:56	all	1,14	0,00	1,01	0,00	0,00	97,85
14:51:57	all	3,88	0,00	2,26	0,00	0,00	93,86
14:51:58	all	0,76	0,00	1,14	0,13	0,00	97,98
14:51:59	all	3,25	0,00	2,63	0,00	0,00	94,12
14:52:00	all	1,26	0,00	1,90	0,13	0,00	96,71
14:52:01	all	3,14	0,00	1,51	0,00	0,00	95,36
14:52:02	all	3,03	0,00	2,40	0,00	0,00	94,58
14:52:03	all	1,38	0,00	1,38	0,00	0,00	97,24
14:52:04	all	3,40	0,00	2,39	0,13	0,00	94,09
14:52:05	all	1,52	0,00	0,88	0,13	0,00	97,47
14:52:06	all	3,15	0,00	2,39	0,00	0,00	94,46
14:52:07	all	1,13	0,00	1,63	0,00	0,00	97,24
14:52:08	all	3,14	0,00	2,39	0,00	0,00	94,47
14:52:09	all	1,52	0,00	2,28	0,00	0,00	96,21
14:52:10	all	2,53	0,00	1,14	0,25	0,00	96,08
14:52:11	all	3,65	0,00	2,02	0,00	0,00	94,33
14:52:12	all	1,26	0,00	1,38	0,13	0,00	97,23
14:52:13	all	3,40	0,00	2,26	0,00	0,00	94,34
14:52:14	all	1,51	0,00	0,88	0,13	0,00	97,48
14:52:15	all	2,91	0,00	2,40	0,13	0,00	94,56
14:52:16	all	1,26	0,00	1,14	0,13	0,00	97,47
14:52:17	all	3,27	0,00	2,02	0,00	0,00	94,71
14:52:18	all	2,90	0,00	2,14	0,00	0,00	94,96
14:52:19	all	2,02	0,00	0,76	0,00	0,00	97,22
14:52:20	all	3,78	0,00	1,76	0,25	0,00	94,21
14:52:21	all	1,26	0,00	1,26	0,00	0,00	97,48
14:52:22	all	3,40	0,00	2,14	0,00	0,00	94,46
14:52:23	all	1,39	0,00	1,01	0,00	0,00	97,61
14:52:24	all	3,27	0,00	2,02	0,13	0,00	94,58
14:52:25	all	1,01	0,00	2,28	0,13	0,00	96,59
14:52:26	all	3,02	0,00	1,38	0,13	0,00	95,48
14:52:27	all	3,52	0,00	2,01	0,00	0,00	94,47
14:52:28	all	1,13	0,00	1,13	0,00	0,00	97,73
14:52:29	all	3,53	0,00	1,89	0,00	0,00	94,58
14:52:30	all	1,39	0,00	1,13	0,13	0,00	97,36
14:52:31	all	3,15	0,00	2,27	0,00	0,00	94,58
14:52:32	all	1,01	0,00	1,01	0,00	0,00	97,98
14:52:33	all	3,03	0,00	2,14	0,00	0,00	94,83
14:52:34	all	2,77	0,00	1,89	0,00	0,00	95,34
14:52:35	all	1,77	0,00	1,01	0,25	0,00	96,97
14:52:36	all	3,28	0,00	2,02	0,00	0,00	94,70
14:52:37	all	1,51	0,00	1,13	0,00	0,00	97,36
14:52:38	all	3,54	0,00	1,64	0,00	0,00	94,82
14:52:39	all	1,26	0,00	1,26	0,00	0,00	97,48
14:52:40	all	3,28	0,00	2,14	0,38	0,00	94,20
14:52:41	all	1,26	0,00	2,02	0,00	0,00	96,73
14:52:42	all	2,77	0,00	1,51	0,00	0,00	95,71
14:52:43	all	3,15	0,00	2,39	0,00	0,00	94,46
14:52:44	all	1,26	0,00	0,88	0,00	0,00	97,85
14:52:45	all	3,02	0,00	2,27	0,38	0,00	94,33
14:52:46	all	0,76	0,00	0,89	0,00	0,00	98,35
14:52:47	all	3,64	0,00	2,26	0,00	0,00	94,10
14:52:48	all	1,39	0,00	1,13	0,00	0,00	97,48
14:52:49	all	3,15	0,00	2,52	0,00	0,00	94,33
14:52:50	all	2,02	0,00	2,27	0,25	0,00	95,47
14:52:51	all	2,77	0,00	0,88	0,13	0,00	96,23
14:52:52	all	3,03	0,00	2,40	0,00	0,00	94,58
14:52:53	all	1,01	0,00	1,26	0,00	0,00	97,72
14:52:54	all	3,53	0,00	2,02	0,00	0,00	94,45
14:52:55	all	2,02	0,00	1,13	0,25	0,00	96,60
14:52:56	all	3,53	0,00	1,64	0,00	0,00	94,83
14:52:57	all	1,01	0,00	1,52	0,00	0,00	97,47
14:52:58	all	3,16	0,00	1,64	0,00	0,00	95,20
14:52:59	all	3,91	0,00	1,89	0,13	0,00	94,07
14:53:00	all	1,76	0,00	1,38	0,25	0,00	96,61
14:53:01	all	3,53	0,00	2,02	0,00	0,00	94,45
14:53:02	all	1,01	0,00	1,01	0,00	0,00	97,98
14:53:03	all	3,14	0,00	2,76	0,13	0,00	93,98
14:53:04	all	1,01	0,00	1,01	0,00	0,00	97,98
14:53:05	all	2,65	0,00	2,65	0,13	0,00	94,57
14:53:06	all	1,64	0,00	2,02	0,00	0,00	96,35
14:53:07	all	2,89	0,00	1,26	0,13	0,00	95,73
14:53:08	all	3,27	0,00	2,26	0,00	0,00	94,47
14:53:09	all	1,64	0,00	0,88	0,00	0,00	97,48
14:53:10	all	3,39	0,00	2,39	0,25	0,00	93,97
14:53:11	all	1,64	0,00	0,76	0,00	0,00	97,61
14:53:12	all	2,66	0,00	2,53	0,00	0,00	94,81
14:53:13	all	1,13	0,00	1,01	0,00	0,00	97,86
14:53:14	all	3,14	0,00	2,26	0,13	0,00	94,47
14:53:15	all	2,52	0,00	2,39	0,13	0,00	94,97
14:53:16	all	1,77	0,00	1,01	0,00	0,00	97,22
14:53:17	all	3,65	0,00	1,89	0,00	0,00	94,46
14:53:18	all	0,88	0,00	1,14	0,00	0,00	97,98
14:53:19	all	3,52	0,00	2,14	0,00	0,00	94,35
14:53:20	all	1,01	0,00	0,88	0,25	0,00	97,85
14:53:21	all	2,78	0,00	2,53	0,00	0,00	94,70
14:53:22	all	1,01	0,00	1,90	0,13	0,00	96,97
14:53:23	all	2,77	0,00	1,51	0,00	0,00	95,71
14:53:24	all	3,87	0,00	2,37	0,00	0,00	93,76
14:53:25	all	1,39	0,00	1,26	0,38	0,00	96,98
14:53:26	all	3,64	0,00	2,01	0,13	0,00	94,22
14:53:27	all	1,52	0,00	0,88	0,00	0,00	97,60
14:53:28	all	3,40	0,00	2,27	0,00	0,00	94,33
14:53:29	all	1,01	0,00	0,89	0,00	0,00	98,10
14:53:30	all	3,26	0,00	2,38	0,38	0,00	93,98
14:53:31	all	2,27	0,00	2,14	0,00	0,00	95,59
14:53:32	all	2,51	0,00	1,25	0,00	0,00	96,24
14:53:33	all	3,40	0,00	2,39	0,00	0,00	94,21
14:53:34	all	1,26	0,00	0,88	0,00	0,00	97,86
14:53:35	all	3,39	0,00	2,51	0,25	0,00	93,85
14:53:36	all	1,13	0,00	0,76	0,00	0,00	98,11
14:53:37	all	2,76	0,00	2,38	0,00	0,00	94,86
14:53:38	all	1,39	0,00	1,39	0,13	0,00	97,10
14:53:39	all	3,14	0,00	1,26	0,00	0,00	95,60
14:53:40	all	3,02	0,00	2,02	0,25	0,00	94,71
14:53:41	all	1,39	0,00	0,76	0,00	0,00	97,86
14:53:42	all	3,50	0,00	2,38	0,13	0,00	93,99
14:53:43	all	1,38	0,00	1,01	0,00	0,00	97,61
14:53:44	all	3,02	0,00	2,14	0,00	0,00	94,84
14:53:45	all	1,13	0,00	1,01	0,13	0,00	97,74
14:53:46	all	2,52	0,00	2,27	0,13	0,00	95,09
14:53:47	all	1,76	0,00	2,26	0,00	0,00	95,98
14:53:48	all	2,77	0,00	0,63	0,00	0,00	96,60
14:53:49	all	2,90	0,00	2,27	0,00	0,00	94,84
14:53:50	all	1,52	0,00	0,38	0,25	0,00	97,85
14:53:51	all	2,65	0,00	2,40	0,00	0,00	94,95
14:53:52	all	1,01	0,00	0,63	0,00	0,00	98,36
14:53:53	all	2,77	0,00	2,14	0,00	0,00	95,09
14:53:54	all	1,01	0,00	1,26	0,00	0,00	97,72
14:53:55	all	2,76	0,00	1,88	0,38	0,00	94,97
14:53:56	all	2,64	0,00	2,27	0,00	0,00	95,09
14:53:57	all	1,26	0,00	1,01	0,00	0,00	97,73
14:53:58	all	3,16	0,00	1,89	0,00	0,00	94,95
14:53:59	all	1,01	0,00	0,76	0,00	0,00	98,23
14:54:00	all	3,66	0,00	1,39	0,38	0,00	94,58
14:54:01	all	1,14	0,00	0,63	0,00	0,00	98,23
14:54:02	all	2,66	0,00	1,90	0,00	0,00	95,44
14:54:03	all	1,88	0,00	2,13	0,13	0,00	95,86
14:54:04	all	2,52	0,00	1,13	0,00	0,00	96,35
14:54:05	all	3,63	0,00	2,13	0,25	0,00	93,98
14:54:06	all	1,39	0,00	0,88	0,00	0,00	97,73
14:54:07	all	3,52	0,00	1,76	0,00	0,00	94,72
14:54:08	all	1,01	0,00	0,76	0,00	0,00	98,23
14:54:09	all	3,40	0,00	1,89	0,13	0,00	94,59
14:54:10	all	1,14	0,00	0,88	0,13	0,00	97,85
14:54:11	all	3,26	0,00	1,88	0,00	0,00	94,86
14:54:12	all	2,64	0,00	2,14	0,00	0,00	95,21
14:54:13	all	2,13	0,00	0,63	0,00	0,00	97,24
14:54:14	all	3,04	0,00	1,77	0,00	0,00	95,19
14:54:15	all	1,51	0,00	0,76	0,13	0,00	97,60
14:54:16	all	3,14	0,00	2,01	0,00	0,00	94,84
14:54:17	all	0,88	0,00	0,88	0,00	0,00	98,23
14:54:18	all	3,26	0,00	2,13	0,00	0,00	94,61
14:54:19	all	1,77	0,00	1,77	0,00	0,00	96,47
14:54:20	all	2,77	0,00	1,01	0,13	0,00	96,10
14:54:21	all	3,63	0,00	2,25	0,00	0,00	94,12
14:54:22	all	1,14	0,00	0,76	0,13	0,00	97,98
14:54:23	all	3,03	0,00	2,27	0,00	0,00	94,70
14:54:24	all	1,13	0,00	1,01	0,00	0,00	97,86
14:54:25	all	2,90	0,00	2,14	0,38	0,00	94,58
14:54:26	all	1,26	0,00	1,01	0,00	0,00	97,74
14:54:27	all	3,38	0,00	1,75	0,13	0,00	94,74
14:54:28	all	2,64	0,00	2,14	0,00	0,00	95,22
14:54:29	all	1,76	0,00	0,88	0,00	0,00	97,36
14:54:30	all	3,52	0,00	2,01	0,25	0,00	94,22
14:54:31	all	1,75	0,00	1,00	0,00	0,00	97,24
14:54:32	all	3,41	0,00	1,64	0,00	0,00	94,95
14:54:33	all	1,01	0,00	1,13	0,00	0,00	97,86
14:54:34	all	3,27	0,00	1,76	0,00	0,00	94,97
14:54:35	all	1,89	0,00	1,89	0,38	0,00	95,85
14:54:36	all	2,65	0,00	1,01	0,00	0,00	96,34
14:54:37	all	3,40	0,00	1,77	0,00	0,00	94,83
14:54:38	all	1,38	0,00	0,88	0,13	0,00	97,61
14:54:39	all	3,52	0,00	2,14	0,00	0,00	94,35
14:54:40	all	1,13	0,00	0,88	0,25	0,00	97,74
14:54:41	all	3,27	0,00	1,89	0,00	0,00	94,84
14:54:42	all	0,88	0,00	0,88	0,13	0,00	98,11
14:54:43	all	3,14	0,00	2,01	0,00	0,00	94,84
14:54:44	all	2,51	0,00	2,26	0,00	0,00	95,23
14:54:45	all	1,89	0,00	0,76	0,25	0,00	97,10
14:54:46	all	3,52	0,00	2,01	0,00	0,00	94,47
14:54:47	all	1,13	0,00	0,76	0,00	0,00	98,11
14:54:48	all	3,14	0,00	2,01	0,00	0,00	94,84
14:54:49	all	0,89	0,00	0,63	0,00	0,00	98,48
14:54:50	all	3,27	0,00	2,01	0,13	0,00	94,60
14:54:51	all	1,51	0,00	1,64	0,00	0,00	96,86
14:54:52	all	2,52	0,00	1,39	0,00	0,00	96,10
14:54:53	all	3,14	0,00	2,26	0,00	0,00	94,60
14:54:54	all	0,88	0,00	1,39	0,00	0,00	97,73
14:54:55	all	3,53	0,00	1,77	0,13	0,00	94,58
14:54:56	all	1,39	0,00	0,63	0,00	0,00	97,98
14:54:57	all	2,90	0,00	2,02	0,00	0,00	95,08
14:54:58	all	0,88	0,00	1,13	0,13	0,00	97,86
14:54:59	all	4,17	0,00	1,89	0,00	0,00	93,94
14:55:00	all	2,27	0,00	2,14	0,25	0,00	95,34
14:55:01	all	2,15	0,00	0,38	0,00	0,00	97,47
14:55:02	all	3,01	0,00	2,51	0,13	0,00	94,36
14:55:03	all	1,26	0,00	0,88	0,00	0,00	97,86
14:55:04	all	3,14	0,00	2,26	0,00	0,00	94,60
14:55:05	all	1,01	0,00	1,26	0,13	0,00	97,61
14:55:06	all	3,52	0,00	2,01	0,13	0,00	94,35
14:55:07	all	1,88	0,00	1,63	0,00	0,00	96,49
14:55:08	all	2,52	0,00	1,51	0,00	0,00	95,97
14:55:09	all	3,90	0,00	1,76	0,00	0,00	94,34
14:55:10	all	2,01	0,00	1,00	0,38	0,00	96,61
14:55:11	all	3,02	0,00	2,14	0,00	0,00	94,84
14:55:12	all	1,26	0,00	0,76	0,00	0,00	97,98
14:55:13	all	3,27	0,00	2,14	0,00	0,00	94,58
14:55:14	all	1,38	0,00	0,88	0,13	0,00	97,61
14:55:15	all	2,90	0,00	1,89	0,00	0,00	95,21
14:55:16	all	6,16	0,00	2,52	0,13	0,00	91,19
14:55:17	all	3,89	0,00	1,25	0,00	0,00	94,86
14:55:18	all	3,16	0,00	1,90	0,00	0,00	94,94
14:55:19	all	1,50	0,00	1,13	0,00	0,00	97,37
14:55:20	all	3,38	0,00	2,51	0,13	0,00	93,98
14:55:21	all	1,51	0,00	0,75	0,13	0,00	97,61
14:55:22	all	3,03	0,00	1,89	0,00	0,00	95,08
14:55:23	all	1,38	0,00	0,88	0,13	0,00	97,61
14:55:24	all	3,27	0,00	1,89	0,00	0,00	94,84
14:55:25	all	2,38	0,00	2,38	0,00	0,00	95,23
14:55:26	all	1,89	0,00	0,63	0,00	0,00	97,47
14:55:27	all	3,62	0,00	2,50	0,00	0,00	93,88
14:55:28	all	1,63	0,00	0,88	0,00	0,00	97,49
14:55:29	all	3,64	0,00	1,88	0,00	0,00	94,47
14:55:30	all	1,01	0,00	1,01	0,13	0,00	97,86
14:55:31	all	3,26	0,00	2,26	0,00	0,00	94,49
14:55:32	all	1,26	0,00	1,89	0,00	0,00	96,86
14:55:33	all	2,76	0,00	1,63	0,00	0,00	95,60
14:55:34	all	3,27	0,00	2,14	0,00	0,00	94,60
14:55:35	all	1,01	0,00	0,88	0,38	0,00	97,73
14:55:36	all	3,15	0,00	2,02	0,00	0,00	94,83
14:55:37	all	1,38	0,00	1,13	0,00	0,00	97,49
14:55:38	all	2,90	0,00	1,89	0,00	0,00	95,21
14:55:39	all	1,13	0,00	1,01	0,00	0,00	97,86
14:55:40	all	3,02	0,00	2,26	0,38	0,00	94,35
14:55:41	all	1,77	0,00	2,15	0,00	0,00	96,09
14:55:42	all	1,89	0,00	1,13	0,00	0,00	96,97
14:55:43	all	3,15	0,00	2,27	0,00	0,00	94,58
14:55:44	all	1,38	0,00	0,88	0,00	0,00	97,74
14:55:45	all	2,90	0,00	2,27	0,38	0,00	94,44
14:55:46	all	1,01	0,00	0,76	0,00	0,00	98,23
14:55:47	all	3,63	0,00	1,88	0,13	0,00	94,36
14:55:48	all	1,38	0,00	1,51	0,00	0,00	97,11
14:55:49	all	3,27	0,00	1,51	0,00	0,00	95,23
14:55:50	all	2,65	0,00	2,27	0,13	0,00	94,95
14:55:51	all	1,51	0,00	1,01	0,00	0,00	97,49
14:55:52	all	3,27	0,00	1,89	0,00	0,00	94,84
14:55:53	all	0,88	0,00	0,88	0,00	0,00	98,23
14:55:54	all	3,02	0,00	2,14	0,00	0,00	94,84
14:55:55	all	0,76	0,00	0,88	0,25	0,00	98,10
14:55:56	all	2,90	0,00	2,02	0,00	0,00	95,08
14:55:57	all	1,38	0,00	2,39	0,13	0,00	96,10
14:55:58	all	2,77	0,00	0,76	0,00	0,00	96,47
14:55:59	all	3,52	0,00	2,14	0,13	0,00	94,22
14:56:00	all	1,26	0,00	1,26	0,13	0,00	97,36
14:56:01	all	3,14	0,00	2,13	0,13	0,00	94,60
14:56:02	all	1,13	0,00	0,88	0,00	0,00	97,99
14:56:03	all	3,03	0,00	1,89	0,00	0,00	95,08
14:56:04	all	1,01	0,00	1,39	0,00	0,00	97,60
14:56:05	all	3,03	0,00	1,39	0,13	0,00	95,46
14:56:06	all	2,78	0,00	1,89	0,13	0,00	95,20
14:56:07	all	1,64	0,00	1,01	0,00	0,00	97,36
14:56:08	all	3,14	0,00	2,01	0,00	0,00	94,84
14:56:09	all	0,88	0,00	0,76	0,00	0,00	98,36
14:56:10	all	3,15	0,00	1,89	0,00	0,00	94,96
14:56:11	all	1,13	0,00	0,76	0,00	0,00	98,11
14:56:12	all	2,90	0,00	2,14	0,13	0,00	94,83
14:56:13	all	1,39	0,00	1,65	0,00	0,00	96,96
14:56:14	all	3,14	0,00	1,00	0,00	0,00	95,86
14:56:15	all	3,03	0,00	2,14	0,13	0,00	94,70
14:56:16	all	1,76	0,00	0,63	0,00	0,00	97,61
14:56:17	all	3,27	0,00	2,01	0,00	0,00	94,72
14:56:18	all	0,76	0,00	1,01	0,00	0,00	98,23
14:56:19	all	7,01	0,00	2,50	0,00	0,00	90,49
14:56:20	all	1,26	0,00	1,38	0,38	0,00	96,98
14:56:21	all	2,77	0,00	1,89	0,00	0,00	95,33
14:56:22	all	2,64	0,00	2,14	0,00	0,00	95,22
14:56:23	all	1,88	0,00	1,13	0,00	0,00	96,99
14:56:24	all	3,53	0,00	1,76	0,00	0,00	94,71
14:56:25	all	1,25	0,00	1,13	0,25	0,00	97,37
14:56:26	all	2,52	0,00	2,64	0,00	0,00	94,84
14:56:27	all	1,01	0,00	1,01	0,00	0,00	97,99
14:56:28	all	2,89	0,00	2,51	0,00	0,00	94,60
14:56:29	all	2,39	0,00	1,76	0,00	0,00	95,85
14:56:30	all	2,77	0,00	1,26	0,38	0,00	95,59
14:56:31	all	3,39	0,00	1,88	0,00	0,00	94,73
14:56:32	all	1,13	0,00	0,76	0,00	0,00	98,11
14:56:33	all	3,14	0,00	2,01	0,00	0,00	94,85
14:56:34	all	1,13	0,00	0,63	0,00	0,00	98,23
14:56:35	all	3,39	0,00	2,01	0,13	0,00	94,48
14:56:36	all	1,01	0,00	0,76	0,13	0,00	98,11
14:56:37	all	3,14	0,00	2,13	0,00	0,00	94,73
14:56:38	all	2,76	0,00	1,63	0,13	0,00	95,48
14:56:39	all	1,76	0,00	0,88	0,00	0,00	97,36
14:56:40	all	3,65	0,00	1,64	0,13	0,00	94,59
14:56:41	all	1,76	0,00	0,50	0,00	0,00	97,73
14:56:42	all	3,03	0,00	1,77	0,00	0,00	95,20
14:56:43	all	1,26	0,00	0,75	0,00	0,00	97,99
14:56:44	all	3,15	0,00	1,64	0,13	0,00	95,09
14:56:45	all	1,39	0,00	1,76	0,25	0,00	96,60
14:56:46	all	2,90	0,00	0,76	0,00	0,00	96,35
14:56:47	all	3,39	0,00	1,88	0,00	0,00	94,72
14:56:48	all	1,39	0,00	0,76	0,00	0,00	97,86
14:56:49	all	3,28	0,00	1,89	0,00	0,00	94,82
14:56:50	all	1,51	0,00	0,88	0,13	0,00	97,48
14:56:51	all	3,15	0,00	1,89	0,00	0,00	94,96
14:56:52	all	1,01	0,00	0,75	0,13	0,00	98,11
14:56:53	all	3,14	0,00	1,88	0,00	0,00	94,97
14:56:54	all	2,63	0,00	1,88	0,00	0,00	95,48
14:56:55	all	2,14	0,00	0,63	0,25	0,00	96,97
14:56:56	all	3,38	0,00	2,26	0,00	0,00	94,36
14:56:57	all	1,14	0,00	0,76	0,00	0,00	98,11
14:56:58	all	2,53	0,00	2,27	0,00	0,00	95,20
14:56:59	all	2,51	0,00	0,75	0,13	0,00	96,61
14:57:00	all	3,52	0,00	1,76	0,13	0,00	94,59
14:57:01	all	1,14	0,00	1,39	0,00	0,00	97,47
14:57:02	all	2,64	0,00	1,26	0,00	0,00	96,10
14:57:03	all	3,39	0,00	2,14	0,00	0,00	94,47
14:57:04	all	1,13	0,00	0,63	0,00	0,00	98,23
14:57:05	all	3,15	0,00	2,02	0,38	0,00	94,46
14:57:06	all	1,01	0,00	0,76	0,00	0,00	98,24
14:57:07	all	3,14	0,00	1,89	0,00	0,00	94,97
14:57:08	all	1,01	0,00	0,88	0,00	0,00	98,12
14:57:09	all	2,65	0,00	1,90	0,00	0,00	95,45
14:57:10	all	2,01	0,00	2,01	0,25	0,00	95,73
14:57:11	all	2,39	0,00	1,13	0,00	0,00	96,48
14:57:12	all	3,16	0,00	1,77	0,00	0,00	95,07
14:57:13	all	1,63	0,00	0,75	0,13	0,00	97,49
14:57:14	all	3,39	0,00	1,63	0,00	0,00	94,97
14:57:15	all	1,25	0,00	1,25	0,25	0,00	97,25
14:57:16	all	3,03	0,00	1,52	0,00	0,00	95,45
14:57:17	all	1,26	0,00	1,01	0,00	0,00	97,73
14:57:18	all	2,52	0,00	1,76	0,00	0,00	95,72
14:57:19	all	3,02	0,00	2,01	0,13	0,00	94,85
14:57:20	all	1,26	0,00	0,76	0,25	0,00	97,73
14:57:21	all	3,27	0,00	1,88	0,00	0,00	94,85
14:57:22	all	0,88	0,00	0,63	0,00	0,00	98,48
14:57:23	all	2,64	0,00	2,02	0,00	0,00	95,34
14:57:24	all	0,88	0,00	0,76	0,00	0,00	98,36
14:57:25	all	3,26	0,00	2,01	0,38	0,00	94,35
14:57:26	all	1,63	0,00	2,39	0,00	0,00	95,98
14:57:27	all	2,52	0,00	0,76	0,00	0,00	96,73
14:57:28	all	3,51	0,00	2,01	0,00	0,00	94,48
14:57:29	all	1,26	0,00	0,63	0,00	0,00	98,11
14:57:30	all	3,14	0,00	2,01	0,25	0,00	94,60
14:57:31	all	0,76	0,00	0,88	0,00	0,00	98,36
14:57:32	all	3,27	0,00	1,64	0,00	0,00	95,09
14:57:33	all	1,26	0,00	1,13	0,00	0,00	97,60
14:57:34	all	2,77	0,00	1,26	0,13	0,00	95,84
14:57:35	all	3,27	0,00	1,89	0,13	0,00	94,72
14:57:36	all	1,51	0,00	0,75	0,13	0,00	97,61
14:57:37	all	3,14	0,00	2,14	0,00	0,00	94,72
14:57:38	all	1,27	0,00	0,38	0,00	0,00	98,35
14:57:39	all	3,38	0,00	2,01	0,00	0,00	94,61
14:57:40	all	1,01	0,00	0,63	0,00	0,00	98,36
14:57:41	all	2,77	0,00	2,14	0,00	0,00	95,09
14:57:42	all	2,14	0,00	1,76	0,13	0,00	95,97
14:57:43	all	2,63	0,00	1,13	0,00	0,00	96,25
14:57:44	all	4,01	0,00	1,75	0,00	0,00	94,24
14:57:45	all	1,14	0,00	0,63	0,25	0,00	97,98
14:57:46	all	3,77	0,00	1,26	0,00	0,00	94,97
14:57:47	all	1,01	0,00	0,63	0,00	0,00	98,36
14:57:48	all	3,14	0,00	1,89	0,13	0,00	94,84
14:57:49	all	1,38	0,00	1,13	0,00	0,00	97,49
14:57:50	all	2,65	0,00	1,64	0,13	0,00	95,59
14:57:51	all	2,89	0,00	2,01	0,00	0,00	95,10
14:57:52	all	1,38	0,00	1,01	0,13	0,00	97,48
14:57:53	all	2,89	0,00	2,26	0,00	0,00	94,85
14:57:54	all	0,63	0,00	0,76	0,00	0,00	98,61
14:57:55	all	3,02	0,00	2,26	0,25	0,00	94,47
14:57:56	all	0,51	0,00	1,01	0,13	0,00	98,36
14:57:57	all	3,03	0,00	1,77	0,00	0,00	95,21
14:57:58	all	1,26	0,00	2,02	0,00	0,00	96,72
14:57:59	all	2,52	0,00	1,01	0,00	0,00	96,47
14:58:00	all	3,52	0,00	1,89	0,25	0,00	94,34
14:58:01	all	1,39	0,00	0,50	0,00	0,00	98,11
14:58:02	all	3,27	0,00	2,01	0,00	0,00	94,72
14:58:03	all	0,88	0,00	1,13	0,00	0,00	97,99
14:58:04	all	3,40	0,00	2,02	0,00	0,00	94,58
14:58:05	all	1,63	0,00	0,63	0,38	0,00	97,36
14:58:06	all	3,14	0,00	1,88	0,00	0,00	94,97
14:58:07	all	2,52	0,00	1,51	0,00	0,00	95,96
14:58:08	all	2,00	0,00	0,75	0,00	0,00	97,25
14:58:09	all	2,64	0,00	1,64	0,00	0,00	95,72
14:58:10	all	0,88	0,00	0,38	0,25	0,00	98,49
14:58:11	all	2,64	0,00	1,38	0,13	0,00	95,85
14:58:12	all	0,75	0,00	0,38	0,00	0,00	98,87
14:58:13	all	2,52	0,00	1,51	0,00	0,00	95,96
14:58:14	all	1,00	0,00	1,63	0,00	0,00	97,37
14:58:15	all	3,01	0,00	0,50	0,00	0,00	96,49
14:58:16	all	2,78	0,00	1,39	0,00	0,00	95,83
14:58:17	all	0,75	0,00	0,50	0,00	0,00	98,74
14:58:18	all	2,88	0,00	1,75	0,00	0,00	95,36
14:58:19	all	0,75	0,00	0,38	0,00	0,00	98,87
14:58:20	all	2,77	0,00	1,39	0,13	0,00	95,71
14:58:21	all	0,63	0,00	0,88	0,13	0,00	98,36
14:58:22	all	2,64	0,00	0,88	0,00	0,00	96,48
14:58:23	all	2,77	0,00	1,51	0,00	0,00	95,72
14:58:24	all	0,88	0,00	0,63	0,00	0,00	98,49
14:58:25	all	3,27	0,00	1,38	0,25	0,00	95,10
14:58:26	all	1,01	0,00	0,50	0,00	0,00	98,49
14:58:27	all	2,89	0,00	1,76	0,00	0,00	95,35
14:58:28	all	0,50	0,00	0,38	0,00	0,00	99,12
14:58:29	all	3,14	0,00	1,63	0,00	0,00	95,23
14:58:30	all	1,89	0,00	1,26	0,25	0,00	96,60
14:58:31	all	1,64	0,00	0,38	0,13	0,00	97,86
14:58:32	all	2,53	0,00	1,65	0,00	0,00	95,82
14:58:33	all	0,75	0,00	0,50	0,00	0,00	98,74
14:58:34	all	3,01	0,00	1,63	0,00	0,00	95,36
14:58:35	all	1,13	0,00	0,38	0,38	0,00	98,12
14:58:36	all	2,89	0,00	1,51	0,00	0,00	95,60
14:58:37	all	1,26	0,00	1,01	0,00	0,00	97,73
14:58:38	all	2,52	0,00	0,76	0,00	0,00	96,73
14:58:39	all	3,25	0,00	1,75	0,12	0,00	94,88
14:58:40	all	0,88	0,00	0,50	0,38	0,00	98,24
14:58:41	all	3,02	0,00	1,26	0,13	0,00	95,60
14:58:42	all	1,64	0,00	0,63	0,00	0,00	97,74
14:58:43	all	1,76	0,00	3,52	0,00	0,00	94,72
14:58:44	all	0,38	0,00	0,38	0,00	0,00	99,25
14:58:45	all	0,62	0,00	0,38	0,25	0,00	98,75
14:58:46	all	0,50	0,00	0,62	0,00	0,00	98,88
14:58:47	all	0,25	0,00	0,38	0,00	0,00	99,37
14:58:48	all	0,62	0,00	0,12	0,00	0,00	99,25
14:58:49	all	0,38	0,00	0,63	0,00	0,00	99,00
14:58:50	all	0,50	0,00	0,63	0,00	0,00	98,87
14:58:51	all	0,25	0,00	0,13	0,25	0,00	99,37
14:58:52	all	0,50	0,00	0,50	0,00	0,00	99,00
14:58:53	all	0,25	0,00	0,13	0,00	0,00	99,62
14:58:54	all	0,25	0,00	0,38	0,00	0,00	99,37
