time,time (ms),queue,,time (s)
5383058102837,0,0,5383058102837,0
5400091522342,17033.419505,100,5383058102837,17.033419505
5409109537389,26051.434552,100,5383058102837,26.051434552
5463207943070,80149.840233,95,5383058102837,80.149840233
5475229073700,92170.970863,97,5383058102837,92.170970863
5479237553875,96179.451038,100,5383058102837,96.179451038
5479238399249,96180.296412,100,5383058102837,96.180296412
5479790366314,96732.263477,99,5383058102837,96.732263477
5479791938742,96733.835905,100,5383058102837,96.733835905
5480295310746,97237.207909,99,5383058102837,97.237207909
5480296151454,97238.048617,99,5383058102837,97.238048617
5480794321278,97736.218441,99,5383058102837,97.736218441
5481796249027,98738.14619,99,5383058102837,98.73814619
5481797141054,98739.038217,100,5383058102837,98.739038217
5481799338815,98741.235978,99,5383058102837,98.741235978
5481800060874,98741.958037,99,5383058102837,98.741958037
5481800728513,98742.625676,99,5383058102837,98.742625676
5482801286806,99743.183969,99,5383058102837,99.743183969
5482802405754,99744.302917,99,5383058102837,99.744302917
5483301101821,100242.998984,99,5383058102837,100.242998984
5483302135413,100244.032576,99,5383058102837,100.244032576
5484304898211,101246.795374,99,5383058102837,101.246795374
5484305856358,101247.753521,99,5383058102837,101.247753521
5484306869581,101248.766744,100,5383058102837,101.248766744
5484307665569,101249.562732,99,5383058102837,101.249562732
5484309120146,101251.017309,99,5383058102837,101.251017309
5484309696255,101251.593418,99,5383058102837,101.251593418
5484310192811,101252.089974,99,5383058102837,101.252089974
5485308444336,102250.341499,99,5383058102837,102.250341499
5485309382737,102251.2799,99,5383058102837,102.2512799
5485809796883,102751.694046,99,5383058102837,102.751694046
5485812322423,102754.219586,99,5383058102837,102.754219586
5485813344947,102755.24211,99,5383058102837,102.75524211
5485814434319,102756.331482,99,5383058102837,102.756331482
5485815391056,102757.288219,99,5383058102837,102.757288219
5485816257321,102758.154484,99,5383058102837,102.758154484
5485816657801,102758.554964,100,5383058102837,102.758554964
5485817099521,102758.996684,99,5383058102837,102.758996684
5485817554117,102759.45128,99,5383058102837,102.75945128
5486312176352,103254.073515,99,5383058102837,103.254073515
5486313087140,103254.984303,99,5383058102837,103.254984303
5486314961739,103256.858902,99,5383058102837,103.256858902
5486814575934,103756.473097,99,5383058102837,103.756473097
5486815657531,103757.554694,99,5383058102837,103.757554694
5486817009690,103758.906853,99,5383058102837,103.758906853
5486818122691,103760.019854,99,5383058102837,103.760019854
5486818816952,103760.714115,99,5383058102837,103.760714115
5486819570416,103761.467579,99,5383058102837,103.761467579
5486820373644,103762.270807,99,5383058102837,103.762270807
5486821850780,103763.747943,99,5383058102837,103.763747943
5486822730961,103764.628124,99,5383058102837,103.764628124
5487316223043,104258.120206,99,5383058102837,104.258120206
5487317647826,104259.544989,100,5383058102837,104.259544989
5487818619276,104760.516439,99,5383058102837,104.760516439
5487819725493,104761.622656,99,5383058102837,104.761622656
5487820451524,104762.348687,99,5383058102837,104.762348687
5487821208206,104763.105369,99,5383058102837,104.763105369
5487821901322,104763.798485,99,5383058102837,104.763798485
5488320228900,105262.126063,99,5383058102837,105.262126063
5488321296171,105263.193334,99,5383058102837,105.263193334
5488322330737,105264.2279,99,5383058102837,105.2642279
5488323261017,105265.15818,99,5383058102837,105.26515818
5488323790912,105265.688075,99,5383058102837,105.265688075
5488819880692,105761.777855,98,5383058102837,105.761777855
5488820533420,105762.430583,99,5383058102837,105.762430583
5488821193021,105763.090184,99,5383058102837,105.763090184
5489822681764,106764.578927,98,5383058102837,106.764578927
5489823745122,106765.642285,99,5383058102837,106.765642285
5490826073944,107767.971107,98,5383058102837,107.767971107
5490826848708,107768.745871,99,5383058102837,107.768745871
5490827539285,107769.436448,100,5383058102837,107.769436448
5490828270354,107770.167517,99,5383058102837,107.770167517
5490829031457,107770.92862,98,5383058102837,107.77092862
5490829800643,107771.697806,98,5383058102837,107.771697806
5490830308392,107772.205555,99,5383058102837,107.772205555
5490831045360,107772.942523,99,5383058102837,107.772942523
5490831728917,107773.62608,99,5383058102837,107.77362608
5490832292016,107774.189179,99,5383058102837,107.774189179
5491830379021,108772.276184,98,5383058102837,108.772276184
5491830915254,108772.812417,98,5383058102837,108.772812417
5491831589338,108773.486501,99,5383058102837,108.773486501
5491832399299,108774.296462,98,5383058102837,108.774296462
5491833377746,108775.274909,99,5383058102837,108.775274909
5492331322728,109273.219891,98,5383058102837,109.273219891
5492331977111,109273.874274,98,5383058102837,109.273874274
5493334089548,110275.986711,98,5383058102837,110.275986711
5493334619707,110276.51687,98,5383058102837,110.27651687
5493335316203,110277.213366,99,5383058102837,110.277213366
5493336415258,110278.312421,100,5383058102837,110.278312421
5493337476521,110279.373684,99,5383058102837,110.279373684
5493338106310,110280.003473,98,5383058102837,110.280003473
5493338669091,110280.566254,98,5383058102837,110.280566254
5493339285337,110281.1825,99,5383058102837,110.2811825
5494336780551,111278.677714,98,5383058102837,111.278677714
5494337528404,111279.425567,99,5383058102837,111.279425567
5494837985209,111779.882372,98,5383058102837,111.779882372
5494838669347,111780.56651,98,5383058102837,111.78056651
5494839408901,111781.306064,98,5383058102837,111.781306064
5495841005965,112782.903128,98,5383058102837,112.782903128
5495842179068,112784.076231,98,5383058102837,112.784076231
5495843612942,112785.510105,98,5383058102837,112.785510105
5495844457155,112786.354318,98,5383058102837,112.786354318
5495845216068,112787.113231,98,5383058102837,112.787113231
5495846240271,112788.137434,98,5383058102837,112.788137434
5495847692775,112789.589938,98,5383058102837,112.789589938
5496343883353,113285.780516,98,5383058102837,113.285780516
5496344864795,113286.761958,100,5383058102837,113.286761958
5496851345492,113793.242655,98,5383058102837,113.793242655
5496852711189,113794.608352,98,5383058102837,113.794608352
5496853585250,113795.482413,98,5383058102837,113.795482413
5496854746303,113796.643466,98,5383058102837,113.796643466
5496856086533,113797.983696,98,5383058102837,113.797983696
5497345314861,114287.212024,98,5383058102837,114.287212024
5497346255837,114288.153,98,5383058102837,114.288153
5497347209868,114289.107031,98,5383058102837,114.289107031
5497348053782,114289.950945,98,5383058102837,114.289950945
5497348940093,114290.837256,98,5383058102837,114.290837256
5497853847999,114795.745162,97,5383058102837,114.795745162
5497855037169,114796.934332,98,5383058102837,114.796934332
5497855661184,114797.558347,98,5383058102837,114.797558347
5498856639836,115798.536999,97,5383058102837,115.798536999
5498857466901,115799.364064,98,5383058102837,115.799364064
5499860087895,116801.985058,97,5383058102837,116.801985058
5499860770199,116802.667362,98,5383058102837,116.802667362
5499861469157,116803.36632,100,5383058102837,116.80336632
5499862167266,116804.064429,98,5383058102837,116.804064429
5499862815075,116804.712238,97,5383058102837,116.804712238
5499863954322,116805.851485,97,5383058102837,116.805851485
5499864713092,116806.610255,98,5383058102837,116.806610255
5499865457527,116807.35469,98,5383058102837,116.80735469
5499866097443,116807.994606,98,5383058102837,116.807994606
5499866611142,116808.508305,98,5383058102837,116.808508305
5500862736132,117804.633295,97,5383058102837,117.804633295
5500863686867,117805.58403,97,5383058102837,117.80558403
5500864554247,117806.45141,98,5383058102837,117.80645141
5500865168018,117807.065181,97,5383058102837,117.807065181
5500866218842,117808.116005,98,5383058102837,117.808116005
5501364042224,118305.939387,97,5383058102837,118.305939387
5501364708721,118306.605884,97,5383058102837,118.306605884
5502366216241,119308.113404,97,5383058102837,119.308113404
5502367349911,119309.247074,97,5383058102837,119.309247074
5502368608868,119310.506031,98,5383058102837,119.310506031
5502369315670,119311.212833,100,5383058102837,119.311212833
5502369952726,119311.849889,98,5383058102837,119.311849889
5502370780889,119312.678052,97,5383058102837,119.312678052
5502371633443,119313.530606,97,5383058102837,119.313530606
5502372688856,119314.586019,98,5383058102837,119.314586019
5503369816998,120311.714161,97,5383058102837,120.311714161
5503370696141,120312.593304,98,5383058102837,120.312593304
5503871829601,120813.726764,97,5383058102837,120.813726764
5503872545135,120814.442298,97,5383058102837,120.814442298
5503873055331,120814.952494,97,5383058102837,120.814952494
5504874445548,121816.342711,97,5383058102837,121.816342711
5504876099394,121817.996557,97,5383058102837,121.817996557
5504877021037,121818.9182,97,5383058102837,121.8189182
5504877565589,121819.462752,97,5383058102837,121.819462752
5504878138165,121820.035328,97,5383058102837,121.820035328
5504878817617,121820.71478,97,5383058102837,121.82071478
5504879511534,121821.408697,97,5383058102837,121.821408697
5505376567693,122318.464856,97,5383058102837,122.318464856
5505377354158,122319.251321,100,5383058102837,122.319251321
5505879624243,122821.521406,97,5383058102837,122.821521406
5505880542234,122822.439397,97,5383058102837,122.822439397
5505881507877,122823.40504,97,5383058102837,122.82340504
5505883004294,122824.901457,97,5383058102837,122.824901457
5505883861341,122825.758504,97,5383058102837,122.825758504
5506380552556,123322.449719,97,5383058102837,123.322449719
5506381019565,123322.916728,97,5383058102837,123.322916728
5506381492112,123323.389275,97,5383058102837,123.323389275
5506382156811,123324.053974,97,5383058102837,123.324053974
5506382965331,123324.862494,97,5383058102837,123.324862494
5506880904564,123822.801727,96,5383058102837,123.822801727
5506881704612,123823.601775,97,5383058102837,123.823601775
5506882423232,123824.320395,97,5383058102837,123.824320395
5506883486775,123825.383938,97,5383058102837,123.825383938
5506884385945,123826.283108,97,5383058102837,123.826283108
5506884892820,123826.789983,97,5383058102837,123.826789983
5506885449115,123827.346278,97,5383058102837,123.827346278
5506886065245,123827.962408,100,5383058102837,123.827962408
5506900404393,123842.301556,97,5383058102837,123.842301556
5506901524283,123843.421446,97,5383058102837,123.843421446
5507383052681,124324.949844,96,5383058102837,124.324949844
5507384069449,124325.966612,97,5383058102837,124.325966612
5507384559348,124326.456511,97,5383058102837,124.326456511
5507385249574,124327.146737,97,5383058102837,124.327146737
5507386186740,124328.083903,97,5383058102837,124.328083903
5507387291237,124329.1884,97,5383058102837,124.3291884
5507388660641,124330.557804,97,5383058102837,124.330557804
5507389214398,124331.111561,97,5383058102837,124.331111561
5507389668393,124331.565556,96,5383058102837,124.331565556
5507390190443,124332.087606,97,5383058102837,124.332087606
5507390757702,124332.654865,97,5383058102837,124.332654865
5507901436109,124843.333272,96,5383058102837,124.843333272
5507902720738,124844.617901,97,5383058102837,124.844617901
5508905668072,125847.565235,96,5383058102837,125.847565235
5508906419822,125848.316985,97,5383058102837,125.848316985
5508907300750,125849.197913,95,5383058102837,125.849197913
5508908278689,125850.175852,97,5383058102837,125.850175852
5508909359501,125851.256664,96,5383058102837,125.851256664
5508910169893,125852.067056,96,5383058102837,125.852067056
5508910793659,125852.690822,97,5383058102837,125.852690822
5508911479183,125853.376346,97,5383058102837,125.853376346
5508912441981,125854.339144,97,5383058102837,125.854339144
5508913228889,125855.126052,97,5383058102837,125.855126052
5509907505883,126849.403046,96,5383058102837,126.849403046
5509908764313,126850.661476,96,5383058102837,126.850661476
5509909597660,126851.494823,97,5383058102837,126.851494823
5509910204371,126852.101534,96,5383058102837,126.852101534
5509910934303,126852.831466,97,5383058102837,126.852831466
5510409287340,127351.184503,96,5383058102837,127.351184503
5510410260470,127352.157633,96,5383058102837,127.352157633
5511412060090,128353.957253,96,5383058102837,128.353957253
5511413035932,128354.933095,96,5383058102837,128.354933095
5511414405975,128356.303138,97,5383058102837,128.356303138
5511415147079,128357.044242,97,5383058102837,128.357044242
5511415717558,128357.614721,97,5383058102837,128.357614721
5511416357578,128358.254741,96,5383058102837,128.358254741
5511416936230,128358.833393,96,5383058102837,128.358833393
5511417909929,128359.807092,97,5383058102837,128.359807092
5512414848568,129356.745731,96,5383058102837,129.356745731
5512415587316,129357.484479,97,5383058102837,129.357484479
5512917447474,129859.344637,96,5383058102837,129.859344637
5512918249275,129860.146438,96,5383058102837,129.860146438
5512918868703,129860.765866,96,5383058102837,129.860765866
5513920972136,130862.869299,96,5383058102837,130.862869299
5513921654270,130863.551433,96,5383058102837,130.863551433
5513922515282,130864.412445,96,5383058102837,130.864412445
5513923470575,130865.367738,96,5383058102837,130.865367738
5513924569089,130866.466252,96,5383058102837,130.866466252
5513925736382,130867.633545,96,5383058102837,130.867633545
5513926734765,130868.631928,96,5383058102837,130.868631928
5514422788080,131364.685243,96,5383058102837,131.364685243
5514423566304,131365.463467,97,5383058102837,131.365463467
5514923463024,131865.360187,96,5383058102837,131.865360187
5514925168038,131867.065201,96,5383058102837,131.867065201
5514925948507,131867.84567,96,5383058102837,131.86784567
5514926582079,131868.479242,96,5383058102837,131.868479242
5514927208733,131869.105896,96,5383058102837,131.869105896
5515426358197,132368.25536,96,5383058102837,132.36825536
5515426967261,132368.864424,96,5383058102837,132.368864424
5515427594663,132369.491826,96,5383058102837,132.369491826
5515428383153,132370.280316,96,5383058102837,132.370280316
5515429210762,132371.107925,96,5383058102837,132.371107925
5515927047355,132868.944518,95,5383058102837,132.868944518
5515928326851,132870.224014,96,5383058102837,132.870224014
5515929125597,132871.02276,96,5383058102837,132.87102276
5516930244032,133872.141195,95,5383058102837,133.872141195
5516931291665,133873.188828,96,5383058102837,133.873188828
5517933654234,134875.551397,95,5383058102837,134.875551397
5517934448817,134876.34598,96,5383058102837,134.87634598
5517935146149,134877.043312,97,5383058102837,134.877043312
5517935864645,134877.761808,96,5383058102837,134.877761808
5517937130168,134879.027331,95,5383058102837,134.879027331
5517938196307,134880.09347,95,5383058102837,134.88009347
5517938702799,134880.599962,96,5383058102837,134.880599962
5517939282182,134881.179345,96,5383058102837,134.881179345
5517939855634,134881.752797,96,5383058102837,134.881752797
5517940501862,134882.399025,96,5383058102837,134.882399025
5518936223052,135878.120215,95,5383058102837,135.878120215
5518936963374,135878.860537,95,5383058102837,135.878860537
5518937857791,135879.754954,96,5383058102837,135.879754954
5518938987933,135880.885096,95,5383058102837,135.880885096
5518939909371,135881.806534,96,5383058102837,135.881806534
5519438567682,136380.464845,95,5383058102837,136.380464845
5519439217661,136381.114824,95,5383058102837,136.381114824
5520440918806,137382.815969,95,5383058102837,137.382815969
5520441815216,137383.712379,95,5383058102837,137.383712379
5520442379844,137384.277007,96,5383058102837,137.384277007
5520443018960,137384.916123,95,5383058102837,137.384916123
5520443689939,137385.587102,96,5383058102837,137.385587102
5520444460632,137386.357795,95,5383058102837,137.386357795
5520445475075,137387.372238,95,5383058102837,137.387372238
5520446055310,137387.952473,96,5383058102837,137.387952473
5521443405558,138385.302721,95,5383058102837,138.385302721
5521444220700,138386.117863,96,5383058102837,138.386117863
5521943931618,138885.828781,95,5383058102837,138.885828781
5521944763065,138886.660228,95,5383058102837,138.886660228
5521945436691,138887.333854,95,5383058102837,138.887333854
5522947021585,139888.918748,95,5383058102837,139.888918748
5522947683889,139889.581052,95,5383058102837,139.889581052
5522948425533,139890.322696,95,5383058102837,139.890322696
5522949131289,139891.028452,95,5383058102837,139.891028452
5522950029530,139891.926693,95,5383058102837,139.891926693
5522950782864,139892.680027,95,5383058102837,139.892680027
5522951256850,139893.154013,95,5383058102837,139.893154013
5523448254794,140390.151957,95,5383058102837,140.390151957
5523448988904,140390.886067,95,5383058102837,140.390886067
5523949802816,140891.699979,95,5383058102837,140.891699979
5523950415718,140892.312881,95,5383058102837,140.892312881
5523950946828,140892.843991,95,5383058102837,140.892843991
5523951564922,140893.462085,95,5383058102837,140.893462085
5523952324077,140894.22124,95,5383058102837,140.89422124
5524449908790,141391.805953,95,5383058102837,141.391805953
5524450598138,141392.495301,95,5383058102837,141.392495301
5524451345609,141393.242772,95,5383058102837,141.393242772
5524452267485,141394.164648,95,5383058102837,141.394164648
5524453387641,141395.284804,95,5383058102837,141.395284804
5524951430310,141893.327473,94,5383058102837,141.893327473
5524952682681,141894.579844,95,5383058102837,141.894579844
5524953328284,141895.225447,95,5383058102837,141.895225447
5525953739029,142895.636192,94,5383058102837,142.895636192
5525954458986,142896.356149,95,5383058102837,142.896356149
5526956102522,143897.999685,94,5383058102837,143.897999685
5526956651950,143898.549113,95,5383058102837,143.898549113
5526957204548,143899.101711,95,5383058102837,143.899101711
5526957811554,143899.708717,95,5383058102837,143.899708717
5526958545537,143900.4427,94,5383058102837,143.9004427
5526959210532,143901.107695,94,5383058102837,143.901107695
5526960148870,143902.046033,95,5383058102837,143.902046033
5526960814332,143902.711495,95,5383058102837,143.902711495
5526961348657,143903.24582,95,5383058102837,143.90324582
5526961914650,143903.811813,95,5383058102837,143.903811813
5527958122779,144900.019942,94,5383058102837,144.900019942
5527958814385,144900.711548,94,5383058102837,144.900711548
5527959332642,144901.229805,95,5383058102837,144.901229805
5527959986728,144901.883891,94,5383058102837,144.901883891
5527960768822,144902.665985,95,5383058102837,144.902665985
5528459461762,145401.358925,94,5383058102837,145.401358925
5528460372341,145402.269504,94,5383058102837,145.402269504
5529461904704,146403.801867,94,5383058102837,146.403801867
5529463059811,146404.956974,94,5383058102837,146.404956974
5529463877179,146405.774342,95,5383058102837,146.405774342
5529464450743,146406.347906,93,5383058102837,146.406347906
5529465067286,146406.964449,95,5383058102837,146.406964449
5529465740276,146407.637439,94,5383058102837,146.407637439
5529466376610,146408.273773,94,5383058102837,146.408273773
5529467433778,146409.330941,95,5383058102837,146.409330941
5530464191834,147406.088997,94,5383058102837,147.406088997
5530464905171,147406.802334,95,5383058102837,147.406802334
5530965573519,147907.470682,94,5383058102837,147.907470682
5530966281371,147908.178534,94,5383058102837,147.908178534
5530966928414,147908.825577,94,5383058102837,147.908825577
5531967680029,148909.577192,94,5383058102837,148.909577192
5531968372929,148910.270092,94,5383058102837,148.910270092
5531969044133,148910.941296,94,5383058102837,148.910941296
5531970301617,148912.19878,94,5383058102837,148.91219878
5531970985248,148912.882411,94,5383058102837,148.912882411
5531971591019,148913.488182,94,5383058102837,148.913488182
5531972208096,148914.105259,94,5383058102837,148.914105259
5532468509244,149410.406407,94,5383058102837,149.410406407
5532469181021,149411.078184,93,5383058102837,149.411078184
5532969472345,149911.369508,94,5383058102837,149.911369508
5532970165871,149912.063034,94,5383058102837,149.912063034
5532971067340,149912.964503,94,5383058102837,149.912964503
5532972101941,149913.999104,94,5383058102837,149.913999104
5532972765938,149914.663101,94,5383058102837,149.914663101
5533471190710,150413.087873,94,5383058102837,150.413087873
5533471716906,150413.614069,94,5383058102837,150.413614069
5533472329047,150414.22621,94,5383058102837,150.41422621
5533472999070,150414.896233,94,5383058102837,150.414896233
5533473672753,150415.569916,94,5383058102837,150.415569916
5533972092262,150913.989425,93,5383058102837,150.913989425
5533972928389,150914.825552,94,5383058102837,150.914825552
5533973522630,150915.419793,94,5383058102837,150.915419793
5534975026310,151916.923473,93,5383058102837,151.916923473
5534975877012,151917.774175,94,5383058102837,151.917774175
5535977740888,152919.638051,93,5383058102837,152.919638051
5535978747441,152920.644604,94,5383058102837,152.920644604
5535979499803,152921.396966,93,5383058102837,152.921396966
5535980210048,152922.107211,94,5383058102837,152.922107211
5535980888813,152922.785976,93,5383058102837,152.922785976
5535981735957,152923.63312,93,5383058102837,152.92363312
5535982596409,152924.493572,94,5383058102837,152.924493572
5535983327384,152925.224547,94,5383058102837,152.925224547
5535984083534,152925.980697,94,5383058102837,152.925980697
5535984952427,152926.84959,94,5383058102837,152.92684959
5536979827541,153921.724704,93,5383058102837,153.921724704
5536980763907,153922.66107,93,5383058102837,153.92266107
5536981629870,153923.527033,94,5383058102837,153.923527033
5536982443352,153924.340515,93,5383058102837,153.924340515
5536983061198,153924.958361,94,5383058102837,153.924958361
5537481160590,154423.057753,93,5383058102837,154.423057753
5537481755907,154423.65307,93,5383058102837,154.42365307
5538482895861,155424.793024,93,5383058102837,155.424793024
5538483577615,155425.474778,93,5383058102837,155.425474778
5538484279110,155426.176273,94,5383058102837,155.426176273
5538485159529,155427.056692,93,5383058102837,155.427056692
5538486396395,155428.293558,94,5383058102837,155.428293558
5538487034513,155428.931676,93,5383058102837,155.428931676
5538487614638,155429.511801,93,5383058102837,155.429511801
5538488318347,155430.21551,94,5383058102837,155.43021551
5539485036538,156426.933701,93,5383058102837,156.426933701
5539485766480,156427.663643,94,5383058102837,156.427663643
5539987300479,156929.197642,93,5383058102837,156.929197642
5539987917694,156929.814857,93,5383058102837,156.929814857
5539988532233,156930.429396,93,5383058102837,156.930429396
5540990061697,157931.95886,93,5383058102837,157.93195886
5540990900396,157932.797559,93,5383058102837,157.932797559
5540991382901,157933.280064,93,5383058102837,157.933280064
5540992056308,157933.953471,93,5383058102837,157.933953471
5540992782326,157934.679489,93,5383058102837,157.934679489
5540993563717,157935.46088,93,5383058102837,157.93546088
5540994623697,157936.52086,93,5383058102837,157.93652086
5541489944830,158431.841993,93,5383058102837,158.431841993
5541490952097,158432.84926,93,5383058102837,158.43284926
5541991843959,158933.741122,93,5383058102837,158.933741122
5541992969794,158934.866957,93,5383058102837,158.934866957
5541993855906,158935.753069,93,5383058102837,158.935753069
5541994564787,158936.46195,93,5383058102837,158.93646195
5541995286546,158937.183709,93,5383058102837,158.937183709
5542493592226,159435.489389,93,5383058102837,159.435489389
5542494250424,159436.147587,93,5383058102837,159.436147587
5542494960876,159436.858039,93,5383058102837,159.436858039
5542495840101,159437.737264,93,5383058102837,159.437737264
5542497120804,159439.017967,93,5383058102837,159.439017967
5542994721910,159936.619073,92,5383058102837,159.936619073
5542996167827,159938.06499,93,5383058102837,159.93806499
5542997144126,159939.041289,93,5383058102837,159.939041289
5543998731786,160940.628949,92,5383058102837,160.940628949
5543999451293,160941.348456,93,5383058102837,160.941348456
5545001092639,161942.989802,92,5383058102837,161.942989802
5545002391280,161944.288443,93,5383058102837,161.944288443
5545003060577,161944.95774,93,5383058102837,161.94495774
5545003881610,161945.778773,93,5383058102837,161.945778773
5545004841453,161946.738616,92,5383058102837,161.946738616
5545005915604,161947.812767,92,5383058102837,161.947812767
5545006786007,161948.68317,93,5383058102837,161.94868317
5545007598205,161949.495368,93,5383058102837,161.949495368
5545008612250,161950.509413,93,5383058102837,161.950509413
5545012417458,161954.314621,93,5383058102837,161.954314621
5546002729530,162944.626693,92,5383058102837,162.944626693
5546003392703,162945.289866,92,5383058102837,162.945289866
5546004238073,162946.135236,93,5383058102837,162.946135236
5546005371887,162947.26905,92,5383058102837,162.94726905
5546006114668,162948.011831,93,5383058102837,162.948011831
5546503679199,163445.576362,92,5383058102837,163.445576362
5546504162455,163446.059618,92,5383058102837,163.446059618
5547505515047,164447.41221,92,5383058102837,164.44741221
5547506145377,164448.04254,92,5383058102837,164.44804254
5547506919237,164448.8164,93,5383058102837,164.4488164
5547507804590,164449.701753,91,5383058102837,164.449701753
5547509027432,164450.924595,93,5383058102837,164.450924595
5547509655204,164451.552367,92,5383058102837,164.451552367
5547510314002,164452.211165,92,5383058102837,164.452211165
5547510940782,164452.837945,93,5383058102837,164.452837945
5548507434095,165449.331258,92,5383058102837,165.449331258
5548508551136,165450.448299,93,5383058102837,165.450448299
5549008138534,165950.035697,92,5383058102837,165.950035697
5549008686605,165950.583768,92,5383058102837,165.950583768
5549009190713,165951.087876,92,5383058102837,165.951087876
5550022321401,166964.218564,92,5383058102837,166.964218564
5550023432926,166965.330089,92,5383058102837,166.965330089
5550024429860,166966.327023,92,5383058102837,166.966327023
5550025106101,166967.003264,92,5383058102837,166.967003264
5550025556375,166967.453538,92,5383058102837,166.967453538
5550026161290,166968.058453,92,5383058102837,166.968058453
5550026729057,166968.62622,92,5383058102837,166.96862622
5550510877093,167452.774256,92,5383058102837,167.452774256
5550511376334,167453.273497,91,5383058102837,167.453273497
5551023628872,167965.526035,92,5383058102837,167.965526035
5551024695365,167966.592528,92,5383058102837,167.966592528
5551025582219,167967.479382,92,5383058102837,167.967479382
5551026106077,167968.00324,92,5383058102837,167.96800324
5551026683333,167968.580496,92,5383058102837,167.968580496
5551524653166,168466.550329,92,5383058102837,168.466550329
5551525313442,168467.210605,92,5383058102837,168.467210605
5551525935616,168467.832779,92,5383058102837,168.467832779
5551527031746,168468.928909,92,5383058102837,168.468928909
5551527811949,168469.709112,92,5383058102837,168.469709112
5552025945244,168967.842407,91,5383058102837,168.967842407
5552026724979,168968.622142,92,5383058102837,168.968622142
5552027485338,168969.382501,92,5383058102837,168.969382501
5553027982370,169969.879533,91,5383058102837,169.969879533
5553028965591,169970.862754,92,5383058102837,169.970862754
5554030644483,170972.541646,91,5383058102837,170.972541646
5554031210042,170973.107205,92,5383058102837,170.973107205
5554031732357,170973.62952,91,5383058102837,170.97362952
5554032279230,170974.176393,92,5383058102837,170.974176393
5554032787542,170974.684705,91,5383058102837,170.974684705
5554033478244,170975.375407,91,5383058102837,170.975375407
5554034180404,170976.077567,92,5383058102837,170.976077567
5554034610571,170976.507734,92,5383058102837,170.976507734
5554034997420,170976.894583,92,5383058102837,170.976894583
5554035584680,170977.481843,92,5383058102837,170.977481843
5555033200048,171975.097211,91,5383058102837,171.975097211
5555033846352,171975.743515,91,5383058102837,171.975743515
5555034701630,171976.598793,92,5383058102837,171.976598793
5555035584224,171977.481387,91,5383058102837,171.977481387
5555036363669,171978.260832,92,5383058102837,171.978260832
5555533950965,172475.848128,91,5383058102837,172.475848128
5555534653088,172476.550251,91,5383058102837,172.476550251
5556536089239,173477.986402,91,5383058102837,173.477986402
5556536777298,173478.674461,91,5383058102837,173.478674461
5556537283766,173479.180929,92,5383058102837,173.479180929
5556537909819,173479.806982,91,5383058102837,173.479806982
5556538614909,173480.512072,92,5383058102837,173.480512072
5556539606841,173481.504004,91,5383058102837,173.481504004
5556541174138,173483.071301,91,5383058102837,173.483071301
5556541761248,173483.658411,92,5383058102837,173.483658411
5557537892012,174479.789175,91,5383058102837,174.479789175
5557538611365,174480.508528,92,5383058102837,174.480508528
5558038786479,174980.683642,91,5383058102837,174.980683642
5558039691980,174981.589143,91,5383058102837,174.981589143
5558040656013,174982.553176,91,5383058102837,174.982553176
5559040816017,175982.71318,91,5383058102837,175.98271318
5559041921058,175983.818221,91,5383058102837,175.983818221
5559042969023,175984.866186,91,5383058102837,175.984866186
5559043614868,175985.512031,91,5383058102837,175.985512031
5559044044857,175985.94202,91,5383058102837,175.98594202
5561095475937,178037.3731,91,5383058102837,178.0373731
5561098000862,178039.898025,91,5383058102837,178.039898025
5561099154937,178041.0521,91,5383058102837,178.0410521
5561099700430,178041.597593,91,5383058102837,178.041597593
5561100332891,178042.230054,91,5383058102837,178.042230054
5561100999374,178042.896537,91,5383058102837,178.042896537
5561547275159,178489.172322,90,5383058102837,178.489172322
5561548170985,178490.068148,91,5383058102837,178.490068148
5561548724558,178490.621721,91,5383058102837,178.490621721
5561549309217,178491.20638,91,5383058102837,178.49120638
5561549892565,178491.789728,91,5383058102837,178.491789728
5561550432956,178492.330119,91,5383058102837,178.492330119
5561551258891,178493.156054,91,5383058102837,178.493156054
5561552504931,178494.402094,91,5383058102837,178.494402094
5561553051960,178494.949123,90,5383058102837,178.494949123
5561553595276,178495.492439,91,5383058102837,178.495492439
5561554198716,178496.095879,91,5383058102837,178.496095879
5562048757236,178990.654399,90,5383058102837,178.990654399
5566095474772,183037.371935,90,5383058102837,183.037371935
5566096302273,183038.199436,90,5383058102837,183.038199436
5566096896378,183038.793541,91,5383058102837,183.038793541
5566097646217,183039.54338,90,5383058102837,183.03954338
5566098498469,183040.395632,91,5383058102837,183.040395632
5566099495096,183041.392259,90,5383058102837,183.041392259
5566100126904,183042.024067,90,5383058102837,183.042024067
5566100723761,183042.620924,91,5383058102837,183.042620924
5566560737716,183502.634879,90,5383058102837,183.502634879
5566563040631,183504.937794,91,5383058102837,183.504937794
5567063081123,184004.978286,90,5383058102837,184.004978286
5567063817267,184005.71443,90,5383058102837,184.00571443
5567064391463,184006.288626,90,5383058102837,184.006288626
5568065176648,185007.073811,90,5383058102837,185.007073811
5568066120078,185008.017241,90,5383058102837,185.008017241
5568067087926,185008.985089,90,5383058102837,185.008985089
5568067898675,185009.795838,90,5383058102837,185.009795838
5568068387421,185010.284584,90,5383058102837,185.010284584
5571095563813,188037.460976,90,5383058102837,188.037460976
5572073153119,189015.050282,89,5383058102837,189.015050282
5572073886124,189015.783287,90,5383058102837,189.015783287
5572074640889,189016.538052,90,5383058102837,189.016538052
5572075401661,189017.298824,90,5383058102837,189.017298824
5572076044903,189017.942066,89,5383058102837,189.017942066
5572076488865,189018.386028,89,5383058102837,189.018386028
5572077098387,189018.99555,90,5383058102837,189.01899555
5572077713050,189019.610213,90,5383058102837,189.019610213
5572078351336,189020.248499,90,5383058102837,189.020248499
5572079038165,189020.935328,90,5383058102837,189.020935328
5573074999445,190016.896608,89,5383058102837,190.016896608
5573076047142,190017.944305,89,5383058102837,190.017944305
5573077077487,190018.97465,90,5383058102837,190.01897465
5573077785648,190019.682811,89,5383058102837,190.019682811
5573078249126,190020.146289,90,5383058102837,190.020146289
5573577327914,190519.225077,89,5383058102837,190.519225077
5573578021652,190519.918815,89,5383058102837,190.519918815
5576095481171,193037.378334,89,5383058102837,193.037378334
5576096790469,193038.687632,89,5383058102837,193.038687632
5576097862376,193039.759539,90,5383058102837,193.039759539
5576098967323,193040.864486,88,5383058102837,193.040864486
5576099824826,193041.721989,90,5383058102837,193.041721989
5576100749572,193042.646735,89,5383058102837,193.042646735
5576101872918,193043.770081,89,5383058102837,193.043770081
5576583630337,193525.5275,89,5383058102837,193.5255275
5576584320433,193526.217596,89,5383058102837,193.526217596
5576585093511,193526.990674,90,5383058102837,193.526990674
5576586142713,193528.039876,89,5383058102837,193.528039876
5576586747522,193528.644685,89,5383058102837,193.528644685
5576587279117,193529.17628,89,5383058102837,193.52917628
5577084651584,194026.548747,89,5383058102837,194.026548747
5577085285847,194027.18301,89,5383058102837,194.02718301
5577085941952,194027.839115,89,5383058102837,194.027839115
5577086668545,194028.565708,89,5383058102837,194.028565708
5577087527548,194029.424711,89,5383058102837,194.029424711
5581095553058,198037.450221,89,5383058102837,198.037450221
5581096817341,198038.714504,88,5383058102837,198.038714504
5581097451553,198039.348716,89,5383058102837,198.039348716
5581098091708,198039.988871,88,5383058102837,198.039988871
5581098688581,198040.585744,89,5383058102837,198.040585744
5581099322802,198041.219965,88,5383058102837,198.041219965
5581101196996,198043.094159,88,5383058102837,198.043094159
5581101873599,198043.770762,89,5383058102837,198.043770762
5581102455240,198044.352403,89,5383058102837,198.044352403
5581103105941,198045.003104,89,5383058102837,198.045003104
5581106144253,198048.041416,89,5383058102837,198.048041416
5582096086613,199037.983776,88,5383058102837,199.037983776
5582096677945,199038.575108,88,5383058102837,199.038575108
5582097256771,199039.153934,89,5383058102837,199.039153934
5582098015561,199039.912724,88,5383058102837,199.039912724
5582098785426,199040.682589,89,5383058102837,199.040682589
5582597999819,199539.896982,88,5383058102837,199.539896982
5582598879577,199540.77674,88,5383058102837,199.54077674
5586095509148,203037.406311,88,5383058102837,203.037406311
5586096725671,203038.622834,88,5383058102837,203.038622834
5586605413752,203547.310915,88,5383058102837,203.547310915
5586606310778,203548.207941,87,5383058102837,203.548207941
5587107072279,204048.969442,88,5383058102837,204.048969442
5587107691569,204049.588732,88,5383058102837,204.049588732
5587108259510,204050.156673,88,5383058102837,204.050156673
5587108801565,204050.698728,16,5383058102837,204.050698728
5587109571992,204051.469155,16,5383058102837,204.051469155
5587607521595,204549.418758,16,5383058102837,204.549418758
5587608481471,204550.378634,16,5383058102837,204.550378634
5587609592301,204551.489464,16,5383058102837,204.551489464
5587610343930,204552.241093,16,5383058102837,204.552241093
5587610936351,204552.833514,16,5383058102837,204.552833514
5588108800708,205050.697871,15,5383058102837,205.050697871
5588109738289,205051.635452,16,5383058102837,205.051635452
5588110715919,205052.613082,16,5383058102837,205.052613082
5589112022189,206053.919352,15,5383058102837,206.053919352
5591095629408,208037.526571,16,5383058102837,208.037526571
5591096872610,208038.769773,15,5383058102837,208.038769773
5591097421943,208039.319106,16,5383058102837,208.039319106
5591097947588,208039.844751,11,5383058102837,208.039844751
5591098552652,208040.449815,16,5383058102837,208.040449815
5591099168826,208041.065989,15,5383058102837,208.041065989
5591099850064,208041.747227,15,5383058102837,208.041747227
5591100685091,208042.582254,16,5383058102837,208.042582254
5591102166532,208044.063695,16,5383058102837,208.044063695
5591102760691,208044.657854,16,5383058102837,208.044657854
5591105392921,208047.290084,16,5383058102837,208.047290084
5591115998671,208057.895834,15,5383058102837,208.057895834
5591116950288,208058.847451,15,5383058102837,208.058847451
5591117737474,208059.634637,16,5383058102837,208.059634637
5591118802013,208060.699176,15,5383058102837,208.060699176
5591119452607,208061.34977,16,5383058102837,208.06134977
5591617691127,208559.58829,15,5383058102837,208.55958829
5591618569506,208560.466669,15,5383058102837,208.560466669
5596095583345,213037.480508,15,5383058102837,213.037480508
5596096674194,213038.571357,15,5383058102837,213.038571357
5596097265356,213039.162519,15,5383058102837,213.039162519
5596097811854,213039.709017,10,5383058102837,213.039709017
5596128871588,213070.768751,15,5383058102837,213.070768751
5596129381491,213071.278654,15,5383058102837,213.071278654
5596129907440,213071.804603,15,5383058102837,213.071804603
5596130472753,213072.369916,15,5383058102837,213.072369916
5596131207758,213073.104921,15,5383058102837,213.073104921
5596629878906,213571.776069,15,5383058102837,213.571776069
5596630503840,213572.401003,15,5383058102837,213.572401003
5596631242727,213573.13989,15,5383058102837,213.57313989
5596632190283,213574.087446,15,5383058102837,213.574087446
5596633188585,213575.085748,15,5383058102837,213.575085748
5597130781311,214072.678474,14,5383058102837,214.072678474
5597131564183,214073.461346,15,5383058102837,214.073461346
5597132129128,214074.026291,15,5383058102837,214.074026291
5598133230698,215075.127861,14,5383058102837,215.075127861
5601640148255,218582.045418,14,5383058102837,218.582045418
5601641200023,218583.097186,14,5383058102837,218.583097186
5601642259456,218584.156619,15,5383058102837,218.584156619
5601643227512,218585.124675,9,5383058102837,218.585124675
5601658836237,218600.7334,15,5383058102837,218.6007334
5601659622494,218601.519657,14,5383058102837,218.601519657
5601660304925,218602.202088,14,5383058102837,218.602202088
5601661016184,218602.913347,15,5383058102837,218.602913347
5602642413570,219584.310733,14,5383058102837,219.584310733
5602643451331,219585.348494,15,5383058102837,219.585348494
5603143461588,220085.358751,14,5383058102837,220.085358751
5603144111720,220086.008883,14,5383058102837,220.086008883
5603144791418,220086.688581,14,5383058102837,220.086688581
5604145459325,221087.356488,14,5383058102837,221.087356488
5604146089011,221087.986174,14,5383058102837,221.087986174
5604146627058,221088.524221,14,5383058102837,221.088524221
5604147629931,221089.527094,14,5383058102837,221.089527094
5604148663347,221090.56051,14,5383058102837,221.09056051
5606095455216,223037.352379,14,5383058102837,223.037352379
5606096205849,223038.103012,14,5383058102837,223.038103012
5606096740097,223038.63726,14,5383058102837,223.03863726
5606097297807,223039.19497,9,5383058102837,223.03919497
5606098120397,223040.01756,14,5383058102837,223.04001756
5606098639812,223040.536975,14,5383058102837,223.040536975
5606650192795,223592.089958,13,5383058102837,223.592089958
5606650837819,223592.734982,14,5383058102837,223.592734982
5606651396729,223593.293892,14,5383058102837,223.593293892
5606651989874,223593.887037,14,5383058102837,223.593887037
5606652685210,223594.582373,14,5383058102837,223.594582373
5606653403077,223595.30024,14,5383058102837,223.59530024
5606653970912,223595.868075,14,5383058102837,223.595868075
5606654502797,223596.39996,14,5383058102837,223.59639996
5606655074689,223596.971852,13,5383058102837,223.596971852
5606655932512,223597.829675,14,5383058102837,223.597829675
5606656963789,223598.860952,14,5383058102837,223.598860952
5607152179891,224094.077054,13,5383058102837,224.094077054
5611095506829,228037.403992,13,5383058102837,228.037403992
5611096280450,228038.177613,13,5383058102837,228.038177613
5611096665524,228038.562687,14,5383058102837,228.038562687
5611097176684,228039.073847,10,5383058102837,228.039073847
5611098453771,228040.350934,14,5383058102837,228.040350934
5611099420004,228041.317167,13,5383058102837,228.041317167
5611100506747,228042.40391,13,5383058102837,228.04240391
5611101660734,228043.557897,14,5383058102837,228.043557897
5611664506405,228606.403568,13,5383058102837,228.606403568
5611665209798,228607.106961,14,5383058102837,228.607106961
5612166376061,229108.273224,13,5383058102837,229.108273224
5612167539144,229109.436307,13,5383058102837,229.109436307
5612168214159,229110.111322,13,5383058102837,229.110111322
5613168570495,230110.467658,13,5383058102837,230.110467658
5613169623136,230111.520299,13,5383058102837,230.111520299
5613172304314,230114.201477,13,5383058102837,230.114201477
5613172906140,230114.803303,13,5383058102837,230.114803303
5613173502923,230115.400086,13,5383058102837,230.115400086
5616095567654,233037.464817,13,5383058102837,233.037464817
5616096600866,233038.498029,13,5383058102837,233.038498029
5616097292724,233039.189887,13,5383058102837,233.039189887
5616098439014,233040.336177,10,5383058102837,233.040336177
5616099554957,233041.45212,13,5383058102837,233.04145212
5616675770632,233617.667795,14,5383058102837,233.617667795
5616676524849,233618.422012,14,5383058102837,233.618422012
5616677388693,233619.285856,13,5383058102837,233.619285856
5616678482601,233620.379764,13,5383058102837,233.620379764
5616680414275,233622.311438,13,5383058102837,233.622311438
5616681469256,233623.366419,13,5383058102837,233.623366419
5616683336258,233625.233421,13,5383058102837,233.625233421
5617678947640,234620.844803,14,5383058102837,234.620844803
5617679767194,234621.664357,13,5383058102837,234.621664357
5617680330823,234622.227986,14,5383058102837,234.622227986
5617680923044,234622.820207,13,5383058102837,234.622820207
5618681203206,235623.100369,14,5383058102837,235.623100369
5618681943069,235623.840232,14,5383058102837,235.623840232
5621095523209,238037.420372,14,5383058102837,238.037420372
5621096592849,238038.490012,14,5383058102837,238.038490012
5621097127118,238039.024281,13,5383058102837,238.039024281
5621097686764,238039.583927,10,5383058102837,238.039583927
5621098409244,238040.306407,13,5383058102837,238.040306407
5621099210400,238041.107563,14,5383058102837,238.041107563
5621100327277,238042.22444,14,5383058102837,238.04222444
5621689958543,238631.855706,14,5383058102837,238.631855706
5621690648599,238632.545762,14,5383058102837,238.632545762
5621691159773,238633.056936,13,5383058102837,238.633056936
5621691732343,238633.629506,14,5383058102837,238.633629506
5621692610617,238634.50778,14,5383058102837,238.63450778
5621693197637,238635.0948,14,5383058102837,238.6350948
5622190106450,239132.003613,14,5383058102837,239.132003613
5622190817656,239132.714819,14,5383058102837,239.132714819
5622191590219,239133.487382,14,5383058102837,239.133487382
5622192435053,239134.332216,14,5383058102837,239.134332216
5622193335017,239135.23218,14,5383058102837,239.13523218
5626095659018,243037.556181,14,5383058102837,243.037556181
5626200377270,243142.274433,15,5383058102837,243.142274433
5626201030770,243142.927933,14,5383058102837,243.142927933
5626201636948,243143.534111,10,5383058102837,243.143534111
5626202453596,243144.350759,14,5383058102837,243.144350759
5626203286639,243145.183802,15,5383058102837,243.145183802
5626203947508,243145.844671,15,5383058102837,243.145844671
5626204506930,243146.404093,14,5383058102837,243.146404093
5626205079576,243146.976739,14,5383058102837,243.146976739
5626205606116,243147.503279,14,5383058102837,243.147503279
5626206452686,243148.349849,14,5383058102837,243.148349849
5627203402433,244145.299596,15,5383058102837,244.145299596
5627206609197,244148.50636,15,5383058102837,244.14850636
5627207943173,244149.840336,14,5383058102837,244.149840336
5627208963146,244150.860309,15,5383058102837,244.150860309
5627209490962,244151.388125,14,5383058102837,244.151388125
5627704243553,244646.140716,15,5383058102837,244.646140716
5627705147684,244647.044847,15,5383058102837,244.647044847
5631095626797,248037.52396,15,5383058102837,248.03752396
5631096625705,248038.522868,15,5383058102837,248.038522868
5631716915285,248658.812448,15,5383058102837,248.658812448
5631717721705,248659.618868,10,5383058102837,248.659618868
5632218303592,249160.200755,15,5383058102837,249.160200755
5632218825304,249160.722467,15,5383058102837,249.160722467
5632219376786,249161.273949,15,5383058102837,249.161273949
5632220074902,249161.972065,15,5383058102837,249.161972065
5632220759879,249162.657042,15,5383058102837,249.162657042
5632719321336,249661.218499,15,5383058102837,249.661218499
5632719899142,249661.796305,15,5383058102837,249.661796305
5632720466125,249662.363288,15,5383058102837,249.662363288
5632721035411,249662.932574,15,5383058102837,249.662932574
5632721603845,249663.501008,15,5383058102837,249.663501008
5633219999333,250161.896496,14,5383058102837,250.161896496
5633220630593,250162.527756,15,5383058102837,250.162527756
5633221145843,250163.043006,15,5383058102837,250.163043006
5634221980095,251163.877258,14,5383058102837,251.163877258
5636095539871,253037.437034,15,5383058102837,253.037437034
5636096927378,253038.824541,14,5383058102837,253.038824541
5636097473135,253039.370298,15,5383058102837,253.039370298
5636097910474,253039.807637,10,5383058102837,253.039807637
5636098423449,253040.320612,15,5383058102837,253.040320612
5636098976244,253040.873407,14,5383058102837,253.040873407
5636099656321,253041.553484,14,5383058102837,253.041553484
5636100394755,253042.291918,15,5383058102837,253.042291918
5636101309516,253043.206679,15,5383058102837,253.043206679
5636101912126,253043.809289,15,5383058102837,253.043809289
5636102421400,253044.318563,15,5383058102837,253.044318563
5636226934079,253168.831242,14,5383058102837,253.168831242
5636227809325,253169.706488,14,5383058102837,253.169706488
5636228252587,253170.14975,15,5383058102837,253.17014975
5636228708687,253170.60585,14,5383058102837,253.17060585
5636229193947,253171.09111,15,5383058102837,253.17109111
5636727016160,253668.913323,14,5383058102837,253.668913323
5636728766818,253670.663981,14,5383058102837,253.670663981
5641095560580,258037.457743,14,5383058102837,258.037457743
5641096491007,258038.38817,14,5383058102837,258.03838817
5641096995221,258038.892384,14,5383058102837,258.038892384
5641097421447,258039.31861,10,5383058102837,258.03931861
5641237799290,258179.696453,14,5383058102837,258.179696453
5641238355341,258180.252504,14,5383058102837,258.180252504
5641238907326,258180.804489,14,5383058102837,258.180804489
5641239540657,258181.43782,14,5383058102837,258.18143782
5641240069704,258181.966867,14,5383058102837,258.181966867
5641739453990,258681.351153,14,5383058102837,258.681351153
5641740551815,258682.448978,14,5383058102837,258.682448978
5641741105866,258683.003029,14,5383058102837,258.683003029
5641741618991,258683.516154,14,5383058102837,258.683516154
5641742225823,258684.122986,14,5383058102837,258.684122986
5642240026634,259181.923797,13,5383058102837,259.181923797
5642240617666,259182.514829,14,5383058102837,259.182514829
5642241064599,259182.961762,14,5383058102837,259.182961762
5643241969010,260183.866173,13,5383058102837,260.183866173
5646748289750,263690.186913,13,5383058102837,263.690186913
5646748886485,263690.783648,13,5383058102837,263.690783648
5646749450202,263691.347365,14,5383058102837,263.691347365
5646749985357,263691.88252,10,5383058102837,263.69188252
5646750434389,263692.331552,14,5383058102837,263.692331552
5646751073115,263692.970278,13,5383058102837,263.692970278
5646751900039,263693.797202,13,5383058102837,263.693797202
5646752395173,263694.292336,14,5383058102837,263.694292336
5647749850799,264691.747962,13,5383058102837,264.691747962
5647750268653,264692.165816,14,5383058102837,264.692165816
5648250917541,265192.814704,13,5383058102837,265.192814704
5648251444111,265193.341274,13,5383058102837,265.193341274
5648251846474,265193.743637,13,5383058102837,265.193743637
5649252377965,266194.275128,13,5383058102837,266.194275128
5649253022378,266194.919541,13,5383058102837,266.194919541
5649253570582,266195.467745,13,5383058102837,266.195467745
5649254156312,266196.053475,13,5383058102837,266.196053475
5649255091561,266196.988724,13,5383058102837,266.196988724
5651095564764,268037.461927,13,5383058102837,268.037461927
5651096385801,268038.282964,13,5383058102837,268.038282964
5651096806543,268038.703706,13,5383058102837,268.038703706
5651097211539,268039.108702,10,5383058102837,268.039108702
5651097711017,268039.60818,13,5383058102837,268.03960818
5651098172078,268040.069241,13,5383058102837,268.040069241
5651756920558,268698.817721,14,5383058102837,268.698817721
5651757471921,268699.369084,13,5383058102837,268.699369084
5651757972789,268699.869952,13,5383058102837,268.699869952
5651758528031,268700.425194,13,5383058102837,268.700425194
5651759025994,268700.923157,13,5383058102837,268.700923157
5651759928708,268701.825871,13,5383058102837,268.701825871
5651760626888,268702.524051,13,5383058102837,268.702524051
5651761045106,268702.942269,13,5383058102837,268.702942269
5651761574887,268703.47205,14,5383058102837,268.70347205
5651762070959,268703.968122,13,5383058102837,268.703968122
5651762631417,268704.52858,13,5383058102837,268.70452858
5652257482784,269199.379947,14,5383058102837,269.199379947
5656095495772,273037.392935,14,5383058102837,273.037392935
5656096818626,273038.715789,14,5383058102837,273.038715789
5656097813162,273039.710325,13,5383058102837,273.039710325
5656098347094,273040.244257,10,5383058102837,273.040244257
5656098802589,273040.699752,13,5383058102837,273.040699752
5656099330918,273041.228081,14,5383058102837,273.041228081
5656099851109,273041.748272,14,5383058102837,273.041748272
5656100556999,273042.454162,13,5383058102837,273.042454162
5656782321685,273724.218848,14,5383058102837,273.724218848
5656783056382,273724.953545,13,5383058102837,273.724953545
5657283214400,274225.111563,14,5383058102837,274.225111563
5657284060442,274225.957605,14,5383058102837,274.225957605
5657284852930,274226.750093,14,5383058102837,274.226750093
5658286012574,275227.909737,14,5383058102837,275.227909737
5658287243121,275229.140284,14,5383058102837,275.229140284
5658287745052,275229.642215,14,5383058102837,275.229642215
5658288187587,275230.08475,14,5383058102837,275.23008475
5658288667667,275230.56483,14,5383058102837,275.23056483
5661095485039,278037.382202,14,5383058102837,278.037382202
5661096426332,278038.323495,14,5383058102837,278.038323495
5661097036293,278038.933456,14,5383058102837,278.038933456
5661097778038,278039.675201,10,5383058102837,278.039675201
5661098639270,278040.536433,14,5383058102837,278.040536433
5661791882041,278733.779204,15,5383058102837,278.733779204
5661792309165,278734.206328,15,5383058102837,278.734206328
5661792713447,278734.61061,14,5383058102837,278.73461061
5661793071235,278734.968398,14,5383058102837,278.734968398
5661793519104,278735.416267,14,5383058102837,278.735416267
5661793905671,278735.802834,14,5383058102837,278.735802834
5661794861474,278736.758637,14,5383058102837,278.736758637
5662793315902,279735.213065,15,5383058102837,279.735213065
5662794418890,279736.316053,14,5383058102837,279.736316053
5662795351652,279737.248815,15,5383058102837,279.737248815
5662795937115,279737.834278,14,5383058102837,279.737834278
5663795584792,280737.481955,15,5383058102837,280.737481955
5663796467206,280738.364369,15,5383058102837,280.738364369
5666095609476,283037.506639,15,5383058102837,283.037506639
5666097317403,283039.214566,15,5383058102837,283.039214566
5666097815282,283039.712445,14,5383058102837,283.039712445
5666098320485,283040.217648,10,5383058102837,283.040217648
5666098808399,283040.705562,14,5383058102837,283.040705562
5666099365770,283041.262933,15,5383058102837,283.041262933
5666100034251,283041.931414,15,5383058102837,283.041931414
5666802911934,283744.809097,15,5383058102837,283.744809097
5666803404471,283745.301634,15,5383058102837,283.745301634
5666803879165,283745.776328,14,5383058102837,283.745776328
5666804672681,283746.569844,15,5383058102837,283.746569844
5666805512714,283747.409877,15,5383058102837,283.747409877
5666806529734,283748.426897,15,5383058102837,283.748426897
5667303509380,284245.406543,15,5383058102837,284.245406543
5667304139226,284246.036389,15,5383058102837,284.246036389
5667304799725,284246.696888,15,5383058102837,284.246696888
5667305382037,284247.2792,15,5383058102837,284.2472792
5667306155885,284248.053048,15,5383058102837,284.248053048
5671095746733,288037.643896,15,5383058102837,288.037643896
5671312291527,288254.18869,14,5383058102837,288.25418869
5671312798203,288254.695366,15,5383058102837,288.254695366
5671313303655,288255.200818,10,5383058102837,288.255200818
5671313740344,288255.637507,15,5383058102837,288.255637507
5671314270490,288256.167653,14,5383058102837,288.256167653
5671314884598,288256.781761,14,5383058102837,288.256781761
5671315740141,288257.637304,15,5383058102837,288.257637304
5671316343330,288258.240493,15,5383058102837,288.258240493
5671316780818,288258.677981,15,5383058102837,288.258677981
5671317275094,288259.172257,15,5383058102837,288.259172257
5672315446286,289257.343449,14,5383058102837,289.257343449
5672316068577,289257.96574,14,5383058102837,289.25796574
5672316562506,289258.459669,15,5383058102837,289.258459669
5672316959560,289258.856723,14,5383058102837,289.258856723
5672317486663,289259.383826,15,5383058102837,289.259383826
5672816693015,289758.590178,14,5383058102837,289.758590178
5672817408698,289759.305861,14,5383058102837,289.759305861
5676095608233,293037.505396,14,5383058102837,293.037505396
5676097293549,293039.190712,14,5383058102837,293.039190712
5676827652307,293769.54947,14,5383058102837,293.76954947
5676828578496,293770.475659,10,5383058102837,293.770475659
5677328029293,294269.926456,14,5383058102837,294.269926456
5677328521222,294270.418385,14,5383058102837,294.270418385
5677329029861,294270.927024,14,5383058102837,294.270927024
5677331813344,294273.710507,14,5383058102837,294.273710507
5677332580100,294274.477263,14,5383058102837,294.274477263
5677830029435,294771.926598,14,5383058102837,294.771926598
5677831031953,294772.929116,14,5383058102837,294.772929116
5677831957651,294773.854814,14,5383058102837,294.773854814
5677832884798,294774.781961,14,5383058102837,294.774781961
5677833482214,294775.379377,14,5383058102837,294.775379377
5678330591787,295272.48895,15,5383058102837,295.27248895
5678331411535,295273.308698,14,5383058102837,295.273308698
5678331895290,295273.792453,14,5383058102837,295.273792453
5679331554791,296273.451954,24,5383058102837,296.273451954
5681095487849,298037.385012,24,5383058102837,298.037385012
5681096223685,298038.120848,24,5383058102837,298.038120848
5681096880648,298038.777811,24,5383058102837,298.038777811
5681097787696,298039.684859,19,5383058102837,298.039684859
5681098509666,298040.406829,24,5383058102837,298.040406829
5681099005735,298040.902898,24,5383058102837,298.040902898
5681099344426,298041.241589,24,5383058102837,298.041241589
5681099655245,298041.552408,24,5383058102837,298.041552408
5681100094793,298041.991956,24,5383058102837,298.041991956
5681100598116,298042.495279,24,5383058102837,298.042495279
5681101205238,298043.102401,24,5383058102837,298.043102401
5681102145477,298044.04264,24,5383058102837,298.04404264
5681103054582,298044.951745,24,5383058102837,298.044951745
5681103856112,298045.753275,24,5383058102837,298.045753275
5681104446967,298046.34413,24,5383058102837,298.04634413
5681105259430,298047.156593,24,5383058102837,298.047156593
5681105896255,298047.793418,24,5383058102837,298.047793418
5681106534765,298048.431928,24,5383058102837,298.048431928
5681106538023,298048.435186,7,5383058102837,298.048435186
5681106539233,298048.436396,0,5383058102837,298.048436396
