14:08:42	CPU	%user	nice	%system	%iowait	%steal	%idle
14:08:43	all	1,25	0,00	0,25	0,00	0,00	98,49
14:08:44	all	3,02	0,00	1,13	0,00	0,00	95,85
14:08:45	all	4,41	0,00	1,01	0,13	0,00	94,45
14:08:46	all	3,40	0,00	0,50	0,00	0,00	96,10
14:08:47	all	20,85	0,00	1,63	0,00	0,00	77,51
14:08:48	all	33,42	0,00	2,12	0,00	0,00	64,46
14:08:49	all	18,56	0,00	2,02	0,00	0,00	79,42
14:08:50	all	13,61	0,00	1,50	0,62	0,00	84,27
14:08:51	all	11,95	0,00	1,64	0,13	0,00	86,29
14:08:52	all	18,38	0,00	1,62	0,00	0,00	80,00
14:08:53	all	30,38	0,00	1,12	0,00	0,00	68,50
14:08:54	all	55,71	0,00	1,13	0,00	0,00	43,16
14:08:55	all	55,06	0,00	1,12	0,25	0,00	43,57
14:08:56	all	24,43	0,00	1,26	0,13	0,00	74,18
14:08:57	all	21,09	0,00	1,91	0,00	0,00	77,00
14:08:58	all	12,63	0,00	2,27	0,00	0,00	85,10
14:08:59	all	9,10	0,00	3,03	0,13	0,00	87,74
14:09:00	all	8,37	0,00	2,15	0,38	0,00	89,10
14:09:01	all	6,86	0,00	2,16	0,00	0,00	90,98
14:09:02	all	5,30	0,00	1,77	0,13	0,00	92,80
14:09:03	all	7,05	0,00	2,77	0,13	0,00	90,05
14:09:04	all	6,27	0,00	2,76	0,00	0,00	90,97
14:09:05	all	4,56	0,00	1,90	0,13	0,00	93,42
14:09:06	all	15,01	0,00	2,52	0,00	0,00	82,47
14:09:07	all	4,18	0,00	1,39	0,13	0,00	94,30
14:09:08	all	7,68	0,00	2,64	0,00	0,00	89,67
14:09:09	all	4,68	0,00	2,15	0,00	0,00	93,17
14:09:10	all	4,93	0,00	1,39	0,25	0,00	93,43
14:09:11	all	5,42	0,00	3,03	0,00	0,00	91,55
14:09:12	all	6,45	0,00	1,39	0,00	0,00	92,16
14:09:13	all	5,31	0,00	2,78	0,00	0,00	91,91
14:09:14	all	4,66	0,00	1,51	0,13	0,00	93,70
14:09:15	all	5,34	0,00	2,41	0,25	0,00	91,99
14:09:16	all	3,79	0,00	2,15	0,13	0,00	93,93
14:09:17	all	5,69	0,00	1,77	0,00	0,00	92,54
14:09:18	all	6,46	0,00	2,41	0,00	0,00	91,14
14:09:19	all	9,03	0,00	1,25	0,00	0,00	89,71
14:09:20	all	8,71	0,00	2,27	0,25	0,00	88,76
14:09:21	all	2,41	0,00	1,40	0,13	0,00	96,07
14:09:22	all	4,57	0,00	2,28	0,13	0,00	93,02
14:09:23	all	3,77	0,00	2,01	0,00	0,00	94,22
14:09:24	all	6,56	0,00	2,77	0,00	0,00	90,67
14:09:25	all	3,32	0,00	1,53	0,13	0,00	95,03
14:09:26	all	5,00	0,00	2,50	0,38	0,00	92,12
14:09:27	all	4,43	0,00	2,78	0,00	0,00	92,78
14:09:28	all	3,42	0,00	2,03	0,00	0,00	94,56
14:09:29	all	5,29	0,00	3,02	0,00	0,00	91,69
14:09:30	all	3,17	0,00	1,40	0,00	0,00	95,43
14:09:31	all	5,43	0,00	2,78	0,38	0,00	91,41
14:09:32	all	2,54	0,00	1,78	0,00	0,00	95,69
14:09:33	all	4,72	0,00	2,55	0,00	0,00	92,73
14:09:34	all	3,54	0,00	2,15	0,00	0,00	94,31
14:09:35	all	4,67	0,00	1,52	0,00	0,00	93,81
14:09:36	all	4,30	0,00	2,78	0,51	0,00	92,41
14:09:37	all	3,17	0,00	1,52	0,00	0,00	95,31
14:09:38	all	5,56	0,00	2,65	0,00	0,00	91,78
14:09:39	all	3,16	0,00	1,64	0,00	0,00	95,20
14:09:40	all	4,82	0,00	2,28	0,13	0,00	92,78
14:09:41	all	2,41	0,00	1,78	0,25	0,00	95,56
14:09:42	all	3,92	0,00	2,78	0,00	0,00	93,29
14:09:43	all	3,56	0,00	1,91	0,00	0,00	94,53
14:09:44	all	5,67	0,00	1,13	0,00	0,00	93,20
14:09:45	all	4,92	0,00	2,77	0,00	0,00	92,31
14:09:46	all	3,28	0,00	1,52	0,25	0,00	94,95
14:09:47	all	5,05	0,00	2,65	0,00	0,00	92,30
14:09:48	all	4,05	0,00	1,52	0,00	0,00	94,43
14:09:49	all	8,93	0,00	2,39	0,00	0,00	88,68
14:09:50	all	3,41	0,00	1,90	0,13	0,00	94,56
14:09:51	all	4,95	0,00	2,16	1,14	0,00	91,75
14:09:52	all	3,44	0,00	2,55	2,80	0,00	91,21
14:09:53	all	4,56	0,00	1,90	0,00	0,00	93,54
14:09:54	all	5,40	0,00	2,89	0,13	0,00	91,59
14:09:55	all	4,46	0,00	1,02	0,00	0,00	94,52
14:09:56	all	6,05	0,00	2,90	0,25	0,00	90,79
14:09:57	all	3,80	0,00	1,27	0,13	0,00	94,80
14:09:58	all	5,30	0,00	2,40	0,00	0,00	92,31
14:09:59	all	4,05	0,00	1,52	0,00	0,00	94,43
14:10:00	all	5,97	0,00	2,80	0,00	0,00	91,23
14:10:01	all	3,67	0,00	2,53	0,38	0,00	93,42
14:10:02	all	4,59	0,00	1,15	0,64	0,00	93,62
14:10:03	all	5,07	0,00	3,17	0,00	0,00	91,76
14:10:04	all	3,42	0,00	2,28	0,00	0,00	94,30
14:10:05	all	5,14	0,00	3,26	0,00	0,00	91,60
14:10:06	all	3,42	0,00	1,52	0,00	0,00	95,06
14:10:07	all	4,18	0,00	2,92	1,01	0,00	91,89
14:10:08	all	3,55	0,00	1,65	0,00	0,00	94,80
14:10:09	all	5,50	0,00	3,75	0,00	0,00	90,75
14:10:10	all	3,79	0,00	2,78	0,00	0,00	93,43
14:10:11	all	4,68	0,00	1,77	0,00	0,00	93,54
14:10:12	all	4,79	0,00	3,15	0,13	0,00	91,93
14:10:13	all	4,33	0,00	1,40	0,13	0,00	94,14
14:10:14	all	4,90	0,00	3,39	0,00	0,00	91,71
14:10:15	all	3,20	0,00	1,41	0,00	0,00	95,40
14:10:16	all	5,16	0,00	3,27	0,00	0,00	91,57
14:10:17	all	4,07	0,00	1,91	0,00	0,00	94,03
14:10:18	all	6,05	0,00	2,64	0,38	0,00	90,93
14:10:19	all	2,94	0,00	2,68	0,00	0,00	94,38
14:10:20	all	4,44	0,00	2,16	0,00	0,00	93,40
14:10:21	all	5,33	0,00	2,41	0,00	0,00	92,26
14:10:22	all	2,67	0,00	2,04	0,00	0,00	95,29
14:10:23	all	5,42	0,00	3,15	0,50	0,00	90,93
14:10:24	all	3,18	0,00	2,04	0,00	0,00	94,78
14:10:25	all	5,79	0,00	2,90	0,00	0,00	91,31
14:10:26	all	2,93	0,00	1,66	0,00	0,00	95,41
14:10:27	all	4,89	0,00	3,51	0,00	0,00	91,59
14:10:28	all	3,94	0,00	2,29	0,38	0,00	93,38
14:10:29	all	4,96	0,00	1,65	0,00	0,00	93,39
14:10:30	all	4,19	0,00	2,92	0,00	0,00	92,89
14:10:31	all	2,93	0,00	1,91	0,00	0,00	95,16
14:10:32	all	4,93	0,00	2,91	0,00	0,00	92,16
14:10:33	all	3,67	0,00	1,77	0,38	0,00	94,18
14:10:34	all	4,81	0,00	3,04	0,00	0,00	92,15
14:10:35	all	2,30	0,00	1,66	0,00	0,00	96,04
14:10:36	all	5,09	0,00	2,29	0,00	0,00	92,62
14:10:37	all	2,93	0,00	2,93	0,13	0,00	94,02
14:10:38	all	5,84	0,00	2,03	0,25	0,00	91,88
14:10:39	all	4,67	0,00	3,16	0,00	0,00	92,17
14:10:40	all	3,04	0,00	2,15	0,00	0,00	94,80
14:10:41	all	5,04	0,00	3,28	0,00	0,00	91,68
14:10:42	all	3,17	0,00	1,90	0,00	0,00	94,93
14:10:43	all	6,19	0,00	3,03	0,38	0,00	90,39
14:10:44	all	3,78	0,00	2,02	0,00	0,00	94,20
14:10:45	all	4,92	0,00	3,40	0,00	0,00	91,68
14:10:46	all	2,55	0,00	2,68	0,13	0,00	94,65
14:10:47	all	4,82	0,00	1,65	0,00	0,00	93,53
14:10:48	all	5,58	0,00	2,41	0,25	0,00	91,75
14:10:49	all	3,05	0,00	1,91	0,00	0,00	95,04
14:10:50	all	4,70	0,00	2,79	0,00	0,00	92,51
14:10:51	all	2,92	0,00	1,52	0,00	0,00	95,56
14:10:52	all	4,56	0,00	2,91	0,13	0,00	92,41
14:10:53	all	2,81	0,00	1,92	0,26	0,00	95,02
14:10:54	all	5,42	0,00	2,77	0,13	0,00	91,68
14:10:55	all	3,76	0,00	3,01	0,00	0,00	93,22
14:10:56	all	6,64	0,00	2,26	0,00	0,00	91,10
14:10:57	all	5,70	0,00	2,53	0,00	0,00	91,76
14:10:58	all	3,92	0,00	2,02	0,38	0,00	93,68
14:10:59	all	5,30	0,00	3,15	0,00	0,00	91,55
14:11:00	all	3,29	0,00	2,28	0,00	0,00	94,44
14:11:01	all	5,90	0,00	3,51	0,00	0,00	90,59
14:11:02	all	2,91	0,00	2,15	0,13	0,00	94,81
14:11:03	all	5,21	0,00	2,16	0,00	0,00	92,63
14:11:04	all	3,04	0,00	2,92	0,25	0,00	93,79
14:11:05	all	4,08	0,00	1,27	0,00	0,00	94,65
14:11:06	all	4,60	0,00	2,43	0,00	0,00	92,98
14:11:07	all	3,18	0,00	1,78	0,00	0,00	95,03
14:11:08	all	5,20	0,00	2,66	0,13	0,00	92,01
14:11:09	all	3,18	0,00	1,91	0,13	0,00	94,78
14:11:10	all	5,31	0,00	2,78	0,13	0,00	91,78
14:11:11	all	2,93	0,00	1,53	0,00	0,00	95,54
14:11:12	all	4,17	0,00	3,16	0,00	0,00	92,67
14:11:13	all	3,30	0,00	3,05	0,00	0,00	93,65
14:11:14	all	4,31	0,00	1,65	0,38	0,00	93,66
14:11:15	all	4,44	0,00	3,05	0,00	0,00	92,51
14:11:16	all	3,65	0,00	2,14	0,00	0,00	94,21
14:11:17	all	5,33	0,00	3,17	0,00	0,00	91,50
14:11:18	all	3,30	0,00	1,78	0,13	0,00	94,80
14:11:19	all	4,80	0,00	3,41	0,38	0,00	91,41
14:11:20	all	2,66	0,00	2,03	0,00	0,00	95,31
14:11:21	all	4,78	0,00	2,89	0,00	0,00	92,33
14:11:22	all	3,16	0,00	3,03	0,00	0,00	93,81
14:11:23	all	4,57	0,00	2,03	0,00	0,00	93,40
14:11:24	all	4,68	0,00	2,91	0,25	0,00	92,15
14:11:25	all	3,29	0,00	1,90	0,13	0,00	94,68
14:11:26	all	5,65	0,00	3,14	0,00	0,00	91,22
14:11:27	all	3,92	0,00	1,39	0,13	0,00	94,56
14:11:28	all	4,70	0,00	2,41	0,00	0,00	92,88
14:11:29	all	2,30	0,00	1,91	0,38	0,00	95,41
14:11:30	all	4,42	0,00	3,16	0,00	0,00	92,41
14:11:31	all	3,44	0,00	2,55	0,00	0,00	94,01
14:11:32	all	4,69	0,00	1,65	0,00	0,00	93,66
14:11:33	all	5,18	0,00	2,78	0,13	0,00	91,92
14:11:34	all	3,17	0,00	2,28	0,13	0,00	94,42
14:11:35	all	5,04	0,00	3,15	0,00	0,00	91,80
14:11:36	all	2,54	0,00	2,04	0,00	0,00	95,42
14:11:37	all	5,07	0,00	3,17	0,00	0,00	91,76
14:11:38	all	3,42	0,00	1,90	0,00	0,00	94,68
14:11:39	all	5,05	0,00	2,65	0,38	0,00	91,92
14:11:40	all	4,01	0,00	3,13	0,00	0,00	92,87
14:11:41	all	4,29	0,00	2,27	0,13	0,00	93,32
14:11:42	all	5,18	0,00	2,78	0,00	0,00	92,04
14:11:43	all	3,18	0,00	1,78	0,00	0,00	95,04
14:11:44	all	4,91	0,00	3,27	0,25	0,00	91,56
14:11:45	all	3,17	0,00	1,78	0,00	0,00	95,05
14:11:46	all	4,78	0,00	3,40	0,00	0,00	91,82
14:11:47	all	3,03	0,00	2,15	0,13	0,00	94,69
14:11:48	all	5,32	0,00	2,53	0,00	0,00	92,15
14:11:49	all	3,04	0,00	3,30	0,38	0,00	93,28
14:11:50	all	4,57	0,00	1,27	0,00	0,00	94,16
14:11:51	all	4,65	0,00	3,89	0,00	0,00	91,46
14:11:52	all	3,66	0,00	1,64	0,00	0,00	94,70
14:11:53	all	5,31	0,00	2,53	0,13	0,00	92,04
14:11:54	all	2,79	0,00	2,03	0,25	0,00	94,93
14:11:55	all	4,42	0,00	3,16	0,00	0,00	92,41
14:11:56	all	2,42	0,00	1,91	0,00	0,00	95,67
14:11:57	all	5,56	0,00	2,40	0,13	0,00	91,91
14:11:58	all	4,53	0,00	3,15	0,00	0,00	92,32
14:11:59	all	4,96	0,00	1,52	0,25	0,00	93,27
14:12:00	all	4,91	0,00	2,90	0,00	0,00	92,19
14:12:01	all	3,04	0,00	1,77	0,13	0,00	95,06
14:12:02	all	4,45	0,00	2,67	0,00	0,00	92,88
14:12:03	all	3,30	0,00	1,90	0,13	0,00	94,68
14:12:04	all	4,91	0,00	3,40	0,25	0,00	91,45
14:12:05	all	2,78	0,00	2,02	0,00	0,00	95,20
14:12:06	all	4,94	0,00	2,53	0,13	0,00	92,40
14:12:07	all	3,04	0,00	3,17	0,00	0,00	93,79
14:12:08	all	4,21	0,00	1,28	0,13	0,00	94,38
14:12:09	all	4,68	0,00	3,03	0,25	0,00	92,04
14:12:10	all	3,03	0,00	2,40	0,00	0,00	94,58
14:12:11	all	5,40	0,00	3,14	0,00	0,00	91,46
14:12:12	all	2,80	0,00	2,04	0,00	0,00	95,17
14:12:13	all	5,28	0,00	3,39	0,00	0,00	91,33
14:12:14	all	2,92	0,00	2,03	0,38	0,00	94,68
14:12:15	all	4,69	0,00	2,92	0,00	0,00	92,40
14:12:16	all	3,52	0,00	3,52	0,00	0,00	92,96
14:12:17	all	4,56	0,00	1,65	0,00	0,00	93,79
14:12:18	all	4,96	0,00	2,92	0,13	0,00	91,99
14:12:19	all	3,16	0,00	2,03	0,25	0,00	94,56
14:12:20	all	4,68	0,00	3,42	0,00	0,00	91,90
14:12:21	all	2,66	0,00	2,28	0,00	0,00	95,06
14:12:22	all	4,41	0,00	3,78	0,00	0,00	91,80
14:12:23	all	3,17	0,00	1,78	0,00	0,00	95,05
14:12:24	all	3,81	0,00	3,43	0,25	0,00	92,51
14:12:25	all	3,79	0,00	2,40	0,00	0,00	93,81
14:12:26	all	3,82	0,00	1,65	0,00	0,00	94,53
14:12:27	all	5,55	0,00	2,40	0,00	0,00	92,06
14:12:28	all	3,04	0,00	2,28	0,13	0,00	94,55
14:12:29	all	4,70	0,00	2,41	0,38	0,00	92,50
14:12:30	all	2,66	0,00	2,03	0,00	0,00	95,30
14:12:31	all	4,92	0,00	3,03	0,00	0,00	92,06
14:12:32	all	2,53	0,00	2,28	0,13	0,00	95,07
14:12:33	all	6,00	0,00	2,81	0,00	0,00	91,19
14:12:34	all	3,29	0,00	3,29	0,13	0,00	93,30
14:12:35	all	4,78	0,00	1,64	0,00	0,00	93,58
14:12:36	all	4,92	0,00	2,90	0,13	0,00	92,05
14:12:37	all	2,18	0,00	1,79	0,00	0,00	96,03
14:12:38	all	4,82	0,00	3,17	0,13	0,00	91,89
14:12:39	all	2,17	0,00	1,79	0,26	0,00	95,78
14:12:40	all	3,93	0,00	3,30	0,13	0,00	92,64
14:12:41	all	2,54	0,00	1,65	0,00	0,00	95,80
14:12:42	all	4,95	0,00	2,28	0,00	0,00	92,77
14:12:43	all	3,53	0,00	3,53	0,00	0,00	92,95
14:12:44	all	4,55	0,00	1,52	0,25	0,00	93,69
14:12:45	all	4,82	0,00	2,79	0,00	0,00	92,40
14:12:46	all	3,29	0,00	1,77	0,00	0,00	94,94
14:12:47	all	5,66	0,00	3,52	0,00	0,00	90,82
14:12:48	all	2,56	0,00	1,79	0,00	0,00	95,65
14:12:49	all	4,91	0,00	3,15	0,38	0,00	91,56
14:12:50	all	2,29	0,00	1,66	0,00	0,00	96,05
14:12:51	all	4,29	0,00	3,16	0,00	0,00	92,55
14:12:52	all	3,05	0,00	2,54	0,00	0,00	94,40
14:12:53	all	4,54	0,00	1,89	0,13	0,00	93,44
14:12:54	all	5,44	0,00	2,41	0,25	0,00	91,90
14:12:55	all	2,93	0,00	1,78	0,00	0,00	95,29
14:12:56	all	4,82	0,00	2,92	0,00	0,00	92,27
14:12:57	all	3,14	0,00	2,51	0,13	0,00	94,22
14:12:58	all	4,79	0,00	3,15	0,00	0,00	92,06
14:12:59	all	3,05	0,00	1,78	0,25	0,00	94,92
14:13:00	all	4,56	0,00	2,66	0,00	0,00	92,78
14:13:01	all	3,03	0,00	3,16	0,13	0,00	93,69
14:13:02	all	4,69	0,00	1,27	0,13	0,00	93,92
14:13:03	all	4,83	0,00	3,05	0,00	0,00	92,12
14:13:04	all	2,43	0,00	1,79	0,38	0,00	95,40
14:13:05	all	5,05	0,00	3,03	0,00	0,00	91,92
14:13:06	all	2,79	0,00	1,90	0,00	0,00	95,31
14:13:07	all	4,42	0,00	3,03	0,13	0,00	92,42
14:13:08	all	2,92	0,00	1,65	0,00	0,00	95,43
14:13:09	all	4,78	0,00	3,40	0,25	0,00	91,57
14:13:10	all	2,30	0,00	3,06	0,00	0,00	94,64
14:13:11	all	4,77	0,00	2,14	0,00	0,00	93,09
14:13:12	all	4,92	0,00	3,28	0,00	0,00	91,80
14:13:13	all	3,17	0,00	1,90	0,13	0,00	94,80
14:13:14	all	4,94	0,00	3,04	0,25	0,00	91,77
14:13:15	all	2,92	0,00	1,90	0,00	0,00	95,18
14:13:16	all	4,65	0,00	3,02	0,00	0,00	92,33
14:13:17	all	2,66	0,00	1,78	0,13	0,00	95,43
14:13:18	all	4,95	0,00	2,92	0,00	0,00	92,13
14:13:19	all	3,56	0,00	2,42	0,25	0,00	93,77
14:13:20	all	4,40	0,00	2,26	0,00	0,00	93,33
14:13:21	all	4,78	0,00	3,40	0,13	0,00	91,70
14:13:22	all	3,29	0,00	1,77	0,00	0,00	94,94
14:13:23	all	5,06	0,00	2,66	0,13	0,00	92,15
14:13:24	all	3,53	0,00	2,14	0,25	0,00	94,08
14:13:25	all	5,05	0,00	2,90	0,00	0,00	92,05
14:13:26	all	2,80	0,00	1,78	0,00	0,00	95,42
14:13:27	all	5,06	0,00	2,78	0,13	0,00	92,04
14:13:28	all	4,65	0,00	2,76	0,00	0,00	92,59
14:13:29	all	5,21	0,00	1,78	0,38	0,00	92,63
14:13:30	all	5,41	0,00	3,14	0,00	0,00	91,45
14:13:31	all	2,67	0,00	1,91	0,00	0,00	95,42
14:13:32	all	5,28	0,00	2,77	0,00	0,00	91,95
14:13:33	all	3,04	0,00	1,77	0,13	0,00	95,06
14:13:34	all	5,43	0,00	2,65	0,38	0,00	91,54
14:13:35	all	3,17	0,00	1,52	0,00	0,00	95,31
14:13:36	all	5,03	0,00	3,02	0,13	0,00	91,82
14:13:37	all	3,67	0,00	2,91	0,00	0,00	93,43
14:13:38	all	4,45	0,00	1,91	0,00	0,00	93,65
14:13:39	all	4,55	0,00	3,03	0,38	0,00	92,04
14:13:40	all	2,79	0,00	2,15	0,00	0,00	95,06
14:13:41	all	3,94	0,00	2,80	0,00	0,00	93,26
14:13:42	all	3,16	0,00	1,65	0,00	0,00	95,19
14:13:43	all	4,55	0,00	3,16	0,13	0,00	92,16
14:13:44	all	2,77	0,00	2,40	0,25	0,00	94,58
14:13:45	all	4,17	0,00	3,66	0,00	0,00	92,17
14:13:46	all	2,92	0,00	2,79	0,00	0,00	94,30
14:13:47	all	4,18	0,00	2,03	0,00	0,00	93,79
14:13:48	all	4,81	0,00	2,66	0,00	0,00	92,53
14:13:49	all	2,77	0,00	2,40	0,38	0,00	94,45
14:13:50	all	5,16	0,00	3,40	0,00	0,00	91,45
14:13:51	all	3,80	0,00	2,03	0,00	0,00	94,17
14:13:52	all	5,68	0,00	3,41	0,00	0,00	90,91
14:13:53	all	6,18	0,00	2,02	0,13	0,00	91,68
14:13:54	all	6,05	0,00	3,03	0,38	0,00	90,54
14:13:55	all	4,07	0,00	2,80	0,13	0,00	93,01
14:13:56	all	5,08	0,00	2,41	0,00	0,00	92,51
14:13:57	all	5,30	0,00	3,78	0,00	0,00	90,92
14:13:58	all	7,30	0,00	1,13	0,13	0,00	91,45
14:13:59	all	6,31	0,00	4,41	0,50	0,00	88,78
14:14:00	all	3,81	0,00	1,27	0,13	0,00	94,80
14:14:01	all	5,45	0,00	3,93	0,00	0,00	90,62
14:14:02	all	3,16	0,00	2,02	0,00	0,00	94,82
14:14:03	all	5,18	0,00	2,65	0,00	0,00	92,16
14:14:04	all	2,04	0,00	1,79	0,38	0,00	95,79
14:14:05	all	4,43	0,00	3,04	0,00	0,00	92,53
14:14:06	all	2,28	0,00	2,41	0,13	0,00	95,19
14:14:07	all	3,92	0,00	2,66	0,00	0,00	93,42
14:14:08	all	4,30	0,00	3,04	0,00	0,00	92,66
14:14:09	all	3,03	0,00	2,02	0,25	0,00	94,70
14:14:10	all	5,06	0,00	2,53	0,13	0,00	92,28
14:14:11	all	3,41	0,00	1,77	0,00	0,00	94,82
14:14:12	all	4,92	0,00	2,90	0,00	0,00	92,17
14:14:13	all	3,29	0,00	1,77	0,13	0,00	94,81
14:14:14	all	5,63	0,00	3,00	0,38	0,00	90,99
14:14:15	all	3,25	0,00	3,00	0,00	0,00	93,74
14:14:16	all	4,41	0,00	2,27	0,00	0,00	93,32
14:14:17	all	3,81	0,00	2,79	0,13	0,00	93,27
14:14:18	all	3,17	0,00	1,65	0,00	0,00	95,18
14:14:19	all	4,90	0,00	3,27	0,25	0,00	91,58
14:14:20	all	3,68	0,00	1,14	0,00	0,00	95,17
14:14:21	all	4,43	0,00	3,04	0,00	0,00	92,53
14:14:22	all	2,43	0,00	1,40	0,00	0,00	96,17
14:14:23	all	5,32	0,00	2,91	0,00	0,00	91,77
14:14:24	all	3,16	0,00	2,53	0,25	0,00	94,05
14:14:25	all	4,04	0,00	2,27	0,13	0,00	93,56
14:14:26	all	5,90	0,00	3,51	0,00	0,00	90,59
14:14:27	all	3,04	0,00	2,28	0,00	0,00	94,68
14:14:28	all	5,20	0,00	2,92	0,00	0,00	91,88
14:14:29	all	2,93	0,00	1,53	0,38	0,00	95,17
14:14:30	all	4,20	0,00	2,68	0,00	0,00	93,12
14:14:31	all	2,53	0,00	2,15	0,00	0,00	95,32
14:14:32	all	4,28	0,00	3,14	0,00	0,00	92,58
14:14:33	all	3,04	0,00	2,92	0,13	0,00	93,92
14:14:34	all	4,43	0,00	1,90	0,38	0,00	93,29
14:14:35	all	4,58	0,00	2,67	0,00	0,00	92,75
14:14:36	all	2,91	0,00	2,15	0,00	0,00	94,94
14:14:37	all	5,44	0,00	2,40	0,13	0,00	92,04
14:14:38	all	3,67	0,00	1,77	0,00	0,00	94,56
14:14:39	all	4,33	0,00	2,80	0,38	0,00	92,49
14:14:40	all	3,04	0,00	1,90	0,00	0,00	95,06
14:14:41	all	4,82	0,00	2,54	0,13	0,00	92,51
14:14:42	all	3,05	0,00	2,92	0,00	0,00	94,04
14:14:43	all	4,59	0,00	1,15	0,00	0,00	94,27
14:14:44	all	4,93	0,00	3,16	0,38	0,00	91,53
14:14:45	all	3,29	0,00	1,77	0,00	0,00	94,94
14:14:46	all	4,66	0,00	3,40	0,00	0,00	91,94
14:14:47	all	2,67	0,00	1,91	0,00	0,00	95,43
14:14:48	all	5,05	0,00	2,53	0,00	0,00	92,42
14:14:49	all	2,66	0,00	2,03	0,38	0,00	94,94
14:14:50	all	4,45	0,00	2,80	0,00	0,00	92,76
14:14:51	all	3,40	0,00	2,77	0,13	0,00	93,69
14:14:52	all	4,44	0,00	1,90	0,00	0,00	93,66
14:14:53	all	6,05	0,00	2,27	0,00	0,00	91,68
14:14:54	all	3,06	0,00	1,53	0,13	0,00	95,29
14:14:55	all	4,44	0,00	3,17	0,00	0,00	92,40
14:14:56	all	3,64	0,00	2,01	0,00	0,00	94,35
14:14:57	all	4,94	0,00	2,53	0,00	0,00	92,53
14:14:58	all	3,77	0,00	2,14	0,13	0,00	93,96
14:14:59	all	6,29	0,00	2,89	0,38	0,00	90,44
14:15:00	all	3,81	0,00	2,29	0,00	0,00	93,90
14:15:01	all	4,67	0,00	2,27	0,00	0,00	93,06
14:15:02	all	4,44	0,00	3,30	0,00	0,00	92,27
14:15:03	all	3,05	0,00	1,78	0,13	0,00	95,05
14:15:04	all	4,69	0,00	2,79	0,38	0,00	92,14
14:15:05	all	3,16	0,00	1,90	0,00	0,00	94,94
14:15:06	all	4,19	0,00	3,05	0,00	0,00	92,77
14:15:07	all	3,52	0,00	2,14	0,00	0,00	94,35
14:15:08	all	4,70	0,00	2,79	0,13	0,00	92,39
14:15:09	all	3,16	0,00	2,41	0,25	0,00	94,18
14:15:10	all	5,14	0,00	2,13	0,00	0,00	92,72
14:15:11	all	5,05	0,00	2,90	0,00	0,00	92,05
14:15:12	all	2,79	0,00	1,77	0,13	0,00	95,31
14:15:13	all	4,92	0,00	3,03	0,00	0,00	92,05
14:15:14	all	3,03	0,00	2,02	0,38	0,00	94,56
14:15:15	all	4,79	0,00	3,02	0,00	0,00	92,19
14:15:16	all	2,54	0,00	2,16	0,00	0,00	95,30
14:15:17	all	5,41	0,00	3,14	0,00	0,00	91,45
14:15:18	all	3,41	0,00	2,91	0,13	0,00	93,55
14:15:19	all	4,55	0,00	2,02	0,25	0,00	93,17
14:15:20	all	4,30	0,00	2,78	0,13	0,00	92,79
14:15:21	all	3,03	0,00	2,15	0,00	0,00	94,82
14:15:22	all	5,55	0,00	3,40	0,00	0,00	91,05
14:15:23	all	2,42	0,00	2,17	0,00	0,00	95,41
14:15:24	all	4,93	0,00	2,65	0,38	0,00	92,04
14:15:25	all	2,79	0,00	1,65	0,13	0,00	95,43
14:15:26	all	4,20	0,00	2,68	0,00	0,00	93,12
14:15:27	all	2,92	0,00	2,79	0,13	0,00	94,16
14:15:28	all	4,55	0,00	2,28	0,00	0,00	93,17
14:15:29	all	4,04	0,00	3,41	0,25	0,00	92,30
14:15:30	all	2,66	0,00	1,90	0,00	0,00	95,44
14:15:31	all	4,46	0,00	2,30	0,00	0,00	93,24
14:15:32	all	2,54	0,00	1,78	0,00	0,00	95,67
14:15:33	all	4,92	0,00	2,65	0,13	0,00	92,30
14:15:34	all	3,39	0,00	2,26	0,13	0,00	94,23
14:15:35	all	4,41	0,00	3,28	0,25	0,00	92,06
14:15:36	all	2,79	0,00	2,79	0,00	0,00	94,42
14:15:37	all	4,31	0,00	1,77	0,00	0,00	93,92
14:15:38	all	4,91	0,00	3,14	0,00	0,00	91,95
14:15:39	all	2,78	0,00	2,15	0,25	0,00	94,82
14:15:40	all	5,08	0,00	2,28	0,13	0,00	92,51
14:15:41	all	3,29	0,00	1,52	0,13	0,00	95,07
14:15:42	all	4,81	0,00	2,66	0,00	0,00	92,53
14:15:43	all	3,03	0,00	2,27	0,00	0,00	94,70
14:15:44	all	4,05	0,00	3,29	0,13	0,00	92,54
14:15:45	all	2,65	0,00	3,03	0,13	0,00	94,19
14:15:46	all	3,68	0,00	1,52	0,00	0,00	94,79
14:15:47	all	4,80	0,00	2,65	0,13	0,00	92,42
14:15:48	all	3,29	0,00	2,02	0,00	0,00	94,69
14:15:49	all	4,81	0,00	2,91	0,13	0,00	92,15
14:15:50	all	2,05	0,00	1,54	0,26	0,00	96,16
14:15:51	all	5,31	0,00	2,65	0,00	0,00	92,04
14:15:52	all	2,53	0,00	2,03	0,00	0,00	95,44
14:15:53	all	4,56	0,00	2,78	0,00	0,00	92,66
14:15:54	all	3,51	0,00	3,39	0,13	0,00	92,97
14:15:55	all	4,40	0,00	1,64	0,25	0,00	93,71
14:15:56	all	4,55	0,00	2,90	0,00	0,00	92,55
14:15:57	all	3,16	0,00	1,65	0,13	0,00	95,06
14:15:58	all	4,57	0,00	3,17	0,00	0,00	92,26
14:15:59	all	3,53	0,00	2,27	0,13	0,00	94,07
14:16:00	all	4,71	0,00	2,80	0,13	0,00	92,37
14:16:01	all	2,42	0,00	1,28	0,13	0,00	96,17
14:16:02	all	4,78	0,00	2,77	0,00	0,00	92,45
14:16:03	all	3,30	0,00	3,17	0,00	0,00	93,54
14:16:04	all	3,92	0,00	1,64	0,13	0,00	94,31
14:16:05	all	5,33	0,00	2,28	0,13	0,00	92,26
14:16:06	all	2,92	0,00	1,52	0,00	0,00	95,55
14:16:07	all	5,04	0,00	3,02	0,13	0,00	91,81
14:16:08	all	3,03	0,00	2,53	0,13	0,00	94,32
14:16:09	all	4,80	0,00	2,91	0,00	0,00	92,29
14:16:10	all	2,16	0,00	1,91	0,51	0,00	95,42
14:16:11	all	4,70	0,00	2,16	0,00	0,00	93,15
14:16:12	all	3,41	0,00	3,16	0,00	0,00	93,43
14:16:13	all	3,93	0,00	1,65	0,00	0,00	94,42
14:16:14	all	4,81	0,00	2,78	0,00	0,00	92,41
14:16:15	all	3,27	0,00	2,51	0,38	0,00	93,84
14:16:16	all	5,05	0,00	2,90	0,00	0,00	92,05
14:16:17	all	4,66	0,00	1,76	0,00	0,00	93,58
14:16:18	all	4,91	0,00	3,40	0,00	0,00	91,70
14:16:19	all	3,43	0,00	1,14	0,13	0,00	95,30
14:16:20	all	5,18	0,00	2,65	0,13	0,00	92,05
14:16:21	all	3,04	0,00	2,79	0,00	0,00	94,17
14:16:22	all	4,17	0,00	1,77	0,13	0,00	93,94
14:16:23	all	4,71	0,00	2,67	0,00	0,00	92,62
14:16:24	all	3,03	0,00	2,15	0,00	0,00	94,82
14:16:25	all	5,30	0,00	2,78	0,13	0,00	91,79
14:16:26	all	2,92	0,00	1,77	0,13	0,00	95,18
14:16:27	all	4,18	0,00	2,66	0,00	0,00	93,16
14:16:28	all	2,66	0,00	2,16	0,00	0,00	95,18
14:16:29	all	4,18	0,00	3,30	0,00	0,00	92,52
14:16:30	all	3,43	0,00	3,05	0,25	0,00	93,27
14:16:31	all	4,04	0,00	1,89	0,00	0,00	94,07
14:16:32	all	4,92	0,00	2,90	0,13	0,00	92,05
14:16:33	all	3,28	0,00	2,27	0,00	0,00	94,45
14:16:34	all	4,30	0,00	3,16	0,13	0,00	92,41
14:16:35	all	2,55	0,00	1,66	0,25	0,00	95,54
14:16:36	all	4,06	0,00	2,79	0,00	0,00	93,16
14:16:37	all	2,54	0,00	1,78	0,00	0,00	95,68
14:16:38	all	4,93	0,00	2,78	0,13	0,00	92,16
14:16:39	all	3,89	0,00	3,26	0,00	0,00	92,85
14:16:40	all	4,06	0,00	1,65	0,25	0,00	94,04
14:16:41	all	4,30	0,00	3,04	0,00	0,00	92,66
14:16:42	all	2,78	0,00	2,15	0,00	0,00	95,06
14:16:43	all	4,44	0,00	3,04	0,00	0,00	92,52
14:16:44	all	2,55	0,00	1,40	0,13	0,00	95,92
14:16:45	all	4,70	0,00	2,54	0,25	0,00	92,50
14:16:46	all	2,54	0,00	1,65	0,13	0,00	95,69
14:16:47	all	4,32	0,00	2,80	0,00	0,00	92,88
14:16:48	all	3,32	0,00	2,68	0,00	0,00	94,00
14:16:49	all	4,30	0,00	1,65	0,00	0,00	94,05
14:16:50	all	4,79	0,00	2,90	0,38	0,00	91,94
14:16:51	all	3,04	0,00	1,77	0,00	0,00	95,19
14:16:52	all	5,05	0,00	2,40	0,00	0,00	92,55
14:16:53	all	2,66	0,00	2,03	0,00	0,00	95,30
14:16:54	all	5,04	0,00	2,77	0,13	0,00	92,07
14:16:55	all	2,92	0,00	1,78	0,25	0,00	95,04
14:16:56	all	4,19	0,00	3,05	0,00	0,00	92,77
14:16:57	all	3,31	0,00	2,42	0,00	0,00	94,27
14:16:58	all	3,93	0,00	1,90	0,00	0,00	94,17
14:16:59	all	5,46	0,00	2,29	0,00	0,00	92,25
14:17:00	all	2,68	0,00	1,53	0,51	0,00	95,28
14:17:01	all	5,06	0,00	2,65	0,00	0,00	92,29
14:17:02	all	2,28	0,00	2,28	0,00	0,00	95,44
14:17:03	all	4,69	0,00	2,79	0,00	0,00	92,52
14:17:04	all	3,38	0,00	2,38	0,00	0,00	94,24
14:17:05	all	4,06	0,00	3,04	0,51	0,00	92,40
14:17:06	all	3,78	0,00	3,15	0,00	0,00	93,07
14:17:07	all	3,80	0,00	1,65	0,00	0,00	94,55
14:17:08	all	5,42	0,00	2,52	0,00	0,00	92,06
14:17:09	all	2,68	0,00	1,66	0,00	0,00	95,67
14:17:10	all	4,96	0,00	2,16	0,38	0,00	92,50
14:17:11	all	4,19	0,00	1,52	0,13	0,00	94,16
14:17:12	all	4,89	0,00	3,39	0,00	0,00	91,72
14:17:13	all	3,17	0,00	1,77	0,13	0,00	94,93
14:17:14	all	4,54	0,00	3,15	0,00	0,00	92,31
14:17:15	all	3,67	0,00	2,66	0,13	0,00	93,54
14:17:16	all	3,68	0,00	1,40	0,00	0,00	94,92
14:17:17	all	4,67	0,00	3,03	0,00	0,00	92,30
14:17:18	all	3,17	0,00	1,90	0,13	0,00	94,80
14:17:19	all	5,04	0,00	3,03	0,00	0,00	91,93
14:17:20	all	3,17	0,00	1,90	0,13	0,00	94,80
14:17:21	all	4,67	0,00	3,16	0,13	0,00	92,05
14:17:22	all	3,14	0,00	2,63	0,00	0,00	94,23
14:17:23	all	4,80	0,00	2,78	0,00	0,00	92,41
14:17:24	all	3,44	0,00	2,17	0,00	0,00	94,39
14:17:25	all	3,42	0,00	1,39	0,25	0,00	94,93
14:17:26	all	4,85	0,00	2,04	0,00	0,00	93,11
14:17:27	all	2,41	0,00	1,91	0,13	0,00	95,55
14:17:28	all	5,07	0,00	2,79	0,00	0,00	92,14
14:17:29	all	2,42	0,00	1,79	0,00	0,00	95,79
14:17:30	all	5,11	0,00	3,49	0,25	0,00	91,15
14:17:31	all	3,03	0,00	2,14	0,00	0,00	94,83
14:17:32	all	4,31	0,00	2,53	0,00	0,00	93,16
14:17:33	all	4,29	0,00	2,77	0,13	0,00	92,81
14:17:34	all	4,52	0,00	1,51	0,00	0,00	93,98
14:17:35	all	4,80	0,00	2,90	0,38	0,00	91,92
14:17:36	all	2,78	0,00	2,03	0,00	0,00	95,19
14:17:37	all	4,83	0,00	2,16	0,00	0,00	93,00
14:17:38	all	2,30	0,00	1,79	0,13	0,00	95,79
14:17:39	all	4,08	0,00	2,93	0,00	0,00	92,99
14:17:40	all	2,18	0,00	1,79	0,38	0,00	95,65
14:17:41	all	4,06	0,00	2,53	0,00	0,00	93,41
14:17:42	all	3,93	0,00	2,79	0,00	0,00	93,28
14:17:43	all	3,55	0,00	1,78	0,00	0,00	94,67
14:17:44	all	4,83	0,00	2,54	0,00	0,00	92,63
14:17:45	all	3,16	0,00	1,65	0,38	0,00	94,81
14:17:46	all	5,32	0,00	2,41	0,00	0,00	92,28
14:17:47	all	2,80	0,00	1,53	0,00	0,00	95,67
14:17:48	all	4,80	0,00	2,65	0,00	0,00	92,54
14:17:49	all	2,67	0,00	1,65	0,00	0,00	95,67
14:17:50	all	3,93	0,00	2,54	0,38	0,00	93,15
14:17:51	all	4,06	0,00	2,92	0,00	0,00	93,02
14:17:52	all	4,05	0,00	1,39	0,00	0,00	94,56
14:17:53	all	5,67	0,00	2,77	0,00	0,00	91,56
14:17:54	all	3,42	0,00	1,77	0,13	0,00	94,68
14:17:55	all	4,94	0,00	2,66	0,25	0,00	92,14
14:17:56	all	2,80	0,00	1,53	0,00	0,00	95,67
14:17:57	all	4,30	0,00	2,66	0,00	0,00	93,04
14:17:58	all	2,78	0,00	2,65	0,13	0,00	94,44
14:17:59	all	4,53	0,00	2,90	0,00	0,00	92,57
14:18:00	all	4,05	0,00	3,29	0,25	0,00	92,41
14:18:01	all	3,18	0,00	1,78	0,00	0,00	95,04
14:18:02	all	4,92	0,00	2,65	0,13	0,00	92,30
14:18:03	all	4,42	0,00	2,02	0,13	0,00	93,43
14:18:04	all	4,69	0,00	2,79	0,00	0,00	92,52
14:18:05	all	2,55	0,00	1,53	0,25	0,00	95,67
14:18:06	all	4,79	0,00	2,65	0,00	0,00	92,56
14:18:07	all	3,16	0,00	2,02	0,00	0,00	94,82
14:18:08	all	4,56	0,00	2,53	0,13	0,00	92,78
14:18:09	all	3,18	0,00	3,06	0,13	0,00	93,63
14:18:10	all	3,28	0,00	2,27	0,25	0,00	94,19
14:18:11	all	5,18	0,00	3,03	0,00	0,00	91,79
14:18:12	all	3,16	0,00	1,77	0,13	0,00	94,94
14:18:13	all	4,30	0,00	2,78	0,00	0,00	92,91
14:18:14	all	2,54	0,00	2,03	0,00	0,00	95,43
14:18:15	all	4,80	0,00	2,78	0,38	0,00	92,05
14:18:16	all	2,17	0,00	2,17	0,13	0,00	95,54
14:18:17	all	4,93	0,00	2,28	0,00	0,00	92,79
14:18:18	all	3,92	0,00	3,41	0,00	0,00	92,67
14:18:19	all	4,02	0,00	2,13	0,00	0,00	93,85
14:18:20	all	5,18	0,00	2,65	0,38	0,00	91,78
14:18:21	all	3,78	0,00	2,02	0,00	0,00	94,21
14:18:22	all	5,20	0,00	2,15	0,00	0,00	92,65
14:18:23	all	3,03	0,00	2,27	0,00	0,00	94,70
14:18:24	all	5,79	0,00	2,77	0,00	0,00	91,45
14:18:25	all	2,78	0,00	2,90	0,25	0,00	94,07
14:18:26	all	4,54	0,00	2,65	0,00	0,00	92,81
14:18:27	all	4,16	0,00	3,40	0,00	0,00	92,44
14:18:28	all	3,31	0,00	1,65	0,13	0,00	94,91
14:18:29	all	4,65	0,00	3,39	0,00	0,00	91,96
14:18:30	all	3,04	0,00	1,90	0,38	0,00	94,68
14:18:31	all	4,94	0,00	3,04	0,00	0,00	92,03
14:18:32	all	2,92	0,00	1,77	0,00	0,00	95,31
14:18:33	all	4,18	0,00	3,42	0,00	0,00	92,40
14:18:34	all	2,29	0,00	2,17	0,00	0,00	95,54
14:18:35	all	4,55	0,00	2,65	0,38	0,00	92,42
14:18:36	all	3,81	0,00	2,79	0,00	0,00	93,40
14:18:37	all	3,76	0,00	2,26	0,13	0,00	93,86
14:18:38	all	4,43	0,00	3,04	0,00	0,00	92,53
14:18:39	all	2,90	0,00	2,27	0,00	0,00	94,82
14:18:40	all	5,15	0,00	2,89	0,38	0,00	91,58
14:18:41	all	2,41	0,00	1,91	0,00	0,00	95,68
14:18:42	all	4,69	0,00	2,53	0,00	0,00	92,78
14:18:43	all	2,80	0,00	2,16	0,00	0,00	95,04
14:18:44	all	4,67	0,00	2,52	0,00	0,00	92,81
14:18:45	all	3,29	0,00	3,42	0,38	0,00	92,91
14:18:46	all	3,05	0,00	1,65	0,00	0,00	95,30
14:18:47	all	4,06	0,00	2,92	0,00	0,00	93,02
14:18:48	all	3,30	0,00	1,65	0,13	0,00	94,93
14:18:49	all	4,33	0,00	3,18	0,00	0,00	92,49
14:18:50	all	2,79	0,00	1,77	0,38	0,00	95,06
14:18:51	all	4,55	0,00	3,16	0,00	0,00	92,29
14:18:52	all	2,30	0,00	1,66	0,00	0,00	96,04
14:18:53	all	4,53	0,00	3,02	0,13	0,00	92,33
14:18:54	all	2,92	0,00	3,05	0,00	0,00	94,03
14:18:55	all	4,43	0,00	1,65	0,25	0,00	93,67
14:18:56	all	4,08	0,00	2,80	0,00	0,00	93,12
14:18:57	all	2,92	0,00	1,90	0,00	0,00	95,18
14:18:58	all	5,44	0,00	3,04	0,00	0,00	91,52
14:18:59	all	3,32	0,00	1,92	0,13	0,00	94,64
14:19:00	all	5,18	0,00	2,90	0,13	0,00	91,79
14:19:01	all	3,41	0,00	1,77	0,25	0,00	94,56
14:19:02	all	4,54	0,00	2,40	0,00	0,00	93,06
14:19:03	all	4,17	0,00	2,91	0,00	0,00	92,92
14:19:04	all	3,41	0,00	1,64	0,00	0,00	94,95
14:19:05	all	4,56	0,00	2,79	0,38	0,00	92,27
14:19:06	all	2,92	0,00	1,65	0,00	0,00	95,43
14:19:07	all	4,45	0,00	2,54	0,13	0,00	92,88
14:19:08	all	3,17	0,00	1,90	0,00	0,00	94,93
14:19:09	all	4,20	0,00	2,54	0,13	0,00	93,13
14:19:10	all	2,28	0,00	2,78	0,38	0,00	94,56
14:19:11	all	4,08	0,00	1,66	0,00	0,00	94,26
14:19:12	all	4,06	0,00	2,53	0,00	0,00	93,41
14:19:13	all	3,54	0,00	1,65	0,00	0,00	94,81
14:19:14	all	3,81	0,00	2,80	0,13	0,00	93,27
14:19:15	all	2,52	0,00	2,64	0,13	0,00	94,71
14:19:16	all	5,18	0,00	2,65	0,00	0,00	92,16
14:19:17	all	2,91	0,00	2,03	0,00	0,00	95,06
14:19:18	all	4,80	0,00	2,65	0,13	0,00	92,42
14:19:19	all	3,05	0,00	2,28	0,00	0,00	94,67
14:19:20	all	3,94	0,00	1,65	0,25	0,00	94,15
14:19:21	all	4,41	0,00	3,40	0,00	0,00	92,19
14:19:22	all	2,90	0,00	2,02	0,13	0,00	94,96
14:19:23	all	4,80	0,00	3,16	0,00	0,00	92,05
14:19:24	all	2,66	0,00	1,90	0,13	0,00	95,30
14:19:25	all	4,70	0,00	2,92	0,25	0,00	92,13
14:19:26	all	2,78	0,00	1,77	0,13	0,00	95,32
14:19:27	all	4,31	0,00	2,92	0,00	0,00	92,77
14:19:28	all	2,92	0,00	2,54	0,00	0,00	94,54
14:19:29	all	4,42	0,00	2,27	0,00	0,00	93,31
14:19:30	all	4,45	0,00	2,54	0,25	0,00	92,76
14:19:31	all	3,16	0,00	1,64	0,00	0,00	95,20
14:19:32	all	4,91	0,00	3,02	0,13	0,00	91,94
14:19:33	all	2,78	0,00	2,41	0,00	0,00	94,81
14:19:34	all	5,38	0,00	3,62	0,12	0,00	90,88
14:19:35	all	3,54	0,00	1,77	0,25	0,00	94,44
14:19:36	all	4,68	0,00	2,40	0,00	0,00	92,92
14:19:37	all	2,54	0,00	2,54	0,00	0,00	94,91
14:19:38	all	4,44	0,00	2,15	0,13	0,00	93,28
14:19:39	all	4,17	0,00	3,29	0,00	0,00	92,54
14:19:40	all	3,03	0,00	1,90	0,38	0,00	94,69
14:19:41	all	5,27	0,00	3,01	0,00	0,00	91,72
14:19:42	all	2,55	0,00	1,79	0,00	0,00	95,66
14:19:43	all	4,55	0,00	3,16	0,00	0,00	92,30
14:19:44	all	2,77	0,00	2,64	0,13	0,00	94,47
14:19:45	all	5,16	0,00	3,14	0,25	0,00	91,45
14:19:46	all	4,68	0,00	2,28	0,13	0,00	92,91
14:19:47	all	4,57	0,00	1,91	0,00	0,00	93,52
14:19:48	all	4,32	0,00	2,67	0,13	0,00	92,88
14:19:49	all	2,91	0,00	2,02	0,00	0,00	95,07
14:19:50	all	4,45	0,00	2,67	0,25	0,00	92,62
14:19:51	all	3,06	0,00	1,91	1,15	0,00	93,88
14:19:52	all	5,28	0,00	3,02	2,52	0,00	89,18
14:19:53	all	2,30	0,00	1,79	0,00	0,00	95,92
14:19:54	all	4,70	0,00	2,54	0,00	0,00	92,77
14:19:55	all	3,68	0,00	1,65	0,25	0,00	94,41
14:19:56	all	4,18	0,00	2,28	0,00	0,00	93,54
14:19:57	all	4,92	0,00	2,65	0,13	0,00	92,31
14:19:58	all	3,64	0,00	2,63	0,00	0,00	93,73
14:19:59	all	3,92	0,00	3,54	0,00	0,00	92,53
14:20:00	all	3,05	0,00	1,78	0,25	0,00	94,92
14:20:01	all	4,67	0,00	3,15	0,00	0,00	92,18
14:20:02	all	2,93	0,00	1,40	0,00	0,00	95,67
14:20:03	all	4,55	0,00	3,03	0,13	0,00	92,29
14:20:04	all	3,04	0,00	2,41	0,00	0,00	94,56
14:20:05	all	4,06	0,00	2,41	0,38	0,00	93,16
14:20:06	all	4,55	0,00	3,03	0,00	0,00	92,41
14:20:07	all	2,92	0,00	1,77	0,13	0,00	95,18
14:20:08	all	4,91	0,00	2,89	0,00	0,00	92,20
14:20:09	all	2,54	0,00	1,90	0,13	0,00	95,43
14:20:10	all	4,44	0,00	2,66	0,25	0,00	92,64
14:20:11	all	3,16	0,00	1,65	0,13	0,00	95,06
14:20:12	all	4,79	0,00	3,27	0,00	0,00	91,94
14:20:13	all	3,66	0,00	2,52	0,00	0,00	93,82
14:20:14	all	3,44	0,00	2,29	0,00	0,00	94,27
14:20:15	all	4,17	0,00	3,03	0,38	0,00	92,41
14:20:16	all	2,80	0,00	1,53	0,00	0,00	95,67
14:20:17	all	4,91	0,00	2,52	0,13	0,00	92,44
14:20:18	all	3,54	0,00	2,02	0,00	0,00	94,44
14:20:19	all	4,33	0,00	2,67	0,00	0,00	93,00
14:20:20	all	2,41	0,00	1,65	0,38	0,00	95,55
14:20:21	all	4,81	0,00	2,66	0,00	0,00	92,53
14:20:22	all	3,04	0,00	2,53	0,00	0,00	94,43
14:20:23	all	4,43	0,00	2,03	0,13	0,00	93,42
14:20:24	all	4,32	0,00	2,29	0,00	0,00	93,39
14:20:25	all	3,16	0,00	1,52	0,13	0,00	95,20
14:20:26	all	3,96	0,00	2,81	0,00	0,00	93,23
14:20:27	all	2,53	0,00	2,28	0,00	0,00	95,20
14:20:28	all	4,79	0,00	3,15	0,13	0,00	91,93
14:20:29	all	2,41	0,00	2,28	0,00	0,00	95,32
14:20:30	all	4,80	0,00	3,03	0,25	0,00	91,92
14:20:31	all	2,91	0,00	2,28	0,13	0,00	94,68
14:20:32	all	4,19	0,00	1,78	0,00	0,00	94,03
14:20:33	all	4,68	0,00	2,66	0,00	0,00	92,66
14:20:34	all	3,04	0,00	1,65	0,00	0,00	95,32
14:20:35	all	5,89	0,00	3,76	0,38	0,00	89,97
14:20:36	all	3,03	0,00	2,15	0,00	0,00	94,82
14:20:37	all	5,55	0,00	2,77	0,00	0,00	91,68
14:20:38	all	3,18	0,00	1,91	0,00	0,00	94,92
14:20:39	all	3,94	0,00	2,67	0,00	0,00	93,38
14:20:40	all	2,78	0,00	2,53	0,38	0,00	94,31
14:20:41	all	3,56	0,00	2,04	0,00	0,00	94,40
14:20:42	all	4,92	0,00	2,65	0,00	0,00	92,43
14:20:43	all	3,03	0,00	2,27	0,00	0,00	94,70
14:20:44	all	4,45	0,00	2,92	0,00	0,00	92,63
14:20:45	all	2,90	0,00	2,14	0,25	0,00	94,70
14:20:46	all	4,31	0,00	2,92	0,00	0,00	92,77
14:20:47	all	2,66	0,00	1,52	0,00	0,00	95,81
14:20:48	all	4,90	0,00	3,14	0,13	0,00	91,83
14:20:49	all	2,92	0,00	2,28	0,00	0,00	94,80
14:20:50	all	3,42	0,00	2,41	0,38	0,00	93,80
14:20:51	all	5,20	0,00	2,28	0,00	0,00	92,52
14:20:52	all	2,30	0,00	1,40	0,00	0,00	96,30
14:20:53	all	5,82	0,00	2,28	0,00	0,00	91,91
14:20:54	all	2,78	0,00	2,15	0,13	0,00	94,95
14:20:55	all	4,44	0,00	3,04	0,38	0,00	92,14
14:20:56	all	2,42	0,00	1,91	0,00	0,00	95,67
14:20:57	all	4,18	0,00	2,92	0,00	0,00	92,90
14:20:58	all	2,91	0,00	3,04	0,13	0,00	93,92
14:20:59	all	4,56	0,00	1,90	0,00	0,00	93,54
14:21:00	all	5,91	0,00	3,02	0,13	0,00	90,94
14:21:01	all	2,92	0,00	2,03	0,00	0,00	95,06
14:21:02	all	4,55	0,00	3,28	0,13	0,00	92,05
14:21:03	all	3,80	0,00	1,65	0,00	0,00	94,56
14:21:04	all	5,06	0,00	2,91	0,00	0,00	92,04
14:21:05	all	3,40	0,00	1,76	0,38	0,00	94,47
14:21:06	all	4,05	0,00	3,04	0,00	0,00	92,91
14:21:07	all	2,78	0,00	2,66	0,00	0,00	94,56
14:21:08	all	4,08	0,00	1,78	0,13	0,00	94,01
14:21:09	all	4,69	0,00	2,53	0,00	0,00	92,78
14:21:10	all	2,55	0,00	1,40	0,38	0,00	95,66
14:21:11	all	5,06	0,00	2,65	0,00	0,00	92,29
14:21:12	all	2,66	0,00	2,15	0,13	0,00	95,06
14:21:13	all	4,55	0,00	3,16	0,00	0,00	92,30
14:21:14	all	2,43	0,00	1,40	0,00	0,00	96,17
14:21:15	all	4,87	0,00	3,37	0,25	0,00	91,51
14:21:16	all	3,40	0,00	2,64	0,13	0,00	93,83
14:21:17	all	4,53	0,00	2,14	0,00	0,00	93,33
14:21:18	all	5,30	0,00	2,65	0,00	0,00	92,05
14:21:19	all	3,19	0,00	1,53	0,00	0,00	95,28
14:21:20	all	4,77	0,00	3,77	0,25	0,00	91,21
14:21:21	all	3,29	0,00	1,65	0,00	0,00	95,06
14:21:22	all	4,65	0,00	3,27	0,00	0,00	92,08
14:21:23	all	4,41	0,00	2,02	0,13	0,00	93,44
14:21:24	all	4,70	0,00	2,79	0,00	0,00	92,51
14:21:25	all	3,17	0,00	2,66	0,51	0,00	93,65
14:21:26	all	4,33	0,00	1,66	0,00	0,00	94,01
14:21:27	all	4,91	0,00	2,90	0,00	0,00	92,19
14:21:28	all	2,54	0,00	1,91	0,00	0,00	95,55
14:21:29	all	4,77	0,00	3,14	0,13	0,00	91,96
14:21:30	all	2,67	0,00	1,91	0,25	0,00	95,17
14:21:31	all	4,30	0,00	2,78	0,00	0,00	92,92
14:21:32	all	2,54	0,00	1,52	0,00	0,00	95,93
14:21:33	all	4,69	0,00	2,66	0,25	0,00	92,40
14:21:34	all	3,16	0,00	2,91	0,00	0,00	93,93
14:21:35	all	4,31	0,00	1,65	0,25	0,00	93,78
14:21:36	all	5,42	0,00	2,39	0,00	0,00	92,19
14:21:37	all	2,95	0,00	1,15	0,00	0,00	95,90
14:21:38	all	4,67	0,00	3,03	0,13	0,00	92,18
14:21:39	all	2,55	0,00	1,78	0,00	0,00	95,67
14:21:40	all	5,55	0,00	2,65	0,13	0,00	91,68
14:21:41	all	2,92	0,00	1,77	0,00	0,00	95,31
14:21:42	all	5,06	0,00	2,53	0,00	0,00	92,41
14:21:43	all	3,05	0,00	2,93	0,13	0,00	93,89
14:21:44	all	5,28	0,00	1,89	0,00	0,00	92,83
14:21:45	all	4,67	0,00	3,03	0,51	0,00	91,79
14:21:46	all	2,04	0,00	1,78	0,00	0,00	96,18
14:21:47	all	4,57	0,00	2,54	0,00	0,00	92,89
14:21:48	all	2,78	0,00	2,40	0,00	0,00	94,82
14:21:49	all	4,44	0,00	2,79	0,13	0,00	92,64
14:21:50	all	2,30	0,00	1,53	0,13	0,00	96,04
14:21:51	all	4,81	0,00	2,78	0,13	0,00	92,28
14:21:52	all	2,80	0,00	2,80	0,00	0,00	94,41
14:21:53	all	4,44	0,00	1,90	0,00	0,00	93,66
14:21:54	all	4,20	0,00	2,42	0,00	0,00	93,38
14:21:55	all	3,30	0,00	1,52	0,25	0,00	94,93
14:21:56	all	4,66	0,00	3,27	0,00	0,00	92,07
14:21:57	all	2,92	0,00	1,90	0,00	0,00	95,18
14:21:58	all	4,82	0,00	2,66	0,00	0,00	92,52
14:21:59	all	2,90	0,00	2,27	0,00	0,00	94,84
14:22:00	all	5,05	0,00	2,78	0,38	0,00	91,79
14:22:01	all	3,15	0,00	2,90	0,13	0,00	93,82
14:22:02	all	4,77	0,00	2,38	0,00	0,00	92,85
14:22:03	all	4,77	0,00	3,26	0,00	0,00	91,97
14:22:04	all	2,92	0,00	1,27	0,13	0,00	95,69
14:22:05	all	4,69	0,00	2,79	0,25	0,00	92,27
14:22:06	all	2,30	0,00	1,66	0,00	0,00	96,05
14:22:07	all	4,33	0,00	2,80	0,00	0,00	92,88
14:22:08	all	3,40	0,00	1,89	0,13	0,00	94,58
14:22:09	all	5,16	0,00	2,90	0,00	0,00	91,94
14:22:10	all	3,55	0,00	3,04	0,25	0,00	93,16
14:22:11	all	5,04	0,00	1,89	0,00	0,00	93,06
14:22:12	all	4,04	0,00	3,15	0,13	0,00	92,69
14:22:13	all	3,04	0,00	1,77	0,13	0,00	95,06
14:22:14	all	5,28	0,00	3,02	0,13	0,00	91,57
14:22:15	all	2,90	0,00	2,02	0,13	0,00	94,95
14:22:16	all	3,93	0,00	2,92	0,13	0,00	93,03
14:22:17	all	3,03	0,00	1,77	0,00	0,00	95,20
14:22:18	all	5,16	0,00	3,27	0,00	0,00	91,56
14:22:19	all	2,28	0,00	3,16	0,13	0,00	94,43
14:22:20	all	3,57	0,00	1,66	0,38	0,00	94,39
14:22:21	all	4,43	0,00	2,78	0,00	0,00	92,78
14:22:22	all	2,66	0,00	2,03	0,00	0,00	95,32
14:22:23	all	4,70	0,00	2,80	0,00	0,00	92,50
14:22:24	all	2,79	0,00	1,77	0,00	0,00	95,44
14:22:25	all	5,06	0,00	2,78	0,38	0,00	91,78
14:22:26	all	2,29	0,00	2,16	0,00	0,00	95,55
14:22:27	all	4,55	0,00	2,40	0,00	0,00	93,05
14:22:28	all	3,04	0,00	2,66	0,13	0,00	94,17
14:22:29	all	4,17	0,00	1,89	0,00	0,00	93,94
14:22:30	all	4,54	0,00	2,65	0,25	0,00	92,56
14:22:31	all	2,54	0,00	1,65	0,00	0,00	95,81
14:22:32	all	4,70	0,00	2,66	0,13	0,00	92,51
14:22:33	all	2,04	0,00	2,04	0,00	0,00	95,91
14:22:34	all	4,68	0,00	3,16	0,00	0,00	92,16
14:22:35	all	2,28	0,00	2,03	0,38	0,00	95,31
14:22:36	all	4,56	0,00	2,53	0,00	0,00	92,91
14:22:37	all	3,16	0,00	2,90	0,00	0,00	93,94
14:22:38	all	4,05	0,00	2,02	0,13	0,00	93,81
14:22:39	all	5,04	0,00	2,77	0,00	0,00	92,18
14:22:40	all	2,93	0,00	1,27	0,38	0,00	95,41
14:22:41	all	4,32	0,00	2,92	0,00	0,00	92,76
14:22:42	all	2,80	0,00	1,52	0,13	0,00	95,55
14:22:43	all	4,68	0,00	2,78	0,00	0,00	92,53
14:22:44	all	2,04	0,00	1,66	0,00	0,00	96,30
14:22:45	all	3,93	0,00	2,66	0,38	0,00	93,02
14:22:46	all	2,67	0,00	2,67	0,00	0,00	94,66
14:22:47	all	4,43	0,00	1,90	0,00	0,00	93,67
14:22:48	all	6,68	0,00	2,39	0,00	0,00	90,93
14:22:49	all	2,80	0,00	1,40	0,13	0,00	95,68
14:22:50	all	5,31	0,00	2,53	0,25	0,00	91,91
14:22:51	all	2,92	0,00	1,78	0,00	0,00	95,30
14:22:52	all	4,30	0,00	2,91	0,00	0,00	92,79
14:22:53	all	2,80	0,00	1,78	0,00	0,00	95,41
14:22:54	all	4,65	0,00	3,39	0,00	0,00	91,96
14:22:55	all	3,16	0,00	2,90	0,51	0,00	93,43
14:22:56	all	4,35	0,00	1,54	0,00	0,00	94,11
14:22:57	all	4,45	0,00	2,67	0,00	0,00	92,88
14:22:58	all	3,15	0,00	1,89	0,00	0,00	94,96
14:22:59	all	5,47	0,00	2,80	0,00	0,00	91,73
14:23:00	all	2,80	0,00	1,91	0,38	0,00	94,92
14:23:01	all	4,18	0,00	2,91	0,00	0,00	92,91
14:23:02	all	3,18	0,00	1,02	0,00	0,00	95,80
14:23:03	all	5,18	0,00	2,53	0,13	0,00	92,16
14:23:04	all	2,42	0,00	2,93	0,00	0,00	94,65
14:23:05	all	4,65	0,00	2,01	0,25	0,00	93,08
14:23:06	all	4,52	0,00	4,02	0,00	0,00	91,47
14:23:07	all	2,92	0,00	1,65	0,00	0,00	95,43
14:23:08	all	5,28	0,00	3,02	0,13	0,00	91,58
14:23:09	all	2,77	0,00	2,64	0,00	0,00	94,58
14:23:10	all	4,70	0,00	2,41	0,25	0,00	92,64
14:23:11	all	3,17	0,00	1,65	0,13	0,00	95,05
14:23:12	all	5,28	0,00	3,14	0,00	0,00	91,57
14:23:13	all	3,54	0,00	3,16	0,00	0,00	93,29
14:23:14	all	4,19	0,00	1,52	0,00	0,00	94,29
14:23:15	all	5,18	0,00	2,65	0,38	0,00	91,78
14:23:16	all	2,78	0,00	1,90	0,00	0,00	95,32
14:23:17	all	4,55	0,00	2,78	0,00	0,00	92,68
14:23:18	all	3,06	0,00	1,53	0,00	0,00	95,41
14:23:19	all	5,16	0,00	2,77	0,00	0,00	92,08
14:23:20	all	2,66	0,00	1,77	0,25	0,00	95,32
14:23:21	all	4,91	0,00	3,02	0,00	0,00	92,07
14:23:22	all	3,68	0,00	2,79	0,00	0,00	93,54
14:23:23	all	4,80	0,00	1,64	0,00	0,00	93,56
14:23:24	all	4,57	0,00	2,54	0,00	0,00	92,89
14:23:25	all	2,54	0,00	2,03	0,25	0,00	95,17
14:23:26	all	4,18	0,00	3,04	0,00	0,00	92,78
14:23:27	all	2,43	0,00	1,41	0,00	0,00	96,16
14:23:28	all	5,53	0,00	2,64	0,00	0,00	91,82
14:23:29	all	2,53	0,00	1,77	0,00	0,00	95,69
14:23:30	all	4,70	0,00	2,54	0,38	0,00	92,38
14:23:31	all	3,30	0,00	2,41	0,00	0,00	94,30
14:23:32	all	4,32	0,00	1,40	0,00	0,00	94,28
14:23:33	all	4,39	0,00	3,76	0,13	0,00	91,72
14:23:34	all	2,04	0,00	1,91	0,00	0,00	96,05
14:23:35	all	5,17	0,00	2,65	0,38	0,00	91,80
14:23:36	all	3,03	0,00	1,77	0,13	0,00	95,08
14:23:37	all	5,17	0,00	2,65	0,00	0,00	92,18
14:23:38	all	2,28	0,00	2,65	0,00	0,00	95,07
14:23:39	all	4,70	0,00	2,41	0,00	0,00	92,88
14:23:40	all	2,78	0,00	2,90	0,25	0,00	94,07
14:23:41	all	3,94	0,00	1,91	0,00	0,00	94,16
14:23:42	all	6,20	0,00	3,04	0,00	0,00	90,76
14:23:43	all	3,42	0,00	2,28	0,00	0,00	94,30
14:23:44	all	4,92	0,00	3,28	0,13	0,00	91,67
14:23:45	all	3,55	0,00	1,65	0,00	0,00	94,80
14:23:46	all	5,73	0,00	2,67	0,00	0,00	91,60
14:23:47	all	2,41	0,00	2,28	0,00	0,00	95,32
14:23:48	all	8,70	0,00	3,23	0,12	0,00	87,95
14:23:49	all	3,41	0,00	3,79	0,00	0,00	92,80
14:23:50	all	6,27	0,00	2,13	0,38	0,00	91,23
14:23:51	all	4,53	0,00	3,40	0,00	0,00	92,07
14:23:52	all	2,53	0,00	2,03	0,00	0,00	95,44
14:23:53	all	4,68	0,00	2,91	0,00	0,00	92,41
14:23:54	all	3,03	0,00	2,14	0,00	0,00	94,83
14:23:55	all	5,96	0,00	2,54	0,13	0,00	91,37
14:23:56	all	2,91	0,00	1,77	0,13	0,00	95,20
14:23:57	all	5,46	0,00	10,67	0,00	0,00	83,86
14:23:58	all	1,25	0,00	0,75	0,00	0,00	97,99
14:23:59	all	0,63	0,00	0,25	0,00	0,00	99,12
14:24:00	all	1,38	0,00	0,38	0,38	0,00	97,86
14:24:01	all	2,94	0,00	0,64	0,00	0,00	96,41
14:24:02	all	2,02	0,00	0,50	0,00	0,00	97,48
14:24:03	all	2,88	0,00	1,25	0,00	0,00	95,87
14:24:04	all	2,38	0,00	0,63	0,00	0,00	97,00
