15:10:33,CPU,%user,%nice,%system,%iowait,%steal,%idle,% real
15:10:34,all,0.06,0,0.09,0,0,99.84,0.16
15:10:35,all,1.25,0,0.38,0,0,98.37,1.63
15:10:36,all,8.53,0,0.5,0,0,90.97,9.03
15:10:37,all,6.4,0,1.73,0,0,91.88,8.12
15:10:38,all,10.53,0,1.51,0,0,87.96,12.04
15:10:39,all,5.51,0,0.88,0,0,93.62,6.38
15:10:40,all,9.04,0,0.56,0,0,90.4,9.6
15:10:41,all,20.95,0,3.45,0,0,75.6,24.4
15:10:42,all,11.81,0,5.72,0,0,82.47,17.53
15:10:43,all,8.77,0,0.79,0,0,90.45,9.55
15:10:44,all,2.85,0,0.63,0,0,96.52,3.48
15:10:45,all,1.28,0,0.38,0,0,98.34,1.66
15:10:46,all,0.6,0,0.22,0,0,99.19,0.81
15:10:47,all,0.91,0,0.34,0,0,98.75,1.25
15:10:48,all,0.78,0,0.38,0,0,98.84,1.16
15:10:49,all,0.94,0,0.16,0,0,98.9,1.1
15:10:50,all,0.44,0,0.28,0,0,99.28,0.72
15:10:51,all,0.53,0,0.13,0,0,99.34,0.66
15:10:52,all,1.35,0,0.28,0,0,98.37,1.63
15:10:53,all,1,0,0.31,0,0,98.69,1.31
15:10:54,all,0.72,0,0.19,0,0,99.09,0.91
15:10:55,all,0.47,0,0.25,0,0,99.28,0.72
15:10:56,all,0.59,0,0.25,0,0,99.15,0.85
15:10:57,all,0.44,0,0.19,0,0,99.37,0.63
15:10:58,all,0.41,0,0.25,0,0,99.34,0.66
15:10:59,all,0.34,0,0.28,0,0,99.37,0.63
15:11:00,all,0.31,0,0.28,0,0,99.41,0.59
15:11:01,all,0.41,0,0.28,0,0,99.31,0.69
15:11:02,all,0.44,0,0.22,0,0,99.34,0.66
15:11:03,all,0.28,0,0.19,0,0,99.53,0.47
15:11:04,all,0.66,0,0.31,0,0,99.03,0.97
15:11:05,all,0.31,0,0.16,0,0,99.53,0.47
15:11:06,all,0.38,0,0.22,0,0,99.41,0.59
15:11:07,all,0.31,0,0.28,0,0,99.41,0.59
15:11:08,all,0.41,0,0.16,0,0,99.44,0.56
15:11:09,all,0.53,0,0.28,0,0,99.19,0.81
15:11:10,all,0.44,0,0.34,0,0,99.22,0.78
15:11:11,all,0.5,0,0.25,0,0,99.25,0.75
15:11:12,all,0.38,0,0.25,0,0,99.37,0.63
15:11:13,all,0.28,0,0.34,0,0,99.37,0.63
15:11:14,all,0.34,0,0.22,0,0,99.44,0.56
15:11:15,all,0.22,0,0.38,0,0,99.41,0.59
15:11:16,all,0.28,0,0.44,0,0,99.28,0.72
15:11:17,all,0.38,0,0.25,0,0,99.37,0.63
15:11:18,all,0.41,0,0.34,0,0,99.25,0.75
15:11:19,all,0.44,0,0.13,0,0,99.44,0.56
15:11:20,all,0.28,0,0.38,0,0,99.34,0.66
15:11:21,all,0.25,0,0.28,0,0,99.47,0.53
15:11:22,all,0.22,0,0.16,0,0,99.62,0.38
15:11:23,all,0.19,0,0.41,0,0,99.41,0.59
15:11:24,all,0.38,0,0.31,0,0,99.31,0.69
15:11:25,all,0.16,0,0.13,0,0,99.72,0.28
15:11:26,all,0.34,0,0.22,0,0,99.44,0.56
15:11:27,all,0.41,0,0.28,0,0,99.31,0.69
15:11:28,all,0.25,0,0.16,0,0,99.59,0.41
15:11:29,all,0.47,0,0.28,0,0,99.25,0.75
15:11:30,all,0.28,0,0.25,0,0,99.47,0.53
15:11:31,all,0.22,0,0.19,0,0,99.59,0.41
15:11:32,all,0.25,0,0.25,0,0,99.5,0.5
15:11:33,all,0.13,0,0.19,0,0,99.69,0.31
15:11:34,all,0.47,0,0.34,0,0,99.19,0.81
15:11:35,all,1.13,0,0.88,0,0,98,2
15:11:36,all,0.69,0,0.19,0,0,99.12,0.88
15:11:37,all,0.34,0,0.38,0,0,99.28,0.72
15:11:38,all,0.63,0,0.31,0,0,99.06,0.94
15:11:39,all,1.1,0,0.25,0,0,98.65,1.35
15:11:40,all,0.94,0,0.28,0,0,98.78,1.22
15:11:41,all,0.16,0,0.38,0,0,99.47,0.53
15:11:42,all,0.16,0,0.13,0,0,99.72,0.28
15:11:43,all,0.38,0,0.38,0,0,99.25,0.75
15:11:44,all,0.31,0,0.19,0,0,99.5,0.5
15:11:45,all,0.19,0,0.34,0,0,99.47,0.53
15:11:46,all,0.34,0,0.34,0,0,99.31,0.69
15:11:47,all,0.28,0,0.13,0,0,99.59,0.41
15:11:48,all,0.59,0,0.31,0,0,99.09,0.91
15:11:49,all,0.81,0,0.28,0,0,98.9,1.1
15:11:50,all,0.56,0,0.19,0,0,99.25,0.75
15:11:51,all,0.22,0,0.31,0,0,99.47,0.53
15:11:52,all,0.22,0,0.25,0,0,99.53,0.47
15:11:53,all,0.25,0,0.16,0,0,99.59,0.41
15:11:54,all,0.41,0,0.22,0,0,99.37,0.63
15:11:55,all,0.28,0,0.28,0,0,99.44,0.56
15:11:56,all,0.19,0,0.19,0,0,99.62,0.38
15:11:57,all,0.28,0,0.34,0,0,99.37,0.63
15:11:58,all,0.19,0,0.22,0,0,99.59,0.41
15:11:59,all,0.31,0,0.28,0,0,99.41,0.59
15:12:00,all,0.25,0,0.31,0,0,99.44,0.56
15:12:01,all,0.16,0,0.19,0,0,99.66,0.34
15:12:02,all,0.25,0,0.28,0,0,99.47,0.53
15:12:03,all,0.19,0,0.31,0,0,99.5,0.5
15:12:04,all,0.19,0,0.22,0,0,99.59,0.41
15:12:05,all,0.28,0,0.28,0,0,99.44,0.56
15:12:06,all,0.22,0,0.25,0,0,99.53,0.47
15:12:07,all,0.16,0,0.13,0,0,99.72,0.28
15:12:08,all,0.22,0,0.31,0,0,99.47,0.53
15:12:09,all,0.28,0,0.28,0,0,99.44,0.56
15:12:10,all,0.22,0,0.28,0,0,99.5,0.5
15:12:11,all,0.19,0,0.28,0,0,99.53,0.47
15:12:12,all,0.13,0,0.19,0,0,99.69,0.31
15:12:13,all,0.31,0,0.19,0,0,99.5,0.5
15:12:14,all,0.41,0,0.31,0,0,99.28,0.72
15:12:15,all,0.13,0,0.19,0,0,99.69,0.31
15:12:16,all,0.25,0,0.22,0,0,99.53,0.47
15:12:17,all,0.19,0,0.31,0,0,99.5,0.5
15:12:18,all,0.19,0,0.13,0,0,99.69,0.31
15:12:19,all,0.31,0,0.34,0,0,99.34,0.66
15:12:20,all,0.19,0,0.31,0,0,99.5,0.5
15:12:21,all,0.25,0,0.16,0,0,99.59,0.41
15:12:22,all,0.28,0,0.25,0,0,99.47,0.53
15:12:23,all,0.28,0,0.28,0,0,99.44,0.56
15:12:24,all,0.6,0,0.19,0,0,99.22,0.78
15:12:25,all,0.16,0,0.31,0,0,99.53,0.47
15:12:26,all,0.25,0,0.19,0,0,99.56,0.44
15:12:27,all,0.31,0,0.25,0,0,99.44,0.56
15:12:28,all,0.22,0,0.25,0,0,99.53,0.47
15:12:29,all,0.25,0,0.22,0,0,99.53,0.47
15:12:30,all,0.31,0,0.25,0,0,99.44,0.56
15:12:31,all,0.19,0,0.31,0,0,99.5,0.5
15:12:32,all,0.19,0,0.25,0,0,99.56,0.44
15:12:33,all,0.25,0,0.31,0,0,99.44,0.56
15:12:34,all,0.25,0,0.38,0,0,99.37,0.63
15:12:35,all,0.25,0,0.19,0,0,99.56,0.44
15:12:36,all,0.19,0,0.31,0,0,99.5,0.5
15:12:37,all,0.16,0,0.28,0,0,99.56,0.44
15:12:38,all,0.28,0,0.28,0,0,99.44,0.56
15:12:39,all,0.47,0,0.31,0,0,99.22,0.78
15:12:40,all,0.19,0,0.22,0,0,99.59,0.41
15:12:41,all,0.31,0,0.31,0,0,99.37,0.63
15:12:42,all,0.25,0,0.31,0,0,99.44,0.56
15:12:43,all,0.13,0,0.28,0,0,99.59,0.41
15:12:44,all,0.38,0,0.38,0,0,99.25,0.75
15:12:45,all,0.31,0,0.34,0,0,99.34,0.66
15:12:46,all,0.28,0,0.09,0,0,99.62,0.38
15:12:47,all,0.31,0,0.25,0,0,99.44,0.56
15:12:48,all,0.22,0,0.34,0,0,99.44,0.56
15:12:49,all,0.25,0,0.16,0,0,99.59,0.41
15:12:50,all,0.28,0,0.25,0,0,99.47,0.53
15:12:51,all,0.19,0,0.19,0,0,99.62,0.38
15:12:52,all,0.28,0,0.31,0,0,99.41,0.59
15:12:53,all,0.19,0,0.34,0,0,99.47,0.53
15:12:54,all,0.38,0,0.22,0,0,99.4,0.6
15:12:55,all,0.25,0,0.34,0,0,99.41,0.59
15:12:56,all,0.28,0,0.28,0,0,99.44,0.56
15:12:57,all,0.09,0,0.19,0,0,99.72,0.28
15:12:58,all,0.31,0,0.22,0,0,99.47,0.53
15:12:59,all,0.31,0,0.28,0,0,99.4,0.6
15:13:00,all,0.19,0,0.25,0,0,99.56,0.44
15:13:01,all,0.25,0,0.25,0,0,99.5,0.5
15:13:02,all,0.16,0,0.41,0,0,99.44,0.56
15:13:03,all,0.13,0,0.16,0,0,99.72,0.28
15:13:04,all,0.22,0,0.38,0,0,99.41,0.59
15:13:05,all,0.13,0,0.16,0,0,99.72,0.28
15:13:06,all,0.22,0,0.34,0,0,99.44,0.56
15:13:07,all,0.22,0,0.38,0,0,99.41,0.59
15:13:08,all,0.13,0,0.19,0,0,99.69,0.31
15:13:09,all,0.31,0,0.28,0,0,99.4,0.6
15:13:10,all,0.13,0,0.44,0,0,99.44,0.56
15:13:11,all,0.19,0,0.22,0,0,99.59,0.41
15:13:12,all,0.19,0,0.44,0,0,99.37,0.63
15:13:13,all,1.03,0,0.63,0,0,98.34,1.66
15:13:14,all,0.25,0,0.13,0,0,99.62,0.38
15:13:15,all,0.28,0,0.28,0,0,99.44,0.56
15:13:16,all,0.25,0,0.28,0,0,99.47,0.53
15:13:17,all,0.19,0,0.16,0,0,99.66,0.34
15:13:18,all,0.34,0,0.28,0,0,99.37,0.63
15:13:19,all,0.31,0,0.13,0,0,99.56,0.44
15:13:20,all,0.22,0,0.31,0,0,99.47,0.53
15:13:21,all,0.22,0,0.38,0,0,99.41,0.59
15:13:22,all,0.13,0,0.19,0,0,99.69,0.31
15:13:23,all,0.16,0,0.31,0,0,99.53,0.47
15:13:24,all,0.25,0,0.31,0,0,99.44,0.56
15:13:25,all,0.13,0,0.06,0,0,99.81,0.19
15:13:26,all,0.28,0,0.34,0,0,99.37,0.63
15:13:27,all,0.28,0,0.31,0,0,99.4,0.6
15:13:28,all,0.19,0,0.16,0,0,99.66,0.34
15:13:29,all,0.28,0,0.25,0,0,99.47,0.53
15:13:30,all,0.16,0,0.31,0,0,99.53,0.47
15:13:31,all,0.22,0,0.22,0,0,99.56,0.44
15:13:32,all,0.25,0,0.28,0,0,99.47,0.53
15:13:33,all,0.13,0,0.16,0,0,99.72,0.28
15:13:34,all,0.13,0,0.38,0,0,99.5,0.5
15:13:35,all,0.16,0,0.34,0,0,99.5,0.5
15:13:36,all,0.25,0,0.22,0,0,99.53,0.47
15:13:37,all,0.19,0,0.31,0,0,99.5,0.5
15:13:38,all,0.22,0,0.28,0,0,99.5,0.5
15:13:39,all,0.66,0,0.13,0,0,99.22,0.78
15:13:40,all,0.19,0,0.31,0,0,99.5,0.5
15:13:41,all,0.22,0,0.41,0,0,99.37,0.63
15:13:42,all,0.16,0,0.19,0,0,99.66,0.34
15:13:43,all,0.28,0,0.25,0,0,99.47,0.53
15:13:44,all,0.94,0,0.31,0,0,98.75,1.25
15:13:45,all,2.97,0,0.59,0,0,96.43,3.57
15:13:46,all,1.69,0,0.28,0,0,98.03,1.97
15:13:47,all,0.16,0,0.19,0,0,99.66,0.34
15:13:48,all,0.28,0,0.28,0,0,99.44,0.56
15:13:49,all,0.34,0,0.19,0,0,99.47,0.53
15:13:50,all,0.13,0,0.22,0,0,99.66,0.34
15:13:51,all,1.03,0,0.69,0,0,98.28,1.72
15:13:52,all,0.16,0,0.34,0,0,99.5,0.5
15:13:53,all,0.16,0,0.19,0,0,99.66,0.34
15:13:54,all,0.19,0,0.28,0,0,99.53,0.47
15:13:55,all,0.13,0,0.31,0,0,99.56,0.44
15:13:56,all,0.19,0,0.19,0,0,99.62,0.38
15:13:57,all,0.19,0,0.31,0,0,99.5,0.5
15:13:58,all,0.16,0,0.22,0,0,99.62,0.38
15:13:59,all,0.28,0,0.38,0,0,99.34,0.66
15:14:00,all,0.16,0,0.31,0,0,99.53,0.47
15:14:01,all,0.16,0,0.16,0,0,99.69,0.31
15:14:02,all,0.31,0,0.28,0,0,99.41,0.59
15:14:03,all,0.31,0,0.28,0,0,99.41,0.59
15:14:04,all,0.28,0,0.28,0,0,99.44,0.56
15:14:05,all,0.16,0,0.31,0,0,99.53,0.47
15:14:06,all,0.19,0,0.28,0,0,99.53,0.47
15:14:07,all,0.22,0,0.13,0,0,99.66,0.34
15:14:08,all,0.28,0,0.31,0,0,99.41,0.59
15:14:09,all,0.34,0,0.38,0,0,99.28,0.72
15:14:10,all,0.16,0,0.19,0,0,99.66,0.34
15:14:11,all,0.22,0,0.28,0,0,99.5,0.5
15:14:12,all,0.19,0,0.19,0,0,99.62,0.38
15:14:13,all,0.28,0,0.22,0,0,99.5,0.5
15:14:14,all,0.5,0,0.28,0,0,99.22,0.78
15:14:15,all,0.19,0,0.22,0,0,99.59,0.41
15:14:16,all,0.28,0,0.28,0,0,99.44,0.56
15:14:17,all,0.22,0,0.41,0,0,99.37,0.63
15:14:18,all,0.22,0,0.09,0,0,99.69,0.31
15:14:19,all,0.34,0,0.44,0,0,99.22,0.78
15:14:20,all,0.09,0,0.44,0,0,99.47,0.53
15:14:21,all,0.16,0,0.09,0,0,99.75,0.25
15:14:22,all,0.25,0,0.34,0,0,99.41,0.59
15:14:23,all,0.13,0,0.22,0,0,99.66,0.34
15:14:24,all,0.28,0,0.22,0,0,99.5,0.5
15:14:25,all,0.16,0,0.25,0,0,99.59,0.41
15:14:26,all,0.25,0,0.13,0,0,99.62,0.38
15:14:27,all,0.22,0,0.31,0,0,99.47,0.53
15:14:28,all,0.41,0,0.38,0,0,99.22,0.78
15:14:29,all,0.85,0,0.5,0,0,98.65,1.35
15:14:30,all,0.22,0,0.34,0,0,99.44,0.56
15:14:31,all,0.22,0,0.31,0,0,99.47,0.53
15:14:32,all,0.16,0,0.19,0,0,99.66,0.34
15:14:33,all,0.22,0,0.31,0,0,99.47,0.53
15:14:34,all,0.25,0,0.28,0,0,99.47,0.53
15:14:35,all,0.16,0,0.25,0,0,99.59,0.41
15:14:36,all,0.19,0,0.31,0,0,99.5,0.5
15:14:37,all,0.16,0,0.19,0,0,99.66,0.34
15:14:38,all,0.44,0,0.25,0,0,99.31,0.69
15:14:39,all,0.22,0,0.31,0,0,99.47,0.53
15:14:40,all,0.13,0,0.13,0,0,99.75,0.25
15:14:41,all,0.28,0,0.38,0,0,99.34,0.66
15:14:42,all,0.22,0,0.41,0,0,99.37,0.63
15:14:43,all,0.25,0,0.06,0,0,99.69,0.31
15:14:44,all,0.19,0,0.38,0,0,99.44,0.56
15:14:45,all,0.09,0,0.34,0,0,99.56,0.44
15:14:46,all,0.09,0,0.19,0,0,99.72,0.28
15:14:47,all,0.28,0,0.38,0,0,99.34,0.66
15:14:48,all,0.22,0,0.22,0,0,99.56,0.44
15:14:49,all,0.19,0,0.22,0,0,99.59,0.41
15:14:50,all,0.25,0,0.25,0,0,99.5,0.5
15:14:51,all,0.19,0,0.22,0,0,99.59,0.41
15:14:52,all,0.31,0,0.31,0,0,99.37,0.63
15:14:53,all,0.25,0,0.34,0,0,99.41,0.59
15:14:54,all,0.31,0,0.09,0,0,99.59,0.41
15:14:55,all,0.25,0,0.28,0,0,99.47,0.53
15:14:56,all,0.16,0,0.28,0,0,99.56,0.44
15:14:57,all,0.09,0,0.22,0,0,99.69,0.31
15:14:58,all,0.31,0,0.38,0,0,99.31,0.69
15:14:59,all,0.34,0,0.28,0,0,99.37,0.63
15:15:00,all,0.16,0,0.19,0,0,99.66,0.34
15:15:01,all,0.25,0,0.34,0,0,99.4,0.6
15:15:02,all,0.13,0,0.25,0,0,99.62,0.38
15:15:03,all,0.22,0,0.16,0,0,99.62,0.38
15:15:04,all,0.31,0,0.31,0,0,99.37,0.63
15:15:05,all,0.16,0,0.13,0,0,99.72,0.28
15:15:06,all,0.19,0,0.31,0,0,99.5,0.5
15:15:07,all,0.28,0,0.25,0,0,99.47,0.53
15:15:08,all,0.16,0,0.13,0,0,99.72,0.28
15:15:09,all,0.28,0,0.28,0,0,99.44,0.56
15:15:10,all,0.22,0,0.34,0,0,99.44,0.56
15:15:11,all,0.19,0,0.13,0,0,99.69,0.31
15:15:12,all,0.19,0,0.38,0,0,99.44,0.56
15:15:13,all,0.19,0,0.28,0,0,99.53,0.47
15:15:14,all,0.22,0,0.13,0,0,99.66,0.34
15:15:15,all,0.25,0,0.31,0,0,99.44,0.56
15:15:16,all,0.16,0,0.19,0,0,99.66,0.34
15:15:17,all,0.22,0,0.25,0,0,99.53,0.47
15:15:18,all,0.25,0,0.38,0,0,99.37,0.63
15:15:19,all,0.19,0,0.13,0,0,99.69,0.31
15:15:20,all,0.22,0,0.28,0,0,99.5,0.5
15:15:21,all,0.25,0,0.34,0,0,99.41,0.59
15:15:22,all,0.19,0,0.06,0,0,99.75,0.25
15:15:23,all,0.28,0,0.31,0,0,99.41,0.59
15:15:24,all,0.31,0,0.34,0,0,99.34,0.66
15:15:25,all,0.13,0,0.16,0,0,99.72,0.28
15:15:26,all,0.19,0,0.28,0,0,99.53,0.47
15:15:27,all,0.19,0,0.41,0,0,99.41,0.59
15:15:28,all,0.22,0,0.19,0,0,99.59,0.41
15:15:29,all,0.28,0,0.31,0,0,99.41,0.59
15:15:30,all,0.19,0,0.25,0,0,99.56,0.44
15:15:31,all,0.16,0,0.31,0,0,99.53,0.47
15:15:32,all,0.19,0,0.31,0,0,99.5,0.5
15:15:33,all,0.25,0,0.25,0,0,99.5,0.5
15:15:34,all,0.5,0,0.25,0,0,99.25,0.75
15:15:35,all,0.19,0,0.38,0,0,99.44,0.56
15:15:36,all,0.22,0,0.16,0,0,99.62,0.38
15:15:37,all,0.28,0,0.31,0,0,99.41,0.59
15:15:38,all,0.38,0,0.38,0,0,99.25,0.75
15:15:39,all,0.81,0,0.22,0,0,98.97,1.03
15:15:40,all,0.19,0,0.41,0,0,99.4,0.6
15:15:41,all,0.31,0,0.22,0,0,99.47,0.53
15:15:42,all,0.19,0,0.34,0,0,99.47,0.53
15:15:43,all,0.19,0,0.28,0,0,99.53,0.47
15:15:44,all,0.16,0,0.19,0,0,99.66,0.34
15:15:45,all,0.25,0,0.28,0,0,99.47,0.53
15:15:46,all,0.19,0,0.31,0,0,99.5,0.5
15:15:47,all,0.19,0,0.16,0,0,99.66,0.34
15:15:48,all,0.16,0,0.34,0,0,99.5,0.5
15:15:49,all,0.31,0,0.34,0,0,99.34,0.66
15:15:50,all,0.22,0,0.13,0,0,99.66,0.34
15:15:51,all,0.22,0,0.31,0,0,99.47,0.53
15:15:52,all,0.16,0,0.38,0,0,99.47,0.53
15:15:53,all,0.16,0,0.19,0,0,99.66,0.34
15:15:54,all,0.19,0,0.38,0,0,99.44,0.56
15:15:55,all,0.13,0,0.19,0,0,99.69,0.31
15:15:56,all,0.16,0,0.25,0,0,99.59,0.41
15:15:57,all,0.19,0,0.34,0,0,99.47,0.53
15:15:58,all,0.19,0,0.19,0,0,99.62,0.38
15:15:59,all,0.34,0,0.34,0,0,99.31,0.69
15:16:00,all,0.19,0,0.28,0,0,99.53,0.47
15:16:01,all,0.25,0,0.19,0,0,99.56,0.44
15:16:02,all,0.25,0,0.31,0,0,99.44,0.56
15:16:03,all,0.19,0,0.28,0,0,99.53,0.47
15:16:04,all,0.13,0,0.22,0,0,99.66,0.34
15:16:05,all,0.19,0,0.34,0,0,99.47,0.53
15:16:06,all,0.25,0,0.31,0,0,99.44,0.56
15:16:07,all,0.25,0,0.19,0,0,99.56,0.44
15:16:08,all,0.22,0,0.28,0,0,99.5,0.5
15:16:09,all,0.16,0,0.22,0,0,99.62,0.38
15:16:10,all,0.25,0,0.38,0,0,99.37,0.63
15:16:11,all,0.25,0,0.25,0,0,99.5,0.5
15:16:12,all,0.13,0,0.19,0,0,99.69,0.31
15:16:13,all,0.25,0,0.31,0,0,99.44,0.56
15:16:14,all,0.25,0,0.28,0,0,99.47,0.53
15:16:15,all,0.13,0,0.19,0,0,99.69,0.31
15:16:16,all,0.25,0,0.25,0,0,99.5,0.5
15:16:17,all,0.25,0,0.25,0,0,99.5,0.5
15:16:18,all,0.19,0,0.25,0,0,99.56,0.44
15:16:19,all,0.22,0,0.25,0,0,99.53,0.47
15:16:20,all,0.16,0,0.25,0,0,99.59,0.41
15:16:21,all,0.31,0,0.19,0,0,99.5,0.5
15:16:22,all,0.28,0,0.31,0,0,99.41,0.59
15:16:23,all,0.16,0,0.19,0,0,99.66,0.34
15:16:24,all,0.34,0,0.31,0,0,99.34,0.66
15:16:25,all,0.22,0,0.25,0,0,99.53,0.47
15:16:26,all,0.19,0,0.13,0,0,99.69,0.31
15:16:27,all,0.19,0,0.38,0,0,99.44,0.56
15:16:28,all,0.19,0,0.28,0,0,99.53,0.47
15:16:29,all,0.16,0,0.22,0,0,99.62,0.38
15:16:30,all,0.22,0,0.31,0,0,99.47,0.53
15:16:31,all,0.25,0,0.34,0,0,99.4,0.6
15:16:32,all,0.22,0,0.16,0,0,99.62,0.38
15:16:33,all,0.31,0,0.22,0,0,99.47,0.53
15:16:34,all,0.19,0,0.25,0,0,99.56,0.44
15:16:35,all,1.06,0,0.91,0,0,98.03,1.97
15:16:36,all,0.28,0,0.28,0,0,99.44,0.56
15:16:37,all,0.06,0,0.25,0,0,99.69,0.31
15:16:38,all,0.41,0,0.34,0,0,99.25,0.75
15:16:39,all,0.22,0,0.31,0,0,99.47,0.53
15:16:40,all,0.25,0,0.13,0,0,99.62,0.38
15:16:41,all,0.25,0,0.31,0,0,99.44,0.56
15:16:42,all,0.22,0,0.31,0,0,99.47,0.53
15:16:43,all,0.16,0,0.22,0,0,99.62,0.38
15:16:44,all,0.22,0,0.31,0,0,99.47,0.53
15:16:45,all,0.16,0,0.38,0,0,99.47,0.53
15:16:46,all,0.16,0,0.19,0,0,99.66,0.34
15:16:47,all,0.22,0,0.22,0,0,99.56,0.44
15:16:48,all,0.22,0,0.13,0,0,99.66,0.34
15:16:49,all,0.34,0,0.22,0,0,99.44,0.56
15:16:50,all,0.25,0,0.19,0,0,99.56,0.44
15:16:51,all,0.13,0,0.25,0,0,99.62,0.38
15:16:52,all,0.16,0,0.38,0,0,99.47,0.53
15:16:53,all,0.22,0,0.28,0,0,99.5,0.5
15:16:54,all,0.19,0,0.19,0,0,99.62,0.38
15:16:55,all,0.22,0,0.34,0,0,99.44,0.56
15:16:56,all,0.22,0,0.19,0,0,99.59,0.41
15:16:57,all,0.16,0,0.16,0,0,99.69,0.31
15:16:58,all,0.16,0,0.31,0,0,99.53,0.47
15:16:59,all,0.19,0,0.28,0,0,99.53,0.47
15:17:00,all,0.19,0,0.19,0,0,99.62,0.38
15:17:01,all,0.19,0,0.41,0,0,99.4,0.6
15:17:02,all,0.16,0,0.19,0,0,99.66,0.34
15:17:03,all,0.28,0,0.25,0,0,99.47,0.53
15:17:04,all,0.31,0,0.34,0,0,99.34,0.66
15:17:05,all,0.19,0,0.22,0,0,99.59,0.41
15:17:06,all,0.31,0,0.31,0,0,99.37,0.63
15:17:07,all,0.19,0,0.38,0,0,99.44,0.56
15:17:08,all,0.22,0,0.16,0,0,99.62,0.38
15:17:09,all,0.22,0,0.34,0,0,99.44,0.56
15:17:10,all,0.25,0,0.19,0,0,99.56,0.44
15:17:11,all,0.19,0,0.13,0,0,99.69,0.31
15:17:12,all,0.13,0,0.34,0,0,99.53,0.47
15:17:13,all,0.19,0,0.16,0,0,99.66,0.34
15:17:14,all,0.28,0,0.31,0,0,99.41,0.59
15:17:15,all,0.28,0,0.28,0,0,99.44,0.56
15:17:16,all,0.19,0,0.22,0,0,99.59,0.41
15:17:17,all,0.19,0,0.28,0,0,99.53,0.47
15:17:18,all,0.22,0,0.34,0,0,99.44,0.56
15:17:19,all,0.16,0,0.16,0,0,99.69,0.31
15:17:20,all,0.22,0,0.28,0,0,99.5,0.5
15:17:21,all,0.16,0,0.31,0,0,99.53,0.47
15:17:22,all,0.19,0,0.13,0,0,99.69,0.31
15:17:23,all,0.19,0,0.34,0,0,99.47,0.53
15:17:24,all,0.22,0,0.41,0,0,99.37,0.63
15:17:25,all,0.09,0,0.19,0,0,99.72,0.28
15:17:26,all,0.25,0,0.25,0,0,99.5,0.5
15:17:27,all,0.22,0,0.16,0,0,99.62,0.38
15:17:28,all,0.31,0,0.28,0,0,99.41,0.59
15:17:29,all,0.25,0,0.25,0,0,99.5,0.5
15:17:30,all,0.16,0,0.16,0,0,99.69,0.31
15:17:31,all,0.16,0,0.34,0,0,99.5,0.5
15:17:32,all,0.16,0,0.31,0,0,99.53,0.47
15:17:33,all,0.16,0,0.19,0,0,99.66,0.34
15:17:34,all,0.28,0,0.31,0,0,99.41,0.59
15:17:35,all,0.22,0,0.34,0,0,99.44,0.56
15:17:36,all,0.16,0,0.16,0,0,99.69,0.31
15:17:37,all,0.19,0,0.41,0,0,99.41,0.59
15:17:38,all,0.19,0,0.28,0,0,99.53,0.47
15:17:39,all,0.44,0,0.19,0,0,99.37,0.63
15:17:40,all,0.22,0,0.31,0,0,99.47,0.53
15:17:41,all,0.19,0,0.22,0,0,99.59,0.41
15:17:42,all,0.19,0,0.31,0,0,99.5,0.5
15:17:43,all,0.28,0,0.22,0,0,99.5,0.5
15:17:44,all,0.19,0,0.25,0,0,99.56,0.44
15:17:45,all,0.16,0,0.25,0,0,99.59,0.41
15:17:46,all,0.22,0,0.31,0,0,99.47,0.53
15:17:47,all,0.19,0,0.25,0,0,99.56,0.44
15:17:48,all,0.22,0,0.25,0,0,99.53,0.47
15:17:49,all,0.22,0,0.28,0,0,99.5,0.5
15:17:50,all,0.19,0,0.19,0,0,99.62,0.38
15:17:51,all,0.25,0,0.31,0,0,99.44,0.56
15:17:52,all,0.19,0,0.16,0,0,99.66,0.34
15:17:53,all,0.19,0,0.28,0,0,99.53,0.47
15:17:54,all,0.31,0,0.22,0,0,99.47,0.53
15:17:55,all,0.16,0,0.09,0,0,99.75,0.25
15:17:56,all,0.19,0,0.25,0,0,99.56,0.44
15:17:57,all,0.31,0,0.31,0,0,99.37,0.63
15:17:58,all,0.22,0,0.13,0,0,99.66,0.34
15:17:59,all,0.22,0,0.34,0,0,99.44,0.56
15:18:00,all,0.22,0,0.28,0,0,99.5,0.5
15:18:01,all,0.25,0,0.22,0,0,99.53,0.47
15:18:02,all,0.22,0,0.25,0,0,99.53,0.47
15:18:03,all,0.25,0,0.28,0,0,99.47,0.53
15:18:04,all,0.06,0,0.16,0,0,99.78,0.22
15:18:05,all,0.22,0,0.38,0,0,99.41,0.59
15:18:06,all,0.13,0,0.25,0,0,99.62,0.38
15:18:07,all,0.19,0,0.31,0,0,99.5,0.5
15:18:08,all,0.25,0,0.31,0,0,99.44,0.56
15:18:09,all,0.13,0,0.22,0,0,99.66,0.34
15:18:10,all,0.25,0,0.34,0,0,99.41,0.59
15:18:11,all,0.19,0,0.28,0,0,99.53,0.47
15:18:12,all,0.13,0,0.22,0,0,99.66,0.34
15:18:13,all,1,0,0.85,0,0,98.15,1.85
15:18:14,all,0.31,0,0.31,0,0,99.37,0.63
15:18:15,all,0.09,0,0.19,0,0,99.72,0.28
15:18:16,all,0.22,0,0.31,0,0,99.47,0.53
15:18:17,all,0.19,0,0.31,0,0,99.5,0.5
15:18:18,all,0.22,0,0.09,0,0,99.69,0.31
15:18:19,all,0.34,0,0.25,0,0,99.4,0.6
15:18:20,all,0.06,0,0.22,0,0,99.72,0.28
15:18:21,all,0.19,0,0.31,0,0,99.5,0.5
15:18:22,all,0.25,0,0.34,0,0,99.41,0.59
15:18:23,all,0.19,0,0.19,0,0,99.62,0.38
15:18:24,all,0.28,0,0.28,0,0,99.44,0.56
15:18:25,all,0.19,0,0.34,0,0,99.47,0.53
15:18:26,all,0.13,0,0.09,0,0,99.78,0.22
15:18:27,all,0.19,0,0.25,0,0,99.56,0.44
15:18:28,all,0.22,0,0.28,0,0,99.5,0.5
15:18:29,all,0.16,0,0.16,0,0,99.69,0.31
15:18:30,all,0.28,0,0.22,0,0,99.5,0.5
15:18:31,all,0.31,0,0.22,0,0,99.47,0.53
15:18:32,all,0.13,0,0.19,0,0,99.69,0.31
15:18:33,all,0.19,0,0.31,0,0,99.5,0.5
15:18:34,all,0.19,0,0.16,0,0,99.66,0.34
15:18:35,all,0.19,0,0.38,0,0,99.44,0.56
15:18:36,all,0.13,0,0.34,0,0,99.53,0.47
15:18:37,all,0.31,0,0.22,0,0,99.47,0.53
15:18:38,all,0.25,0,0.31,0,0,99.44,0.56
15:18:39,all,0.53,0,0.28,0,0,99.19,0.81
15:18:40,all,0.16,0,0.22,0,0,99.62,0.38
15:18:41,all,0.25,0,0.31,0,0,99.44,0.56
15:18:42,all,0.25,0,0.28,0,0,99.47,0.53
15:18:43,all,0.22,0,0.19,0,0,99.59,0.41
15:18:44,all,0.41,0,0.44,0,0,99.15,0.85
15:18:45,all,2.69,0,0.53,0,0,96.77,3.23
15:18:46,all,1.94,0,0.34,0,0,97.72,2.28
15:18:47,all,0.22,0,0.34,0,0,99.44,0.56
15:18:48,all,0.16,0,0.19,0,0,99.66,0.34
15:18:49,all,0.28,0,0.34,0,0,99.37,0.63
15:18:50,all,0.28,0,0.25,0,0,99.47,0.53
15:18:51,all,0.19,0,0.19,0,0,99.62,0.38
15:18:52,all,0.16,0,0.31,0,0,99.53,0.47
15:18:53,all,0.16,0,0.34,0,0,99.5,0.5
15:18:54,all,0.16,0,0.25,0,0,99.59,0.41
15:18:55,all,0.22,0,0.31,0,0,99.47,0.53
15:18:56,all,0.13,0,0.31,0,0,99.56,0.44
15:18:57,all,0.16,0,0.22,0,0,99.62,0.38
15:18:58,all,0.16,0,0.25,0,0,99.59,0.41
15:18:59,all,0.25,0,0.25,0,0,99.5,0.5
15:19:00,all,0.19,0,0.28,0,0,99.53,0.47
15:19:01,all,0.19,0,0.38,0,0,99.44,0.56
15:19:02,all,0.19,0,0.16,0,0,99.66,0.34
15:19:03,all,0.22,0,0.28,0,0,99.5,0.5
15:19:04,all,0.34,0,0.25,0,0,99.41,0.59
15:19:05,all,0.25,0,0.13,0,0,99.62,0.38
15:19:06,all,0.16,0,0.31,0,0,99.53,0.47
15:19:07,all,0.28,0,0.25,0,0,99.47,0.53
15:19:08,all,0.19,0,0.19,0,0,99.62,0.38
15:19:09,all,0.25,0,0.31,0,0,99.44,0.56
15:19:10,all,0.25,0,0.28,0,0,99.47,0.53
15:19:11,all,0.19,0,0.13,0,0,99.69,0.31
15:19:12,all,0.25,0,0.47,0,0,99.28,0.72
15:19:13,all,0.13,0,0.19,0,0,99.69,0.31
15:19:14,all,0.22,0,0.34,0,0,99.44,0.56
15:19:15,all,0.25,0,0.28,0,0,99.47,0.53
15:19:16,all,0.19,0,0.19,0,0,99.62,0.38
15:19:17,all,0.25,0,0.25,0,0,99.5,0.5
15:19:18,all,0.22,0,0.28,0,0,99.5,0.5
15:19:19,all,0.28,0,0.16,0.03,0,99.53,0.47
15:19:20,all,0.22,0,0.31,0,0,99.47,0.53
15:19:21,all,0.19,0,0.38,0,0,99.44,0.56
15:19:22,all,0.19,0,0.19,0,0,99.62,0.38
15:19:23,all,0.22,0,0.22,0,0,99.56,0.44
15:19:24,all,0.22,0,0.31,0,0,99.47,0.53
15:19:25,all,0.22,0,0.16,0,0,99.62,0.38
15:19:26,all,0.22,0,0.28,0,0,99.5,0.5
15:19:27,all,0.06,0,0.19,0,0,99.75,0.25
15:19:28,all,0.28,0,0.34,0,0,99.37,0.63
15:19:29,all,1.16,0,0.78,0,0,98.06,1.94
15:19:30,all,0.13,0,0.09,0,0,99.78,0.22
15:19:31,all,0.19,0,0.38,0,0,99.44,0.56
15:19:32,all,0.25,0,0.28,0,0,99.47,0.53
15:19:33,all,0.13,0,0.16,0,0,99.72,0.28
15:19:34,all,0.25,0,0.28,0,0,99.47,0.53
15:19:35,all,0.25,0,0.28,0,0,99.47,0.53
15:19:36,all,0.22,0,0.19,0,0,99.59,0.41
15:19:37,all,0.28,0,0.22,0,0,99.5,0.5
15:19:38,all,0.25,0,0.19,0,0,99.56,0.44
15:19:39,all,0.31,0,0.28,0,0,99.4,0.6
15:19:40,all,0.19,0,0.38,0,0,99.44,0.56
15:19:41,all,0.25,0,0.22,0,0,99.53,0.47
15:19:42,all,0.19,0,0.31,0,0,99.5,0.5
15:19:43,all,0.22,0,0.31,0,0,99.47,0.53
15:19:44,all,0.16,0,0.25,0,0,99.59,0.41
15:19:45,all,0.19,0,0.31,0,0,99.5,0.5
15:19:46,all,0.19,0,0.34,0,0,99.47,0.53
15:19:47,all,0.13,0,0.25,0,0,99.62,0.38
15:19:48,all,0.28,0,0.25,0,0,99.47,0.53
15:19:49,all,0.22,0,0.28,0,0,99.5,0.5
15:19:50,all,0.13,0,0.19,0,0,99.69,0.31
15:19:51,all,0.19,0,0.34,0,0,99.47,0.53
15:19:52,all,0.94,0,0.88,0,0,98.18,1.82
15:19:53,all,0.28,0,0.28,0,0,99.44,0.56
15:19:54,all,0.53,0,0.34,0,0,99.12,0.88
15:19:55,all,0.38,0,0.09,0,0,99.53,0.47
15:19:56,all,0.25,0,0.31,0,0,99.44,0.56
15:19:57,all,0.19,0,0.28,0,0,99.53,0.47
15:19:58,all,0.13,0,0.19,0,0,99.69,0.31
15:19:59,all,0.19,0,0.34,0,0,99.47,0.53
15:20:00,all,0.25,0,0.22,0,0,99.53,0.47
15:20:01,all,0.19,0,0.53,0,0,99.28,0.72
15:20:02,all,0.28,0,0.25,0,0,99.47,0.53
15:20:03,all,0.16,0,0.41,0,0,99.44,0.56
15:20:04,all,0.34,0,0.13,0,0,99.53,0.47
15:20:05,all,0.22,0,0.28,0,0,99.5,0.5
15:20:06,all,0.13,0,0.19,0,0,99.69,0.31
15:20:07,all,0.25,0,0.28,0,0,99.47,0.53
15:20:08,all,0.22,0,0.22,0,0,99.56,0.44
15:20:09,all,0.25,0,0.13,0,0,99.62,0.38
15:20:10,all,0.19,0,0.31,0,0,99.5,0.5
15:20:11,all,0.19,0,0.28,0,0,99.53,0.47
15:20:12,all,0.22,0,0.19,0,0,99.59,0.41
15:20:13,all,0.19,0,0.31,0,0,99.5,0.5
15:20:14,all,0.31,0,0.34,0,0,99.34,0.66
15:20:15,all,0.13,0,0.16,0,0,99.72,0.28
15:20:16,all,0.25,0,0.41,0,0,99.34,0.66
15:20:17,all,0.19,0,0.22,0,0,99.59,0.41
15:20:18,all,0.19,0,0.25,0,0,99.56,0.44
15:20:19,all,0.22,0,0.34,0,0,99.44,0.56
15:20:20,all,0.19,0,0.22,0,0,99.59,0.41
15:20:21,all,0.19,0,0.34,0,0,99.47,0.53
15:20:22,all,0.22,0,0.28,0,0,99.5,0.5
15:20:23,all,0.13,0,0.22,0,0,99.66,0.34
15:20:24,all,0.22,0,0.28,0,0,99.5,0.5
15:20:25,all,0.28,0,0.38,0,0,99.34,0.66
15:20:26,all,0.22,0,0.19,0,0,99.59,0.41
15:20:27,all,0.22,0,0.16,0,0,99.62,0.38
15:20:28,all,0.22,0,0.34,0,0,99.44,0.56
15:20:29,all,0.16,0,0.19,0,0,99.66,0.34
15:20:30,all,0.22,0,0.25,0,0,99.53,0.47
15:20:31,all,0.16,0,0.22,0,0,99.62,0.38
15:20:32,all,0.19,0,0.31,0,0,99.5,0.5
15:20:33,all,0.25,0,0.31,0,0,99.44,0.56
15:20:34,all,0.09,0,0.19,0,0,99.72,0.28
15:20:35,all,0.34,0,0.34,0,0,99.31,0.69
15:20:36,all,0.19,0,0.28,0,0,99.53,0.47
15:20:37,all,0.22,0,0.19,0,0,99.59,0.41
15:20:38,all,0.13,0,0.38,0,0,99.5,0.5
15:20:39,all,0.47,0,0.34,0,0,99.19,0.81
15:20:40,all,0.19,0,0.19,0,0,99.62,0.38
15:20:41,all,0.22,0,0.38,0,0,99.41,0.59
15:20:42,all,0.28,0,0.28,0,0,99.44,0.56
15:20:43,all,0.22,0,0.13,0,0,99.66,0.34
15:20:44,all,0.5,0,0.34,0,0,99.16,0.84
15:20:45,all,0.16,0,0.16,0,0,99.69,0.31
15:20:46,all,0.22,0,0.28,0,0,99.5,0.5
15:20:47,all,0.22,0,0.38,0,0,99.41,0.59
15:20:48,all,0.25,0,0.19,0,0,99.56,0.44
15:20:49,all,0.22,0,0.31,0,0,99.47,0.53
15:20:50,all,0.19,0,0.25,0,0,99.56,0.44
15:20:51,all,0.16,0,0.16,0,0,99.69,0.31
15:20:52,all,0.25,0,0.22,0,0,99.53,0.47
15:20:53,all,0.25,0,0.34,0,0,99.41,0.59
15:20:54,all,0.25,0,0.16,0,0,99.59,0.41
15:20:55,all,0.19,0,0.34,0,0,99.47,0.53
15:20:56,all,0.19,0,0.19,0,0,99.62,0.38
15:20:57,all,0.09,0,0.16,0,0,99.75,0.25
15:20:58,all,0.28,0,0.28,0,0,99.44,0.56
15:20:59,all,0.16,0,0.16,0,0,99.69,0.31
15:21:00,all,0.28,0,0.25,0,0,99.47,0.53
15:21:01,all,0.22,0,0.28,0,0,99.5,0.5
15:21:02,all,0.16,0,0.22,0,0,99.62,0.38
15:21:03,all,0.16,0,0.31,0,0,99.53,0.47
15:21:04,all,0.22,0,0.38,0,0,99.41,0.59
15:21:05,all,0.09,0,0.19,0,0,99.72,0.28
15:21:06,all,0.25,0,0.25,0,0,99.5,0.5
15:21:07,all,0.19,0,0.28,0,0,99.53,0.47
15:21:08,all,0.16,0,0.19,0,0,99.66,0.34
15:21:09,all,0.22,0,0.31,0,0,99.47,0.53
15:21:10,all,0.19,0,0.19,0,0,99.62,0.38
15:21:11,all,0.22,0,0.25,0,0,99.53,0.47
15:21:12,all,0.13,0,0.34,0,0,99.53,0.47
15:21:13,all,0.06,0,0.22,0,0,99.72,0.28
15:21:14,all,0.25,0,0.25,0,0,99.5,0.5
15:21:15,all,0.22,0,0.34,0,0,99.44,0.56
15:21:16,all,0.16,0,0.16,0,0,99.69,0.31
15:21:17,all,0.25,0,0.31,0,0,99.44,0.56
15:21:18,all,0.19,0,0.28,0,0,99.53,0.47
15:21:19,all,0.44,0,0.16,0,0,99.41,0.59
15:21:20,all,0.22,0,0.31,0,0,99.47,0.53
15:21:21,all,0.22,0,0.31,0,0,99.47,0.53
15:21:22,all,0.13,0,0.16,0,0,99.72,0.28
15:21:23,all,0.19,0,0.34,0,0,99.47,0.53
15:21:24,all,0.28,0,0.28,0,0,99.44,0.56
15:21:25,all,0.22,0,0.28,0,0,99.5,0.5
15:21:26,all,0.19,0,0.25,0,0,99.56,0.44
15:21:27,all,0.13,0,0.16,0,0,99.72,0.28
15:21:28,all,0.19,0,0.28,0,0,99.53,0.47
15:21:29,all,0.28,0,0.25,0,0,99.47,0.53
15:21:30,all,0.22,0,0.19,0,0,99.59,0.41
15:21:31,all,0.25,0,0.22,0,0,99.53,0.47
15:21:32,all,0.16,0,0.34,0,0,99.5,0.5
15:21:33,all,0.25,0,0.16,0,0,99.59,0.41
15:21:34,all,0.34,0,0.34,0,0,99.31,0.69
15:21:35,all,1,0,0.72,0,0,98.28,1.72
15:21:36,all,0.13,0,0.19,0,0,99.69,0.31
15:21:37,all,0.22,0,0.25,0,0,99.53,0.47
15:21:38,all,0.38,0,0.16,0,0,99.47,0.53
15:21:39,all,0.22,0,0.41,0,0,99.37,0.63
15:21:40,all,0.19,0,0.31,0,0,99.5,0.5
15:21:41,all,0.19,0,0.16,0,0,99.66,0.34
15:21:42,all,0.16,0,0.34,0,0,99.5,0.5
15:21:43,all,0.13,0,0.38,0,0,99.5,0.5
15:21:44,all,0.13,0,0.19,0,0,99.69,0.31
15:21:45,all,0.16,0,0.31,0,0,99.53,0.47
15:21:46,all,0.31,0,0.28,0,0,99.41,0.59
15:21:47,all,0.16,0,0.19,0,0,99.66,0.34
15:21:48,all,0.22,0,0.34,0,0,99.44,0.56
15:21:49,all,0.19,0,0.25,0,0,99.56,0.44
15:21:50,all,0.19,0,0.25,0,0,99.56,0.44
15:21:51,all,0.13,0,0.25,0,0,99.62,0.38
15:21:52,all,0.16,0,0.16,0,0,99.69,0.31
15:21:53,all,0.19,0,0.34,0,0,99.47,0.53
15:21:54,all,0.19,0,0.28,0,0,99.53,0.47
15:21:55,all,0.22,0,0.16,0,0,99.62,0.38
15:21:56,all,0.25,0,0.31,0,0,99.44,0.56
15:21:57,all,0.25,0,0.31,0,0,99.44,0.56
15:21:58,all,0.09,0,0.13,0,0,99.78,0.22
15:21:59,all,0.28,0,0.22,0,0,99.5,0.5
15:22:00,all,0.16,0,0.34,0,0,99.5,0.5
15:22:01,all,0.19,0,0.19,0,0,99.62,0.38
15:22:02,all,0.22,0,0.31,0,0,99.47,0.53
15:22:03,all,0.16,0,0.09,0,0,99.75,0.25
15:22:04,all,0.28,0,0.28,0,0,99.44,0.56
15:22:05,all,0.19,0,0.31,0,0,99.5,0.5
15:22:06,all,0.16,0,0.22,0,0,99.62,0.38
15:22:07,all,0.25,0,0.31,0,0,99.44,0.56
15:22:08,all,0.25,0,0.28,0,0,99.47,0.53
15:22:09,all,0.16,0,0.19,0,0,99.66,0.34
15:22:10,all,0.22,0,0.25,0,0,99.53,0.47
15:22:11,all,0.19,0,0.28,0,0,99.53,0.47
15:22:12,all,0.16,0,0.13,0,0,99.72,0.28
15:22:13,all,0.22,0,0.28,0,0,99.5,0.5
15:22:14,all,0.13,0,0.47,0,0,99.41,0.59
15:22:15,all,0.16,0,0.19,0,0,99.66,0.34
15:22:16,all,0.19,0,0.31,0,0,99.5,0.5
15:22:17,all,0.19,0,0.22,0,0,99.59,0.41
15:22:18,all,0.19,0,0.25,0,0,99.56,0.44
15:22:19,all,0.19,0,0.31,0,0,99.5,0.5
15:22:20,all,0.19,0,0.13,0,0,99.69,0.31
15:22:21,all,0.16,0,0.28,0,0,99.56,0.44
15:22:22,all,0.16,0,0.31,0,0,99.53,0.47
15:22:23,all,0.13,0,0.25,0,0,99.62,0.38
15:22:24,all,0.25,0,0.25,0,0,99.5,0.5
15:22:25,all,0.28,0,0.31,0,0,99.41,0.59
15:22:26,all,0.13,0,0.16,0,0,99.72,0.28
15:22:27,all,0.31,0,0.38,0,0,99.31,0.69
15:22:28,all,0.16,0,0.28,0,0,99.56,0.44
15:22:29,all,0.19,0,0.19,0,0,99.62,0.38
15:22:30,all,0.28,0,0.28,0,0,99.44,0.56
15:22:31,all,0.09,0,0.13,0,0,99.78,0.22
15:22:32,all,0.19,0,0.38,0,0,99.44,0.56
15:22:33,all,0.31,0,0.22,0,0,99.47,0.53
15:22:34,all,0.19,0,0.25,0,0,99.56,0.44
15:22:35,all,0.19,0,0.41,0,0,99.41,0.59
15:22:36,all,0.22,0,0.28,0,0,99.5,0.5
15:22:37,all,0.09,0,0.22,0,0,99.69,0.31
15:22:38,all,0.5,0,0.22,0,0,99.28,0.72
15:22:39,all,0.19,0,0.34,0,0,99.47,0.53
15:22:40,all,0.16,0,0.19,0,0,99.66,0.34
15:22:41,all,0.19,0,0.28,0,0,99.53,0.47
15:22:42,all,0.16,0,0.31,0,0,99.53,0.47
15:22:43,all,0.19,0,0.22,0,0,99.59,0.41
15:22:44,all,0.31,0,0.38,0,0,99.31,0.69
15:22:45,all,0.09,0,0.19,0,0,99.72,0.28
15:22:46,all,0.19,0,0.34,0,0,99.47,0.53
15:22:47,all,0.28,0,0.28,0,0,99.44,0.56
15:22:48,all,0.25,0,0.13,0,0,99.62,0.38
15:22:49,all,0.22,0,0.41,0,0,99.37,0.63
15:22:50,all,0.19,0,0.28,0,0,99.53,0.47
15:22:51,all,0.16,0,0.16,0,0,99.69,0.31
15:22:52,all,0.25,0,0.28,0,0,99.47,0.53
15:22:53,all,0.19,0,0.28,0,0,99.53,0.47
15:22:54,all,0.13,0,0.19,0,0,99.69,0.31
15:22:55,all,0.16,0,0.31,0,0,99.53,0.47
15:22:56,all,0.19,0,0.25,0,0,99.56,0.44
15:22:57,all,0.22,0,0.31,0,0,99.47,0.53
15:22:58,all,0.19,0,0.34,0,0,99.47,0.53
15:22:59,all,0.16,0,0.13,0,0,99.72,0.28
15:23:00,all,0.28,0,0.28,0,0,99.44,0.56
15:23:01,all,0.16,0,0.34,0,0,99.5,0.5
15:23:02,all,0.13,0,0.16,0,0,99.72,0.28
15:23:03,all,0.16,0,0.34,0,0,99.5,0.5
15:23:04,all,0.13,0,0.34,0,0,99.53,0.47
15:23:05,all,0.19,0,0.13,0,0,99.69,0.31
15:23:06,all,0.25,0,0.44,0,0,99.31,0.69
15:23:07,all,0.28,0,0.25,0,0,99.47,0.53
15:23:08,all,0.16,0,0.16,0,0,99.69,0.31
15:23:09,all,0.28,0,0.28,0,0,99.44,0.56
15:23:10,all,0.16,0,0.13,0,0,99.72,0.28
15:23:11,all,0.25,0,0.28,0,0,99.47,0.53
15:23:12,all,0.31,0,0.38,0,0,99.31,0.69
15:23:13,all,0.85,0,0.72,0,0,98.43,1.57
15:23:14,all,0.22,0,0.31,0,0,99.47,0.53
15:23:15,all,0.19,0,0.28,0,0,99.53,0.47
15:23:16,all,0.13,0,0.22,0,0,99.66,0.34
15:23:17,all,0.25,0,0.22,0,0,99.53,0.47
15:23:18,all,0.22,0,0.31,0,0,99.47,0.53
15:23:19,all,0.13,0,0.13,0,0,99.75,0.25
15:23:20,all,0.25,0,0.22,0,0,99.53,0.47
15:23:21,all,0.22,0,0.28,0,0,99.5,0.5
15:23:22,all,0.19,0,0.22,0,0,99.59,0.41
15:23:23,all,0.19,0,0.31,0,0,99.5,0.5
15:23:24,all,0.13,0,0.13,0,0,99.75,0.25
15:23:25,all,0.16,0,0.28,0,0,99.56,0.44
15:23:26,all,0.22,0,0.25,0,0,99.53,0.47
15:23:27,all,0.13,0,0.13,0,0,99.75,0.25
15:23:28,all,0.22,0,0.31,0,0,99.47,0.53
15:23:29,all,0.22,0,0.31,0,0,99.47,0.53
15:23:30,all,0.16,0,0.16,0,0,99.69,0.31
15:23:31,all,0.19,0,0.31,0,0,99.5,0.5
15:23:32,all,0.19,0,0.25,0,0,99.56,0.44
15:23:33,all,0.13,0,0.22,0,0,99.66,0.34
15:23:34,all,0.85,0,0.34,0,0,98.81,1.19
15:23:35,all,0.19,0,0.16,0,0,99.66,0.34
15:23:36,all,0.19,0,0.31,0,0,99.5,0.5
15:23:37,all,0.25,0,0.28,0,0,99.47,0.53
15:23:38,all,0.47,0,0.16,0,0,99.37,0.63
15:23:39,all,0.19,0,0.34,0,0,99.47,0.53
15:23:40,all,0.22,0,0.38,0,0,99.41,0.59
15:23:41,all,0.16,0,0.16,0,0,99.69,0.31
15:23:42,all,0.34,0,0.25,0,0,99.41,0.59
15:23:43,all,0.13,0,0.38,0,0,99.5,0.5
15:23:44,all,0.44,0,0.31,0,0,99.25,0.75
15:23:45,all,2.73,0,0.63,0,0,96.65,3.35
15:23:46,all,1.85,0,0.28,0,0,97.87,2.13
15:23:47,all,0.13,0,0.19,0,0,99.69,0.31
15:23:48,all,0.13,0,0.31,0,0,99.56,0.44
15:23:49,all,0.16,0,0.19,0,0,99.66,0.34
15:23:50,all,0.22,0,0.25,0,0,99.53,0.47
15:23:51,all,0.19,0,0.28,0,0,99.53,0.47
15:23:52,all,0.19,0,0.22,0,0,99.59,0.41
15:23:53,all,0.16,0,0.38,0,0,99.47,0.53
15:23:54,all,0.25,0,0.31,0,0,99.44,0.56
15:23:55,all,0.09,0,0.25,0,0,99.66,0.34
15:23:56,all,0.25,0,0.31,0,0,99.44,0.56
15:23:57,all,0.25,0,0.28,0,0,99.47,0.53
15:23:58,all,0.16,0,0.16,0,0,99.69,0.31
15:23:59,all,0.25,0,0.28,0,0,99.47,0.53
15:24:00,all,0.22,0,0.25,0,0,99.53,0.47
15:24:01,all,0.22,0,0.16,0,0,99.62,0.38
15:24:02,all,0.13,0,0.41,0,0,99.47,0.53
15:24:03,all,0.19,0,0.19,0,0,99.62,0.38
15:24:04,all,0.22,0,0.28,0,0,99.5,0.5
15:24:05,all,0.22,0,0.25,0,0,99.53,0.47
15:24:06,all,0.22,0,0.16,0,0,99.62,0.38
15:24:07,all,0.19,0,0.31,0,0,99.5,0.5
15:24:08,all,0.22,0,0.31,0,0,99.47,0.53
15:24:09,all,0.22,0,0.22,0,0,99.56,0.44
15:24:10,all,0.16,0,0.34,0,0,99.5,0.5
15:24:11,all,0.19,0,0.38,0,0,99.44,0.56
15:24:12,all,0.13,0,0.31,0,0,99.56,0.44
15:24:13,all,0.22,0,0.25,0,0,99.53,0.47
15:24:14,all,0.22,0,0.28,0,0,99.5,0.5
15:24:15,all,0.19,0,0.22,0,0,99.59,0.41
15:24:16,all,0.19,0,0.28,0,0,99.53,0.47
15:24:17,all,0.13,0,0.19,0,0,99.69,0.31
15:24:18,all,0.25,0,0.25,0,0,99.5,0.5
15:24:19,all,0.25,0,0.28,0,0,99.47,0.53
15:24:20,all,0.22,0,0.06,0,0,99.72,0.28
15:24:21,all,0.16,0,0.31,0,0,99.53,0.47
15:24:22,all,0.38,0,0.25,0,0,99.37,0.63
15:24:23,all,0.16,0,0.16,0,0,99.69,0.31
15:24:24,all,0.19,0,0.28,0,0,99.53,0.47
15:24:25,all,0.25,0,0.25,0,0,99.5,0.5
15:24:26,all,0.25,0,0.09,0,0,99.66,0.34
15:24:27,all,0.25,0,0.28,0,0,99.47,0.53
15:24:28,all,0.31,0,0.34,0,0,99.34,0.66
15:24:29,all,0.88,0,0.56,0,0,98.56,1.44
15:24:30,all,0.22,0,0.28,0,0,99.5,0.5
15:24:31,all,0.13,0,0.13,0,0,99.75,0.25
15:24:32,all,0.25,0,0.19,0,0,99.56,0.44
15:24:33,all,0.28,0,0.34,0,0,99.37,0.63
15:24:34,all,0.19,0,0.22,0,0,99.59,0.41
15:24:35,all,0.22,0,0.34,0,0,99.44,0.56
15:24:36,all,0.22,0,0.31,0,0,99.47,0.53
15:24:37,all,0.13,0,0.25,0,0,99.62,0.38
15:24:38,all,0.41,0,0.25,0,0,99.34,0.66
15:24:39,all,0.19,0,0.28,0,0,99.53,0.47
15:24:40,all,0.09,0,0.25,0,0,99.66,0.34
15:24:41,all,0.22,0,0.28,0,0,99.5,0.5
15:24:42,all,0.13,0,0.22,0,0,99.66,0.34
15:24:43,all,0.22,0,0.25,0,0,99.53,0.47
15:24:44,all,0.28,0,0.41,0,0,99.31,0.69
15:24:45,all,0.09,0,0.22,0,0,99.69,0.31
15:24:46,all,0.19,0,0.41,0,0,99.41,0.59
15:24:47,all,0.25,0,0.25,0,0,99.5,0.5
15:24:48,all,0.16,0,0.19,0,0,99.66,0.34
15:24:49,all,0.25,0,0.28,0,0,99.47,0.53
15:24:50,all,0.25,0,0.31,0,0,99.44,0.56
15:24:51,all,0.06,0,0.25,0,0,99.69,0.31
15:24:52,all,0.22,0,0.25,0,0,99.53,0.47
15:24:53,all,0.25,0,0.25,0,0,99.5,0.5
15:24:54,all,0.16,0,0.19,0,0,99.66,0.34
15:24:55,all,0.16,0,0.28,0,0,99.56,0.44
15:24:56,all,0.19,0,0.16,0,0,99.66,0.34
15:24:57,all,0.19,0,0.31,0,0,99.5,0.5
15:24:58,all,0.13,0,0.34,0,0,99.53,0.47
15:24:59,all,0.19,0,0.16,0,0,99.66,0.34
15:25:00,all,0.16,0,0.28,0,0,99.56,0.44
15:25:01,all,0.19,0,0.31,0,0,99.5,0.5
15:25:02,all,0.16,0,0.19,0,0,99.66,0.34
15:25:03,all,0.19,0,0.34,0,0,99.47,0.53
15:25:04,all,0.66,0,0.34,0,0,99,1
15:25:05,all,0.16,0,0.16,0,0,99.69,0.31
15:25:06,all,0.25,0,0.28,0,0,99.47,0.53
15:25:07,all,0.13,0,0.16,0,0,99.72,0.28
15:25:08,all,0.22,0,0.28,0,0,99.5,0.5
15:25:09,all,0.25,0,0.28,0,0,99.47,0.53
15:25:10,all,0.19,0,0.22,0,0,99.59,0.41
15:25:11,all,0.22,0,0.31,0,0,99.47,0.53
15:25:12,all,0.31,0,0.31,0,0,99.37,0.63
15:25:13,all,0.13,0,0.25,0,0,99.62,0.38
15:25:14,all,0.22,0,0.38,0,0,99.41,0.59
15:25:15,all,0.22,0,0.31,0,0,99.47,0.53
15:25:16,all,0.16,0,0.16,0,0,99.69,0.31
15:25:17,all,0.22,0,0.34,0,0,99.44,0.56
15:25:18,all,0.22,0,0.34,0,0,99.44,0.56
15:25:19,all,0.16,0,0.13,0,0,99.72,0.28
15:25:20,all,0.16,0,0.38,0,0,99.47,0.53
15:25:21,all,0.16,0,0.16,0,0,99.69,0.31
15:25:22,all,0.25,0,0.31,0,0,99.44,0.56
15:25:23,all,0.25,0,0.25,0,0,99.5,0.5
15:25:24,all,0.25,0,0.16,0,0,99.59,0.41
15:25:25,all,0.25,0,0.28,0,0,99.47,0.53
15:25:26,all,0.25,0,0.22,0,0,99.53,0.47
15:25:27,all,0.13,0,0.22,0,0,99.66,0.34
15:25:28,all,0.28,0,0.25,0,0,99.47,0.53
15:25:29,all,0.25,0,0.31,0,0,99.44,0.56
15:25:30,all,0.13,0,0.19,0,0,99.69,0.31
15:25:31,all,0.22,0,0.34,0,0,99.44,0.56
15:25:32,all,0.22,0,0.25,0,0,99.53,0.47
15:25:33,all,0.16,0,0.13,0,0,99.72,0.28
15:25:34,all,0.31,0,0.25,0,0,99.44,0.56
15:25:35,all,0.09,0,0.19,0,0,99.72,0.28
15:25:36,all,0.22,0,0.34,0,0,99.44,0.56
15:25:37,all,0.25,0,0.31,0,0,99.44,0.56
15:25:38,all,0.16,0,0.25,0,0,99.59,0.41
15:25:39,all,4.03,0,0.38,0,0,95.59,4.41
15:25:40,all,6.32,0,0.22,0,0,93.46,6.54
15:25:41,all,6.32,0,0.09,0,0,93.59,6.41
15:25:42,all,6.38,0,0.25,0,0,93.37,6.63
15:25:43,all,6.32,0,0.25,0,0,93.43,6.57
15:25:44,all,2.98,0,0.34,0,0,96.68,3.32
15:25:45,all,0.03,0,0.16,0,0,99.81,0.19
15:25:46,all,0.06,0,0.06,0,0,99.87,0.13
15:25:47,all,0,0,0.06,0,0,99.94,0.06
15:25:48,all,0.06,0,0.12,0,0,99.81,0.19
15:25:49,all,0.06,0,0.09,0,0,99.84,0.16
15:25:50,all,0,0,0.03,0,0,99.97,0.03
15:25:51,all,0.03,0,0.09,0,0,99.87,0.13
15:25:52,all,0,0,0.09,0,0,99.91,0.09
15:25:53,all,0.06,0,0.09,0,0,99.84,0.16
15:25:54,all,0.03,0,0.09,0,0,99.87,0.13
15:25:55,all,0.03,0,0.03,0,0,99.94,0.06
15:25:56,all,0.03,0,0.13,0,0,99.84,0.16
15:25:57,all,0.06,0,0.13,0,0,99.81,0.19
15:25:58,all,0.03,0,0.06,0,0,99.91,0.09
15:25:59,all,0.03,0,0.09,0,0,99.87,0.13
15:26:00,all,0.06,0,0.09,0,0,99.84,0.16
15:26:01,all,0.03,0,0.03,0,0,99.94,0.06
15:26:02,all,0.06,0,0.06,0,0,99.87,0.13
15:26:03,all,0.09,0,0.06,0,0,99.84,0.16
15:26:04,all,0,0,0.06,0,0,99.94,0.06
15:26:05,all,0.03,0,0.09,0,0,99.87,0.13
15:26:06,all,0.09,0,0.09,0,0,99.81,0.19
15:26:07,all,0.12,0,0.03,0,0,99.84,0.16
15:26:08,all,0.03,0,0.09,0,0,99.87,0.13
15:26:09,all,0.06,0,0.09,0,0,99.84,0.16
15:26:10,all,0.03,0,0.03,0,0,99.94,0.06
15:26:11,all,0.06,0,0.06,0,0,99.87,0.13
15:26:12,all,0.06,0,0.13,0,0,99.81,0.19
15:26:13,all,0.03,0,0.16,0,0,99.81,0.19
15:26:14,all,0.06,0,0.09,0,0,99.84,0.16
15:26:15,all,0.03,0,0.06,0,0,99.91,0.09
15:26:16,all,0.03,0,0.03,0,0,99.94,0.06
15:26:17,all,0.09,0,0.09,0,0,99.81,0.19
15:26:18,all,0,0,0.06,0,0,99.94,0.06
15:26:19,all,0.03,0,0.09,0,0,99.87,0.13
15:26:20,all,0.03,0,0.09,0,0,99.87,0.13
15:26:21,all,0.03,0,0.03,0,0,99.94,0.06
15:26:22,all,0.06,0,0.09,0,0,99.84,0.16
15:26:23,all,0.06,0,0.06,0,0,99.87,0.13
15:26:24,all,0,0,0.06,0,0,99.94,0.06
15:26:25,all,0.03,0,0.06,0,0,99.91,0.09
15:26:26,all,0.03,0,0.13,0,0,99.84,0.16
15:26:27,all,0.03,0,0.06,0,0,99.91,0.09
15:26:28,all,0.06,0,0.09,0,0,99.84,0.16
15:26:29,all,0.03,0,0.09,0,0,99.87,0.13
15:26:30,all,0.03,0,0.03,0,0,99.94,0.06
15:26:31,all,0.03,0,0.09,0,0,99.87,0.13
15:26:32,all,0.06,0,0.06,0,0,99.87,0.13
15:26:33,all,0,0,0.06,0,0,99.94,0.06
15:26:34,all,0.34,0,0.28,0,0,99.37,0.63
15:26:35,all,0.56,0,0.47,0,0,98.97,1.03
15:26:36,all,0.06,0,0.06,0,0,99.88,0.12
15:26:37,all,0.03,0,0.13,0,0,99.84,0.16
15:26:38,all,0.09,0,0.12,0,0,99.78,0.22
15:26:39,all,0.03,0,0.03,0,0,99.94,0.06
15:26:40,all,0.34,0,0.09,0,0,99.56,0.44
15:26:41,all,0.03,0,0.03,0,0,99.94,0.06
15:26:42,all,0.09,0,0.09,0,0,99.81,0.19
15:26:43,all,0.06,0,0.09,0,0,99.84,0.16
15:26:44,all,0.03,0,0.03,0,0,99.94,0.06
15:26:45,all,0.03,0,0.13,0,0,99.84,0.16
15:26:46,all,0.06,0,0.12,0,0,99.81,0.19
15:26:47,all,0.03,0,0.06,0,0,99.91,0.09
15:26:48,all,0.06,0,0.12,0,0,99.81,0.19
15:26:49,all,0.03,0,0.09,0,0,99.87,0.13
15:26:50,all,0.06,0,0.03,0,0,99.91,0.09
15:26:51,all,0.06,0,0.06,0,0,99.87,0.13
15:26:52,all,0.06,0,0.09,0,0,99.84,0.16
15:26:53,all,0.03,0,0.06,0,0,99.91,0.09
15:26:54,all,0.06,0,0.09,0,0,99.84,0.16
15:26:55,all,0,0,0.13,0,0,99.87,0.13
15:26:56,all,0.06,0,0.06,0,0,99.87,0.13
15:26:57,all,0.03,0,0.13,0,0,99.84,0.16
15:26:58,all,0.03,0,0.16,0,0,99.81,0.19
15:26:59,all,0.03,0,0,0,0,99.97,0.03
15:27:00,all,0.09,0,0.06,0,0,99.84,0.16
15:27:01,all,0.06,0,0.09,0,0,99.84,0.16
15:27:02,all,0.03,0,0.06,0,0,99.91,0.09
15:27:03,all,0.06,0,0.09,0,0,99.84,0.16
15:27:04,all,0.03,0,0.09,0,0,99.87,0.13
15:27:05,all,0.03,0,0.06,0,0,99.91,0.09
15:27:06,all,0.03,0,0.13,0,0,99.84,0.16
15:27:07,all,0.03,0,0,0,0,99.97,0.03
15:27:08,all,0,0,0.19,0,0,99.81,0.19
15:27:09,all,0.06,0,0.03,0,0,99.91,0.09
15:27:10,all,0,0,0.03,0,0,99.97,0.03
15:27:11,all,0.06,0,0.06,0,0,99.87,0.13
15:27:12,all,0.03,0,0.16,0,0,99.81,0.19
15:27:13,all,0.03,0,0,0,0,99.97,0.03
15:27:14,all,0,0,0.09,0,0,99.91,0.09
15:27:15,all,0.06,0,0.09,0,0,99.84,0.16
15:27:16,all,0.03,0,0,0,0,99.97,0.03
15:27:17,all,0.03,0,0.06,0,0,99.91,0.09
15:27:18,all,0.06,0,0.09,0,0,99.84,0.16
15:27:19,all,0.03,0,0.03,0,0,99.94,0.06
15:27:20,all,0.09,0,0.06,0,0,99.84,0.16
15:27:21,all,0.06,0,0.09,0,0,99.84,0.16
