14:43:35,CPU,%user,%nice,%system,%iowait,%steal,%idle,% real
14:43:36,all,0.03,0,0.09,0,0,99.87,0.13
14:43:37,all,0.06,0,0.09,0,0,99.84,0.16
14:43:38,all,6.04,0,0.75,0,0,93.21,6.79
14:43:39,all,10.72,0,0.53,0,0,88.75,11.25
14:43:40,all,8.46,0,1.16,0,0,90.38,9.62
14:43:41,all,7.4,0,1.63,0,0,90.97,9.03
14:43:42,all,4.62,0,0.63,0,0,94.75,5.25
14:43:43,all,15.27,0,2.23,0,0,82.5,17.5
14:43:44,all,27.22,0,2.57,0,0,70.2,29.8
14:43:45,all,11.85,0,7.01,0,0,81.14,18.86
14:43:46,all,10.55,0,0.85,0,0,88.6,11.4
14:43:47,all,2.35,0,0.38,0,0,97.27,2.73
14:43:48,all,1.16,0,0.41,0,0,98.44,1.56
14:43:49,all,0.88,0,0.38,0,0,98.75,1.25
14:43:50,all,1.03,0,0.19,0,0,98.78,1.22
14:43:51,all,0.78,0,0.34,0,0,98.87,1.13
14:43:52,all,0.81,0,0.28,0,0,98.9,1.1
14:43:53,all,0.5,0,0.19,0,0,99.31,0.69
14:43:54,all,0.44,0,0.31,0,0,99.25,0.75
14:43:55,all,1.53,0,0.34,0,0,98.12,1.88
14:43:56,all,0.72,0,0.09,0,0,99.19,0.81
14:43:57,all,0.75,0,0.31,0,0,98.94,1.06
14:43:58,all,0.56,0,0.28,0,0,99.15,0.85
14:43:59,all,0.16,0,0.19,0,0,99.66,0.34
14:44:00,all,0.31,0,0.28,0,0,99.4,0.6
14:44:01,all,0.28,0,0.22,0,0,99.5,0.5
14:44:02,all,0.31,0,0.25,0,0,99.44,0.56
14:44:03,all,0.38,0,0.22,0,0,99.41,0.59
14:44:04,all,0.25,0,0.13,0,0,99.62,0.38
14:44:05,all,0.38,0,0.28,0,0,99.34,0.66
14:44:06,all,0.38,0,0.28,0,0,99.34,0.66
14:44:07,all,0.28,0,0.16,0,0,99.56,0.44
14:44:08,all,0.25,0,0.41,0,0,99.34,0.66
14:44:09,all,0.22,0,0.31,0,0,99.47,0.53
14:44:10,all,0.25,0,0.19,0,0,99.56,0.44
14:44:11,all,0.34,0,0.28,0,0,99.37,0.63
14:44:12,all,0.63,0,0.22,0,0,99.15,0.85
14:44:13,all,0.41,0,0.28,0,0,99.31,0.69
14:44:14,all,0.44,0,0.28,0,0,99.28,0.72
14:44:15,all,0.25,0,0.13,0,0,99.62,0.38
14:44:16,all,0.25,0,0.28,0,0,99.47,0.53
14:44:17,all,0.25,0,0.34,0,0,99.41,0.59
14:44:18,all,0.22,0,0.13,0,0,99.66,0.34
14:44:19,all,0.41,0,0.28,0,0,99.31,0.69
14:44:20,all,0.38,0,0.28,0,0,99.34,0.66
14:44:21,all,0.25,0,0.19,0,0,99.56,0.44
14:44:22,all,0.31,0,0.28,0,0,99.41,0.59
14:44:23,all,0.22,0,0.31,0,0,99.47,0.53
14:44:24,all,0.16,0,0.19,0,0,99.66,0.34
14:44:25,all,0.19,0,0.31,0,0,99.5,0.5
14:44:26,all,0.22,0,0.22,0,0,99.56,0.44
14:44:27,all,0.31,0,0.28,0,0,99.41,0.59
14:44:28,all,0.28,0,0.28,0,0,99.44,0.56
14:44:29,all,1.06,0,0.63,0,0,98.31,1.69
14:44:30,all,0.22,0,0.28,0,0,99.5,0.5
14:44:31,all,0.34,0,0.28,0,0,99.37,0.63
14:44:32,all,0.25,0,0.16,0,0,99.59,0.41
14:44:33,all,0.19,0,0.28,0,0,99.53,0.47
14:44:34,all,0.28,0,0.31,0,0,99.41,0.59
14:44:35,all,0.28,0,0.09,0,0,99.62,0.38
14:44:36,all,0.25,0,0.28,0,0,99.47,0.53
14:44:37,all,0.25,0,0.28,0,0,99.47,0.53
14:44:38,all,0.44,0,0.22,0,0,99.34,0.66
14:44:39,all,0.75,0,0.34,0,0,98.9,1.1
14:44:40,all,0.19,0,0.25,0,0,99.56,0.44
14:44:41,all,1.25,0,0.34,0,0,98.4,1.6
14:44:42,all,0.44,0,0.31,0,0,99.25,0.75
14:44:43,all,0.38,0,0.13,0,0,99.5,0.5
14:44:44,all,0.28,0,0.28,0,0,99.44,0.56
14:44:45,all,0.28,0,0.28,0,0,99.44,0.56
14:44:46,all,0.25,0,0.16,0,0,99.59,0.41
14:44:47,all,0.28,0,0.28,0,0,99.44,0.56
14:44:48,all,0.25,0,0.31,0,0,99.44,0.56
14:44:49,all,0.22,0,0.19,0,0,99.59,0.41
14:44:50,all,0.31,0,0.34,0,0,99.34,0.66
14:44:51,all,0.19,0,0.34,0,0,99.47,0.53
14:44:52,all,0.88,0,0.22,0,0,98.9,1.1
14:44:53,all,0.91,0,0.31,0,0,98.78,1.22
14:44:54,all,0.28,0,0.13,0,0,99.59,0.41
14:44:55,all,0.22,0,0.25,0,0,99.53,0.47
14:44:56,all,0.28,0,0.28,0,0,99.44,0.56
14:44:57,all,0.13,0,0.16,0,0,99.72,0.28
14:44:58,all,0.22,0,0.28,0,0,99.5,0.5
14:44:59,all,0.28,0,0.38,0,0,99.34,0.66
14:45:00,all,0.19,0,0.13,0,0,99.69,0.31
14:45:01,all,0.25,0,0.25,0,0,99.5,0.5
14:45:02,all,0.31,0,0.31,0,0,99.37,0.63
14:45:03,all,0.13,0,0.13,0,0,99.75,0.25
14:45:04,all,0.06,0,0.38,0,0,99.56,0.44
14:45:05,all,0.06,0,0.09,0,0,99.84,0.16
14:45:06,all,0.25,0,0.28,0,0,99.47,0.53
14:45:07,all,0.31,0,0.31,0,0,99.37,0.63
14:45:08,all,0.22,0,0.16,0,0,99.62,0.38
14:45:09,all,0.19,0,0.28,0,0,99.53,0.47
14:45:10,all,0.22,0,0.28,0,0,99.5,0.5
14:45:11,all,0.22,0,0.16,0,0,99.62,0.38
14:45:12,all,0.16,0,0.28,0,0,99.56,0.44
14:45:13,all,0.31,0,0.22,0,0,99.47,0.53
14:45:14,all,0.13,0,0.16,0,0,99.72,0.28
14:45:15,all,0.19,0,0.34,0,0,99.47,0.53
14:45:16,all,0.19,0,0.28,0,0,99.53,0.47
14:45:17,all,0.28,0,0.16,0,0,99.56,0.44
14:45:18,all,0.16,0,0.34,0,0,99.5,0.5
14:45:19,all,0.13,0,0.16,0,0,99.72,0.28
14:45:20,all,0.19,0,0.25,0,0,99.56,0.44
14:45:21,all,0.16,0,0.31,0,0,99.53,0.47
14:45:22,all,0.16,0,0.13,0,0,99.72,0.28
14:45:23,all,0.22,0,0.28,0,0,99.5,0.5
14:45:24,all,0.22,0,0.28,0,0,99.5,0.5
14:45:25,all,0.19,0,0.13,0,0,99.69,0.31
14:45:26,all,0.22,0,0.34,0,0,99.44,0.56
14:45:27,all,0.22,0,0.28,0,0,99.5,0.5
14:45:28,all,0.13,0,0.22,0,0,99.66,0.34
14:45:29,all,0.16,0,0.34,0,0,99.5,0.5
14:45:30,all,0.25,0,0.25,0,0,99.5,0.5
14:45:31,all,0.16,0,0.25,0,0,99.59,0.41
14:45:32,all,0.16,0,0.28,0,0,99.56,0.44
14:45:33,all,0.09,0,0.22,0,0,99.69,0.31
14:45:34,all,0.19,0,0.28,0,0,99.53,0.47
14:45:35,all,0.25,0,0.28,0,0,99.47,0.53
14:45:36,all,0.13,0,0.13,0,0,99.75,0.25
14:45:37,all,0.31,0,0.25,0,0,99.44,0.56
14:45:38,all,0.47,0,0.25,0,0,99.28,0.72
14:45:39,all,0.16,0,0.13,0,0,99.72,0.28
14:45:40,all,0.19,0,0.31,0,0,99.5,0.5
14:45:41,all,0.31,0,0.22,0,0,99.47,0.53
14:45:42,all,0.13,0,0.22,0,0,99.66,0.34
14:45:43,all,0.13,0,0.34,0,0,99.53,0.47
14:45:44,all,0.13,0,0.19,0,0,99.69,0.31
14:45:45,all,0.25,0,0.16,0,0,99.59,0.41
14:45:46,all,0.19,0,0.31,0,0,99.5,0.5
14:45:47,all,0.19,0,0.19,0,0,99.62,0.38
14:45:48,all,0.16,0,0.38,0,0,99.47,0.53
14:45:49,all,0.28,0,0.19,0,0,99.53,0.47
14:45:50,all,0.19,0,0.19,0,0,99.62,0.38
14:45:51,all,0.38,0,0.44,0,0,99.19,0.81
14:45:52,all,0.22,0,0.22,0,0,99.56,0.44
14:45:53,all,0.22,0,0.16,0,0,99.62,0.38
14:45:54,all,0.16,0,0.38,0,0,99.47,0.53
14:45:55,all,0.22,0,0.28,0,0,99.5,0.5
14:45:56,all,0.44,0,0.16,0,0,99.41,0.59
14:45:57,all,0.19,0,0.38,0,0,99.44,0.56
14:45:58,all,0.13,0,0.22,0,0,99.66,0.34
14:45:59,all,0.16,0,0.31,0,0,99.53,0.47
14:46:00,all,0.19,0,0.25,0,0,99.56,0.44
14:46:01,all,0.19,0,0.22,0,0,99.59,0.41
14:46:02,all,0.19,0,0.28,0,0,99.53,0.47
14:46:03,all,0.28,0,0.28,0,0,99.44,0.56
14:46:04,all,0.13,0,0.19,0,0,99.69,0.31
14:46:05,all,0.16,0,0.22,0,0,99.62,0.38
14:46:06,all,0.09,0,0.28,0,0,99.62,0.38
14:46:07,all,0.16,0,0.22,0,0,99.62,0.38
14:46:08,all,0.19,0,0.28,0,0,99.53,0.47
14:46:09,all,0.22,0,0.28,0,0,99.5,0.5
14:46:10,all,0.13,0,0.13,0,0,99.75,0.25
14:46:11,all,0.22,0,0.28,0,0,99.5,0.5
14:46:12,all,0.13,0,0.22,0,0,99.66,0.34
14:46:13,all,0.22,0,0.25,0,0,99.53,0.47
14:46:14,all,0.22,0,0.25,0,0,99.53,0.47
14:46:15,all,0.13,0,0.16,0,0,99.72,0.28
14:46:16,all,0.25,0,0.25,0,0,99.5,0.5
14:46:17,all,0.25,0,0.25,0,0,99.5,0.5
14:46:18,all,0.22,0,0.19,0,0,99.59,0.41
14:46:19,all,0.16,0,0.31,0,0,99.53,0.47
14:46:20,all,0.16,0,0.25,0,0,99.59,0.41
14:46:21,all,0.13,0,0.25,0,0,99.62,0.38
14:46:22,all,0.19,0,0.31,0,0,99.5,0.5
14:46:23,all,0.19,0,0.28,0,0,99.53,0.47
14:46:24,all,0.22,0,0.16,0,0,99.62,0.38
14:46:25,all,0.28,0,0.28,0,0,99.44,0.56
14:46:26,all,0.09,0,0.19,0,0,99.72,0.28
14:46:27,all,0.22,0,0.31,0,0,99.47,0.53
14:46:28,all,0.25,0,0.31,0,0,99.44,0.56
14:46:29,all,0.25,0,0.16,0,0,99.59,0.41
14:46:30,all,0.22,0,0.28,0,0,99.5,0.5
14:46:31,all,0.25,0,0.28,0.03,0,99.44,0.56
14:46:32,all,0.13,0,0.19,0,0,99.69,0.31
14:46:33,all,0.16,0,0.28,0,0,99.56,0.44
14:46:34,all,0.25,0,0.22,0,0,99.53,0.47
14:46:35,all,1.03,0,0.69,0,0,98.28,1.72
14:46:36,all,0.22,0,0.22,0,0,99.56,0.44
14:46:37,all,0.16,0,0.22,0,0,99.62,0.38
14:46:38,all,0.16,0,0.31,0,0,99.53,0.47
14:46:39,all,0.34,0,0.25,0,0,99.4,0.6
14:46:40,all,0.16,0,0.22,0,0,99.62,0.38
14:46:41,all,0.16,0,0.34,0,0,99.5,0.5
14:46:42,all,0.19,0,0.31,0,0,99.5,0.5
14:46:43,all,0.09,0,0.19,0,0,99.72,0.28
14:46:44,all,0.16,0,0.34,0,0,99.5,0.5
14:46:45,all,0.22,0,0.41,0,0,99.37,0.63
14:46:46,all,0.19,0,0.19,0,0,99.62,0.38
14:46:47,all,0.22,0,0.31,0,0,99.47,0.53
14:46:48,all,0.19,0,0.28,0,0,99.53,0.47
14:46:49,all,0.16,0,0.19,0,0,99.66,0.34
14:46:50,all,0.16,0,0.25,0,0,99.59,0.41
14:46:51,all,0.25,0,0.16,0,0,99.59,0.41
14:46:52,all,0.22,0,0.25,0,0,99.53,0.47
14:46:53,all,0.16,0,0.28,0,0,99.56,0.44
14:46:54,all,0.16,0,0.19,0,0,99.66,0.34
14:46:55,all,0.31,0,0.25,0,0,99.44,0.56
14:46:56,all,0.22,0,0.34,0,0,99.44,0.56
14:46:57,all,0.13,0,0.16,0,0,99.72,0.28
14:46:58,all,0.34,0,0.25,0,0,99.41,0.59
14:46:59,all,0.28,0,0.38,0,0,99.34,0.66
14:47:00,all,0.38,0,0.19,0,0,99.44,0.56
14:47:01,all,0.34,0,0.34,0,0,99.31,0.69
14:47:02,all,0.19,0,0.28,0,0,99.53,0.47
14:47:03,all,0.22,0,0.16,0,0,99.62,0.38
14:47:04,all,0.16,0,0.28,0,0,99.56,0.44
14:47:05,all,0.19,0,0.13,0,0,99.69,0.31
14:47:06,all,0.19,0,0.22,0,0,99.59,0.41
14:47:07,all,0.25,0,0.31,0,0,99.44,0.56
14:47:08,all,0.19,0,0.13,0,0,99.69,0.31
14:47:09,all,0.19,0,0.34,0,0,99.47,0.53
14:47:10,all,0.16,0,0.28,0,0,99.56,0.44
14:47:11,all,0.16,0,0.19,0,0,99.66,0.34
14:47:12,all,0.13,0,0.34,0,0,99.53,0.47
14:47:13,all,0.19,0,0.38,0,0,99.44,0.56
14:47:14,all,0.13,0,0.19,0,0,99.69,0.31
14:47:15,all,0.19,0,0.22,0,0,99.59,0.41
14:47:16,all,0.19,0,0.34,0,0,99.47,0.53
14:47:17,all,0.22,0,0.13,0,0,99.66,0.34
14:47:18,all,0.16,0,0.31,0,0,99.53,0.47
14:47:19,all,0.19,0,0.09,0,0,99.72,0.28
14:47:20,all,0.13,0,0.34,0,0,99.53,0.47
14:47:21,all,0.19,0,0.31,0,0,99.5,0.5
14:47:22,all,0.16,0,0.09,0,0,99.75,0.25
14:47:23,all,0.19,0,0.31,0,0,99.5,0.5
14:47:24,all,0.22,0,0.25,0,0,99.53,0.47
14:47:25,all,0.16,0,0.19,0,0,99.66,0.34
14:47:26,all,0.13,0,0.25,0,0,99.62,0.38
14:47:27,all,0.22,0,0.25,0,0,99.53,0.47
14:47:28,all,0.16,0,0.16,0,0,99.69,0.31
14:47:29,all,0.16,0,0.28,0,0,99.56,0.44
14:47:30,all,0.22,0,0.19,0,0,99.59,0.41
14:47:31,all,0.16,0,0.19,0,0,99.66,0.34
14:47:32,all,0.25,0,0.38,0,0,99.37,0.63
14:47:33,all,0.13,0,0.16,0,0,99.72,0.28
14:47:34,all,0.19,0,0.25,0,0,99.56,0.44
14:47:35,all,0.16,0,0.34,0,0,99.5,0.5
14:47:36,all,0.16,0,0.16,0,0,99.69,0.31
14:47:37,all,0.28,0,0.22,0,0,99.5,0.5
14:47:38,all,0.34,0,0.34,0,0,99.31,0.69
14:47:39,all,0.19,0,0.16,0,0,99.66,0.34
14:47:40,all,0.19,0,0.22,0,0,99.59,0.41
14:47:41,all,0.19,0,0.34,0,0,99.47,0.53
14:47:42,all,0.19,0,0.16,0,0,99.66,0.34
14:47:43,all,0.22,0,0.31,0,0,99.47,0.53
14:47:44,all,0.22,0,0.06,0,0,99.72,0.28
14:47:45,all,0.13,0,0.34,0,0,99.53,0.47
14:47:46,all,0.25,0,0.25,0,0,99.5,0.5
14:47:47,all,0.13,0,0.22,0,0,99.66,0.34
14:47:48,all,0.19,0,0.34,0,0,99.47,0.53
14:47:49,all,0.19,0,0.25,0,0,99.56,0.44
14:47:50,all,0.09,0,0.16,0,0,99.75,0.25
14:47:51,all,0.25,0,0.28,0,0,99.47,0.53
14:47:52,all,0.19,0,0.16,0,0,99.66,0.34
14:47:53,all,0.16,0,0.22,0,0,99.62,0.38
14:47:54,all,0.19,0,0.28,0,0,99.53,0.47
14:47:55,all,0.22,0,0.31,0,0,99.47,0.53
14:47:56,all,0.13,0,0.22,0,0,99.66,0.34
14:47:57,all,0.41,0,0.28,0,0,99.31,0.69
14:47:58,all,0.06,0,0.19,0,0,99.75,0.25
14:47:59,all,0.28,0,0.25,0,0,99.47,0.53
14:48:00,all,0.16,0,0.31,0,0,99.53,0.47
14:48:01,all,0.13,0,0.13,0,0,99.75,0.25
14:48:02,all,3.45,0,1.82,0,0,94.74,5.26
14:48:03,all,0.19,0,0.25,0,0,99.56,0.44
14:48:04,all,0.13,0,0.19,0,0,99.69,0.31
14:48:05,all,0.16,0,0.38,0,0,99.47,0.53
14:48:06,all,0.16,0,0.28,0,0,99.56,0.44
14:48:07,all,0.16,0,0.34,0,0,99.5,0.5
14:48:08,all,0.22,0,0.28,0,0,99.5,0.5
14:48:09,all,0.19,0,0.22,0,0,99.59,0.41
14:48:10,all,0.19,0,0.16,0,0,99.66,0.34
14:48:11,all,0.16,0,0.31,0,0,99.53,0.47
14:48:12,all,0.16,0,0.25,0,0,99.59,0.41
14:48:13,all,0.97,0,0.81,0,0,98.21,1.79
14:48:14,all,0.19,0,0.25,0,0,99.56,0.44
14:48:15,all,0.16,0,0.22,0,0,99.62,0.38
14:48:16,all,0.19,0,0.25,0,0,99.56,0.44
14:48:17,all,0.22,0,0.34,0,0,99.44,0.56
14:48:18,all,0.09,0,0.19,0,0,99.72,0.28
14:48:19,all,0.19,0,0.25,0,0,99.56,0.44
14:48:20,all,0.19,0,0.34,0,0,99.47,0.53
14:48:21,all,0.13,0,0.16,0,0,99.72,0.28
14:48:22,all,0.31,0,0.28,0,0,99.41,0.59
14:48:23,all,0.19,0,0.25,0,0,99.56,0.44
14:48:24,all,0.22,0,0.22,0,0,99.56,0.44
14:48:25,all,0.19,0,0.25,0,0,99.56,0.44
14:48:26,all,0.19,0,0.09,0,0,99.72,0.28
14:48:27,all,0.22,0,0.34,0,0,99.44,0.56
14:48:28,all,0.16,0,0.28,0,0,99.56,0.44
14:48:29,all,0.16,0,0.13,0,0,99.72,0.28
14:48:30,all,0.19,0,0.28,0,0,99.53,0.47
14:48:31,all,0.19,0,0.25,0,0,99.56,0.44
14:48:32,all,0.19,0,0.16,0,0,99.66,0.34
14:48:33,all,0.25,0,0.28,0,0,99.47,0.53
14:48:34,all,0.22,0,0.28,0,0,99.5,0.5
14:48:35,all,0.16,0,0.22,0,0,99.62,0.38
14:48:36,all,0.09,0,0.19,0,0,99.72,0.28
14:48:37,all,0.13,0,0.13,0,0,99.75,0.25
14:48:38,all,0.13,0,0.34,0,0,99.53,0.47
14:48:39,all,0.47,0,0.31,0,0,99.22,0.78
14:48:40,all,0.16,0,0.13,0,0,99.72,0.28
14:48:41,all,0.25,0,0.25,0,0,99.5,0.5
14:48:42,all,0.22,0,0.34,0,0,99.44,0.56
14:48:43,all,0.13,0,0.13,0,0,99.75,0.25
14:48:44,all,0.16,0,0.34,0,0,99.5,0.5
14:48:45,all,1.85,0,0.81,0,0,97.34,2.66
14:48:46,all,2.94,0,0.25,0,0,96.81,3.19
14:48:47,all,0.16,0,0.25,0,0,99.59,0.41
14:48:48,all,0.16,0,0.28,0,0,99.56,0.44
14:48:49,all,0.13,0,0.13,0,0,99.75,0.25
14:48:50,all,0.13,0,0.41,0,0,99.47,0.53
14:48:51,all,0.19,0,0.19,0,0,99.62,0.38
14:48:52,all,0.25,0,0.22,0,0,99.53,0.47
14:48:53,all,0.19,0,0.25,0,0,99.56,0.44
14:48:54,all,0.22,0,0.13,0,0,99.66,0.34
14:48:55,all,0.16,0,0.34,0,0,99.5,0.5
14:48:56,all,0.19,0,0.28,0,0,99.53,0.47
14:48:57,all,0.16,0,0.19,0,0,99.66,0.34
14:48:58,all,0.19,0,0.31,0,0,99.5,0.5
14:48:59,all,0.22,0,0.25,0,0,99.53,0.47
14:49:00,all,0.16,0,0.13,0,0,99.72,0.28
14:49:01,all,0.28,0,0.22,0,0,99.5,0.5
14:49:02,all,0.16,0,0.22,0,0,99.62,0.38
14:49:03,all,0.16,0,0.22,0,0,99.62,0.38
14:49:04,all,0.19,0,0.28,0,0,99.53,0.47
14:49:05,all,0.09,0,0.13,0,0,99.78,0.22
14:49:06,all,0.19,0,0.25,0,0,99.56,0.44
14:49:07,all,0.19,0,0.25,0,0,99.56,0.44
14:49:08,all,0.16,0,0.09,0,0,99.75,0.25
14:49:09,all,0.25,0,0.31,0,0,99.44,0.56
14:49:10,all,0.13,0,0.28,0,0,99.59,0.41
14:49:11,all,0.16,0,0.13,0,0,99.72,0.28
14:49:12,all,0.16,0,0.31,0,0,99.53,0.47
14:49:13,all,0.25,0,0.31,0,0,99.44,0.56
14:49:14,all,0.13,0,0.16,0,0,99.72,0.28
14:49:15,all,0.22,0,0.25,0,0,99.53,0.47
14:49:16,all,0.16,0,0.16,0,0,99.69,0.31
14:49:17,all,0.19,0,0.28,0,0,99.53,0.47
14:49:18,all,0.22,0,0.28,0,0,99.5,0.5
14:49:19,all,0.13,0,0.13,0,0,99.75,0.25
14:49:20,all,0.22,0,0.31,0,0,99.47,0.53
14:49:21,all,0.19,0,0.31,0,0,99.5,0.5
14:49:22,all,0.13,0,0.13,0,0,99.75,0.25
14:49:23,all,0.19,0,0.28,0,0,99.53,0.47
14:49:24,all,0.19,0,0.31,0,0,99.5,0.5
14:49:25,all,0.13,0,0.13,0,0,99.75,0.25
14:49:26,all,0.22,0,0.25,0,0,99.53,0.47
14:49:27,all,0.22,0,0.28,0,0,99.5,0.5
14:49:28,all,0.13,0,0.19,0,0,99.69,0.31
14:49:29,all,1.07,0,0.66,0,0,98.28,1.72
14:49:30,all,0.19,0,0.16,0,0,99.66,0.34
14:49:31,all,0.22,0,0.28,0,0,99.5,0.5
14:49:32,all,0.31,0,0.19,0,0,99.5,0.5
14:49:33,all,0.22,0,0.13,0,0,99.66,0.34
14:49:34,all,0.22,0,0.28,0,0,99.5,0.5
14:49:35,all,0.22,0,0.22,0,0,99.56,0.44
14:49:36,all,0.09,0,0.19,0,0,99.72,0.28
14:49:37,all,0.13,0,0.25,0,0,99.62,0.38
14:49:38,all,0.44,0,0.28,0,0,99.28,0.72
14:49:39,all,0.16,0,0.13,0,0,99.72,0.28
14:49:40,all,0.22,0,0.22,0,0,99.56,0.44
14:49:41,all,0.25,0,0.41,0,0,99.34,0.66
14:49:42,all,0.13,0,0.16,0,0,99.72,0.28
14:49:43,all,0.25,0,0.25,0,0,99.5,0.5
14:49:44,all,0.16,0,0.16,0,0,99.69,0.31
14:49:45,all,0.22,0,0.25,0,0,99.53,0.47
14:49:46,all,0.19,0,0.25,0,0,99.56,0.44
14:49:47,all,0.19,0,0.19,0,0,99.62,0.38
14:49:48,all,0.19,0,0.22,0,0,99.59,0.41
14:49:49,all,0.22,0,0.25,0,0,99.53,0.47
14:49:50,all,0.19,0,0.22,0,0,99.59,0.41
14:49:51,all,0.19,0,0.34,0,0,99.47,0.53
14:49:52,all,0.25,0,0.25,0,0,99.5,0.5
14:49:53,all,0.16,0,0.13,0,0,99.72,0.28
14:49:54,all,0.19,0,0.31,0,0,99.5,0.5
14:49:55,all,0.16,0,0.19,0,0,99.66,0.34
14:49:56,all,0.22,0,0.19,0,0,99.59,0.41
14:49:57,all,0.19,0,0.31,0,0,99.5,0.5
14:49:58,all,0.16,0,0.19,0,0,99.66,0.34
14:49:59,all,0.19,0,0.38,0,0,99.44,0.56
14:50:00,all,0.19,0,0.31,0,0,99.5,0.5
14:50:01,all,0.31,0,0.25,0,0,99.44,0.56
14:50:02,all,0.22,0,0.25,0,0,99.53,0.47
14:50:03,all,0.22,0,0.31,0,0,99.47,0.53
14:50:04,all,0.09,0,0.06,0,0,99.84,0.16
14:50:05,all,0.28,0,0.28,0,0,99.44,0.56
14:50:06,all,0.13,0,0.28,0,0,99.59,0.41
14:50:07,all,0.06,0,0.13,0,0,99.81,0.19
14:50:08,all,0.25,0,0.22,0,0,99.53,0.47
14:50:09,all,0.09,0,0.19,0,0,99.72,0.28
14:50:10,all,0.16,0,0.31,0,0,99.53,0.47
14:50:11,all,0.19,0,0.25,0,0,99.56,0.44
14:50:12,all,0.16,0,0.16,0,0,99.69,0.31
14:50:13,all,0.19,0,0.34,0,0,99.47,0.53
14:50:14,all,0.19,0,0.28,0,0,99.53,0.47
14:50:15,all,0.16,0,0.16,0,0,99.69,0.31
14:50:16,all,0.25,0,0.25,0,0,99.5,0.5
14:50:17,all,0.16,0,0.31,0,0,99.53,0.47
14:50:18,all,0.16,0,0.16,0,0,99.69,0.31
14:50:19,all,0.25,0,0.22,0,0,99.53,0.47
14:50:20,all,0.22,0,0.25,0,0,99.53,0.47
14:50:21,all,0.19,0,0.16,0,0,99.66,0.34
14:50:22,all,0.16,0,0.28,0,0,99.56,0.44
14:50:23,all,0.13,0,0.16,0,0,99.72,0.28
14:50:24,all,0.16,0,0.25,0,0,99.59,0.41
14:50:25,all,0.16,0,0.28,0,0,99.56,0.44
14:50:26,all,0.19,0,0.16,0,0,99.66,0.34
14:50:27,all,0.25,0,0.22,0,0,99.53,0.47
14:50:28,all,0.25,0,0.25,0,0,99.5,0.5
14:50:29,all,0.13,0,0.16,0,0,99.72,0.28
14:50:30,all,0.22,0,0.28,0,0,99.5,0.5
14:50:31,all,0.28,0,0.22,0,0,99.5,0.5
14:50:32,all,0.06,0,0.16,0,0,99.78,0.22
14:50:33,all,0.19,0,0.28,0,0,99.53,0.47
14:50:34,all,0.19,0,0.28,0,0,99.53,0.47
14:50:35,all,0.06,0,0.19,0,0,99.75,0.25
14:50:36,all,0.28,0,0.19,0,0,99.53,0.47
14:50:37,all,0.19,0,0.09,0,0,99.72,0.28
14:50:38,all,0.22,0,0.19,0,0,99.59,0.41
14:50:39,all,0.44,0,0.25,0,0,99.31,0.69
14:50:40,all,0.13,0,0.25,0,0,99.62,0.38
14:50:41,all,0.22,0,0.31,0,0,99.47,0.53
14:50:42,all,0.34,0,0.22,0,0,99.44,0.56
14:50:43,all,0.16,0,0.09,0,0,99.75,0.25
14:50:44,all,0.16,0,0.34,0,0,99.5,0.5
14:50:45,all,0.19,0,0.31,0,0,99.5,0.5
14:50:46,all,0.19,0,0.09,0,0,99.72,0.28
14:50:47,all,0.22,0,0.28,0,0,99.5,0.5
14:50:48,all,0.13,0,0.31,0,0,99.56,0.44
14:50:49,all,0.19,0,0.13,0,0,99.69,0.31
14:50:50,all,0.09,0,0.34,0,0,99.56,0.44
14:50:51,all,0.13,0,0.16,0,0,99.72,0.28
14:50:52,all,0.19,0,0.28,0,0,99.53,0.47
14:50:53,all,0.19,0,0.34,0,0,99.47,0.53
14:50:54,all,0.06,0,0.22,0,0,99.72,0.28
14:50:55,all,0.19,0,0.31,0,0,99.5,0.5
14:50:56,all,0.16,0,0.34,0,0,99.5,0.5
14:50:57,all,0.19,0,0.25,0,0,99.56,0.44
14:50:58,all,0.22,0,0.28,0,0,99.5,0.5
14:50:59,all,0.22,0,0.28,0,0,99.5,0.5
14:51:00,all,0.19,0,0.16,0,0,99.66,0.34
14:51:01,all,0.13,0,0.38,0,0,99.5,0.5
14:51:02,all,0.13,0,0.22,0,0,99.66,0.34
14:51:03,all,0.16,0,0.34,0,0,99.5,0.5
14:51:04,all,0.22,0,0.22,0,0,99.56,0.44
14:51:05,all,0.13,0,0.19,0,0,99.69,0.31
14:51:06,all,0.19,0,0.25,0,0,99.56,0.44
14:51:07,all,0.16,0,0.28,0,0,99.56,0.44
14:51:08,all,0.09,0,0.16,0,0,99.75,0.25
14:51:09,all,0.16,0,0.28,0,0,99.56,0.44
14:51:10,all,0.25,0,0.25,0,0,99.5,0.5
14:51:11,all,0.09,0,0.16,0,0,99.75,0.25
14:51:12,all,0.16,0,0.31,0,0,99.53,0.47
14:51:13,all,0.16,0,0.31,0,0,99.53,0.47
14:51:14,all,0.09,0,0.13,0,0,99.78,0.22
14:51:15,all,0.22,0,0.28,0,0,99.5,0.5
14:51:16,all,0.09,0,0.16,0,0,99.75,0.25
14:51:17,all,0.19,0,0.34,0,0,99.47,0.53
14:51:18,all,0.22,0,0.28,0,0,99.5,0.5
14:51:19,all,0.13,0,0.19,0,0,99.69,0.31
14:51:20,all,0.22,0,0.25,0,0,99.53,0.47
14:51:21,all,0.28,0,0.25,0,0,99.47,0.53
14:51:22,all,0.16,0,0.19,0,0,99.66,0.34
14:51:23,all,0.19,0,0.19,0,0,99.62,0.38
14:51:24,all,0.19,0,0.28,0,0,99.53,0.47
14:51:25,all,0.06,0,0.19,0,0,99.75,0.25
14:51:26,all,0.28,0,0.22,0,0,99.5,0.5
14:51:27,all,0.19,0,0.28,0,0,99.53,0.47
14:51:28,all,0.13,0,0.13,0,0,99.75,0.25
14:51:29,all,0.16,0,0.41,0,0,99.44,0.56
14:51:30,all,0.19,0,0.19,0,0,99.62,0.38
14:51:31,all,0.19,0,0.25,0,0,99.56,0.44
14:51:32,all,0.19,0,0.31,0,0,99.5,0.5
14:51:33,all,0.19,0,0.13,0,0,99.69,0.31
14:51:34,all,0.25,0,0.22,0,0,99.53,0.47
14:51:35,all,1.06,0,0.91,0,0,98.03,1.97
14:51:36,all,0.06,0,0.25,0,0,99.69,0.31
14:51:37,all,0.25,0,0.28,0,0,99.47,0.53
14:51:38,all,0.5,0,0.22,0,0,99.28,0.72
14:51:39,all,0.16,0,0.13,0,0,99.72,0.28
14:51:40,all,0.25,0,0.28,0,0,99.47,0.53
14:51:41,all,0.09,0,0.25,0,0,99.66,0.34
14:51:42,all,0.13,0,0.25,0,0,99.62,0.38
14:51:43,all,0.28,0,0.28,0,0,99.44,0.56
14:51:44,all,0.13,0,0.19,0,0,99.69,0.31
14:51:45,all,0.19,0,0.28,0,0,99.53,0.47
14:51:46,all,0.22,0,0.34,0,0,99.44,0.56
14:51:47,all,0.16,0,0.16,0,0,99.69,0.31
14:51:48,all,0.34,0,0.19,0,0,99.47,0.53
14:51:49,all,0.19,0,0.28,0,0,99.53,0.47
14:51:50,all,0.09,0,0.19,0,0,99.72,0.28
14:51:51,all,0.22,0,0.25,0,0,99.53,0.47
14:51:52,all,0.22,0,0.28,0,0,99.5,0.5
14:51:53,all,0.13,0,0.16,0,0,99.72,0.28
14:51:54,all,0.22,0,0.19,0,0,99.59,0.41
14:51:55,all,0.13,0,0.16,0,0,99.72,0.28
14:51:56,all,0.22,0,0.31,0,0,99.47,0.53
14:51:57,all,0.16,0,0.25,0,0,99.59,0.41
14:51:58,all,0.19,0,0.19,0,0,99.62,0.38
14:51:59,all,0.19,0,0.28,0,0,99.53,0.47
14:52:00,all,0.31,0,0.31,0,0,99.37,0.63
14:52:01,all,0.13,0,0.19,0,0,99.69,0.31
14:52:02,all,0.22,0,0.28,0,0,99.5,0.5
14:52:03,all,0.16,0,0.31,0,0,99.53,0.47
14:52:04,all,0.16,0,0.16,0,0,99.69,0.31
14:52:05,all,0.19,0,0.25,0,0,99.56,0.44
14:52:06,all,0.25,0,0.28,0,0,99.47,0.53
14:52:07,all,0.16,0,0.09,0,0,99.75,0.25
14:52:08,all,0.22,0,0.28,0,0,99.5,0.5
14:52:09,all,0.13,0,0.19,0,0,99.69,0.31
14:52:10,all,0.25,0,0.25,0,0,99.5,0.5
14:52:11,all,0.22,0,0.25,0,0,99.53,0.47
14:52:12,all,0.13,0,0.22,0,0,99.66,0.34
14:52:13,all,0.25,0,0.28,0,0,99.47,0.53
14:52:14,all,0.19,0,0.31,0,0,99.5,0.5
14:52:15,all,0.13,0,0.22,0,0,99.66,0.34
14:52:16,all,0.19,0,0.28,0,0,99.53,0.47
14:52:17,all,0.22,0,0.25,0,0,99.53,0.47
14:52:18,all,0.16,0,0.16,0,0,99.69,0.31
14:52:19,all,0.13,0,0.31,0,0,99.56,0.44
14:52:20,all,0.16,0,0.28,0,0,99.56,0.44
14:52:21,all,0.19,0,0.16,0,0,99.66,0.34
14:52:22,all,0.19,0,0.31,0,0,99.5,0.5
14:52:23,all,0.16,0,0.13,0,0,99.72,0.28
14:52:24,all,0.19,0,0.22,0,0,99.59,0.41
14:52:25,all,0.22,0,0.28,0,0,99.5,0.5
14:52:26,all,0.16,0,0.22,0,0,99.62,0.38
14:52:27,all,0.19,0,0.31,0,0,99.5,0.5
14:52:28,all,0.13,0,0.34,0,0,99.53,0.47
14:52:29,all,0.19,0,0.19,0,0,99.62,0.38
14:52:30,all,0.13,0,0.34,0,0,99.53,0.47
14:52:31,all,0.28,0,0.22,0,0,99.5,0.5
14:52:32,all,0.09,0,0.16,0,0,99.75,0.25
14:52:33,all,0.19,0,0.28,0,0,99.53,0.47
14:52:34,all,0.16,0,0.16,0,0,99.69,0.31
14:52:35,all,0.19,0,0.22,0,0,99.59,0.41
14:52:36,all,0.19,0,0.28,0,0,99.53,0.47
14:52:37,all,0.13,0,0.16,0,0,99.72,0.28
14:52:38,all,0.34,0,0.25,0,0,99.41,0.59
14:52:39,all,0.22,0,0.22,0,0,99.56,0.44
14:52:40,all,0.13,0,0.22,0,0,99.66,0.34
14:52:41,all,0.34,0,0.28,0,0,99.37,0.63
14:52:42,all,0.13,0,0.28,0,0,99.59,0.41
14:52:43,all,0.13,0,0.19,0,0,99.69,0.31
14:52:44,all,0.22,0,0.34,0,0,99.44,0.56
14:52:45,all,0.28,0,0.25,0,0,99.47,0.53
14:52:46,all,0.19,0,0.09,0,0,99.72,0.28
14:52:47,all,0.19,0,0.25,0,0,99.56,0.44
14:52:48,all,0.13,0,0.19,0,0,99.69,0.31
14:52:49,all,0.19,0,0.25,0,0,99.56,0.44
14:52:50,all,0.19,0,0.28,0,0,99.53,0.47
14:52:51,all,0.19,0,0.13,0,0,99.69,0.31
14:52:52,all,0.16,0,0.25,0,0,99.59,0.41
14:52:53,all,0.19,0,0.28,0,0,99.53,0.47
14:52:54,all,0.13,0,0.16,0,0,99.72,0.28
14:52:55,all,0.22,0,0.19,0,0,99.59,0.41
14:52:56,all,0.22,0,0.28,0,0,99.5,0.5
14:52:57,all,0.16,0,0.13,0,0,99.72,0.28
14:52:58,all,0.19,0,0.28,0,0,99.53,0.47
14:52:59,all,0.78,0,0.82,0,0,98.4,1.6
14:53:00,all,0.13,0,0.09,0,0,99.78,0.22
14:53:01,all,0.19,0,0.38,0,0,99.44,0.56
14:53:02,all,0.13,0,0.13,0,0,99.75,0.25
14:53:03,all,0.31,0,0.25,0,0,99.44,0.56
14:53:04,all,0.13,0,0.31,0,0,99.56,0.44
14:53:05,all,0.09,0,0.16,0,0,99.75,0.25
14:53:06,all,0.13,0,0.38,0,0,99.5,0.5
14:53:07,all,0.19,0,0.31,0,0,99.5,0.5
14:53:08,all,0.09,0,0.09,0,0,99.81,0.19
14:53:09,all,0.28,0,0.19,0,0,99.53,0.47
14:53:10,all,0.19,0,0.31,0,0,99.5,0.5
14:53:11,all,0.16,0,0.19,0,0,99.66,0.34
14:53:12,all,0.16,0,0.38,0,0,99.47,0.53
14:53:13,all,1.06,0,0.72,0,0,98.22,1.78
14:53:14,all,0.13,0,0.25,0,0,99.62,0.38
14:53:15,all,0.25,0,0.22,0,0,99.53,0.47
14:53:16,all,0.19,0,0.13,0,0,99.69,0.31
14:53:17,all,0.25,0,0.28,0,0,99.47,0.53
14:53:18,all,0.13,0,0.28,0,0,99.59,0.41
14:53:19,all,0.13,0,0.19,0,0,99.69,0.31
14:53:20,all,0.19,0,0.28,0,0,99.53,0.47
14:53:21,all,0.22,0,0.25,0,0,99.53,0.47
14:53:22,all,0.09,0,0.22,0,0,99.69,0.31
14:53:23,all,0.19,0,0.28,0,0,99.53,0.47
14:53:24,all,0.22,0,0.28,0,0,99.5,0.5
14:53:25,all,0.09,0,0.19,0,0,99.72,0.28
14:53:26,all,0.19,0,0.28,0,0,99.53,0.47
14:53:27,all,0.13,0,0.25,0,0,99.62,0.38
14:53:28,all,0.13,0,0.25,0,0,99.62,0.38
14:53:29,all,0.25,0,0.25,0,0,99.5,0.5
14:53:30,all,0.16,0,0.16,0,0,99.69,0.31
14:53:31,all,0.25,0,0.25,0,0,99.5,0.5
14:53:32,all,0.19,0,0.31,0,0,99.5,0.5
14:53:33,all,0.16,0,0.13,0,0,99.72,0.28
14:53:34,all,0.19,0,0.41,0,0,99.41,0.59
14:53:35,all,0.25,0,0.31,0,0,99.44,0.56
14:53:36,all,0.19,0,0.09,0,0,99.72,0.28
14:53:37,all,0.25,0,0.25,0,0,99.5,0.5
14:53:38,all,0.13,0,0.28,0,0,99.59,0.41
14:53:39,all,0.16,0,0.09,0,0,99.75,0.25
14:53:40,all,0.25,0,0.22,0,0,99.53,0.47
14:53:41,all,0.09,0,0.19,0,0,99.72,0.28
14:53:42,all,0.5,0,0.28,0,0,99.22,0.78
14:53:43,all,0.13,0,0.34,0,0,99.53,0.47
14:53:44,all,0.16,0,0.19,0,0,99.66,0.34
14:53:45,all,1.79,0,0.72,0,0,97.49,2.51
14:53:46,all,3.09,0,0.31,0,0,96.59,3.41
14:53:47,all,0.09,0,0.13,0,0,99.78,0.22
14:53:48,all,0.28,0,0.25,0,0,99.47,0.53
14:53:49,all,0.16,0,0.28,0,0,99.56,0.44
14:53:50,all,0.16,0,0.16,0,0,99.69,0.31
14:53:51,all,0.19,0,0.25,0,0,99.56,0.44
14:53:52,all,0.22,0,0.28,0,0,99.5,0.5
14:53:53,all,0.13,0,0.16,0,0,99.72,0.28
14:53:54,all,0.19,0,0.31,0,0,99.5,0.5
14:53:55,all,0.13,0,0.19,0,0,99.69,0.31
14:53:56,all,0.22,0,0.22,0,0,99.56,0.44
14:53:57,all,0.16,0,0.34,0,0,99.5,0.5
14:53:58,all,0.13,0,0.19,0,0,99.69,0.31
14:53:59,all,0.25,0,0.22,0,0,99.53,0.47
14:54:00,all,0.19,0,0.22,0,0,99.59,0.41
14:54:01,all,0.13,0,0.19,0,0,99.69,0.31
14:54:02,all,0.34,0,0.22,0,0,99.44,0.56
14:54:03,all,0.22,0,0.31,0,0,99.47,0.53
14:54:04,all,0.16,0,0.13,0,0,99.72,0.28
14:54:05,all,0.19,0,0.25,0,0,99.56,0.44
14:54:06,all,0.16,0,0.22,0,0,99.62,0.38
14:54:07,all,0.16,0,0.22,0,0,99.62,0.38
14:54:08,all,0.16,0,0.22,0,0,99.62,0.38
14:54:09,all,0.13,0,0.13,0,0,99.75,0.25
14:54:10,all,0.19,0,0.31,0,0,99.5,0.5
14:54:11,all,0.22,0,0.25,0,0,99.53,0.47
14:54:12,all,0.13,0,0.16,0,0,99.72,0.28
14:54:13,all,0.19,0,0.25,0,0,99.56,0.44
14:54:14,all,0.19,0,0.25,0,0,99.56,0.44
14:54:15,all,0.09,0,0.16,0,0,99.75,0.25
14:54:16,all,0.22,0,0.25,0,0,99.53,0.47
14:54:17,all,0.19,0,0.25,0,0,99.56,0.44
14:54:18,all,0.16,0,0.16,0,0,99.69,0.31
14:54:19,all,0.13,0,0.31,0,0,99.56,0.44
14:54:20,all,0.19,0,0.19,0,0,99.62,0.38
14:54:21,all,0.16,0,0.34,0,0,99.5,0.5
14:54:22,all,0.16,0,0.28,0,0,99.56,0.44
14:54:23,all,0.13,0,0.19,0,0,99.69,0.31
14:54:24,all,0.19,0,0.25,0,0,99.56,0.44
14:54:25,all,0.16,0,0.25,0,0,99.59,0.41
14:54:26,all,0.09,0,0.25,0,0,99.66,0.34
14:54:27,all,0.25,0,0.28,0,0,99.47,0.53
14:54:28,all,0.25,0,0.25,0,0,99.5,0.5
14:54:29,all,0.91,0,0.63,0,0,98.46,1.54
14:54:30,all,0.25,0,0.31,0,0,99.44,0.56
14:54:31,all,0.16,0,0.31,0,0,99.53,0.47
14:54:32,all,0.13,0,0.16,0,0,99.72,0.28
14:54:33,all,0.19,0,0.34,0,0,99.47,0.53
14:54:34,all,0.09,0,0.16,0,0,99.75,0.25
14:54:35,all,0.25,0,0.25,0,0,99.5,0.5
14:54:36,all,0.16,0,0.31,0,0,99.53,0.47
14:54:37,all,9.05,0,1.19,0,0,89.76,10.24
14:54:38,all,0.28,0,0.22,0,0,99.5,0.5
14:54:39,all,0.38,0,0.25,0,0,99.37,0.63
14:54:40,all,0.13,0,0.19,0,0,99.69,0.31
14:54:41,all,0.19,0,0.28,0,0,99.53,0.47
14:54:42,all,0.25,0,0.22,0,0,99.53,0.47
14:54:43,all,0.25,0,0.13,0,0,99.62,0.38
14:54:44,all,0.19,0,0.25,0,0,99.56,0.44
14:54:45,all,0.25,0,0.19,0,0,99.56,0.44
14:54:46,all,0.13,0,0.19,0.03,0,99.66,0.34
14:54:47,all,0.25,0,0.28,0,0,99.47,0.53
14:54:48,all,0.19,0,0.13,0,0,99.69,0.31
14:54:49,all,0.19,0,0.28,0,0,99.53,0.47
14:54:50,all,0.22,0,0.22,0,0,99.56,0.44
14:54:51,all,0.06,0,0.13,0,0,99.81,0.19
14:54:52,all,0.19,0,0.28,0,0,99.53,0.47
14:54:53,all,0.13,0,0.38,0,0,99.5,0.5
14:54:54,all,0.09,0,0.16,0,0,99.75,0.25
14:54:55,all,0.25,0,0.22,0,0,99.53,0.47
14:54:56,all,0.19,0,0.38,0,0,99.44,0.56
14:54:57,all,0.16,0,0.25,0,0,99.59,0.41
14:54:58,all,0.16,0,0.31,0,0,99.53,0.47
14:54:59,all,0.19,0,0.34,0,0,99.47,0.53
14:55:00,all,0.16,0,0.09,0,0,99.75,0.25
14:55:01,all,0.22,0,0.31,0,0,99.47,0.53
14:55:02,all,0.09,0,0.16,0,0,99.75,0.25
14:55:03,all,0.19,0,0.28,0,0,99.53,0.47
14:55:04,all,0.16,0,0.28,0,0,99.56,0.44
14:55:05,all,0.16,0,0.13,0,0,99.72,0.28
14:55:06,all,0.19,0,0.28,0,0,99.53,0.47
14:55:07,all,0.22,0,0.25,0,0,99.53,0.47
14:55:08,all,0.19,0,0.16,0,0,99.66,0.34
14:55:09,all,0.13,0,0.25,0,0,99.62,0.38
14:55:10,all,0.19,0,0.28,0,0,99.53,0.47
14:55:11,all,0.09,0,0.13,0,0,99.78,0.22
14:55:12,all,0.22,0,0.31,0,0,99.47,0.53
14:55:13,all,0.19,0,0.22,0,0,99.59,0.41
14:55:14,all,0.13,0,0.19,0,0,99.69,0.31
14:55:15,all,0.16,0,0.31,0,0,99.53,0.47
14:55:16,all,0.09,0,0.16,0,0,99.75,0.25
14:55:17,all,0.25,0,0.31,0,0,99.44,0.56
14:55:18,all,0.19,0,0.25,0,0,99.56,0.44
14:55:19,all,0.09,0,0.19,0,0,99.72,0.28
14:55:20,all,0.16,0,0.28,0,0,99.56,0.44
14:55:21,all,0.19,0,0.38,0,0,99.44,0.56
14:55:22,all,0.13,0,0.16,0,0,99.72,0.28
14:55:23,all,0.13,0,0.28,0,0,99.59,0.41
14:55:24,all,0.19,0,0.31,0,0,99.5,0.5
14:55:25,all,0.13,0,0.09,0,0,99.78,0.22
14:55:26,all,0.22,0,0.25,0,0,99.53,0.47
14:55:27,all,0.13,0,0.34,0,0,99.53,0.47
14:55:28,all,0.13,0,0.31,0,0,99.56,0.44
14:55:29,all,0.28,0,0.28,0,0,99.44,0.56
14:55:30,all,0.06,0,0.19,0,0,99.75,0.25
14:55:31,all,0.31,0,0.25,0,0,99.44,0.56
14:55:32,all,0.16,0,0.31,0,0,99.53,0.47
14:55:33,all,0.09,0,0.13,0,0,99.78,0.22
14:55:34,all,0.19,0,0.34,0,0,99.47,0.53
14:55:35,all,0.13,0,0.28,0,0,99.59,0.41
14:55:36,all,0.22,0,0.09,0,0,99.69,0.31
14:55:37,all,0.22,0,0.28,0,0,99.5,0.5
14:55:38,all,0.19,0,0.31,0,0,99.5,0.5
14:55:39,all,0.31,0,0.13,0,0,99.56,0.44
14:55:40,all,0.13,0,0.31,0,0,99.56,0.44
14:55:41,all,0.06,0,0.19,0,0,99.75,0.25
14:55:42,all,0.19,0,0.25,0,0,99.56,0.44
14:55:43,all,0.22,0,0.25,0,0,99.53,0.47
14:55:44,all,0.06,0,0.22,0,0,99.72,0.28
14:55:45,all,0.19,0,0.31,0,0,99.5,0.5
14:55:46,all,0.22,0,0.25,0,0,99.53,0.47
14:55:47,all,0.16,0,0.22,0,0,99.62,0.38
14:55:48,all,0.25,0,0.25,0,0,99.5,0.5
14:55:49,all,0.22,0,0.25,0,0,99.53,0.47
14:55:50,all,0.13,0,0.13,0,0,99.75,0.25
14:55:51,all,0.19,0,0.28,0,0,99.53,0.47
14:55:52,all,0.19,0,0.25,0,0,99.56,0.44
14:55:53,all,0.06,0,0.19,0,0,99.75,0.25
14:55:54,all,0.13,0,0.28,0,0,99.59,0.41
14:55:55,all,0.16,0,0.16,0,0,99.69,0.31
14:55:56,all,0.13,0,0.34,0,0,99.53,0.47
14:55:57,all,0.13,0,0.38,0,0,99.5,0.5
14:55:58,all,0.16,0,0.13,0,0,99.72,0.28
14:55:59,all,0.19,0,0.28,0,0,99.53,0.47
14:56:00,all,0.22,0,0.34,0,0,99.44,0.56
14:56:01,all,0.16,0,0.16,0,0,99.69,0.31
14:56:02,all,0.19,0,0.28,0,0,99.53,0.47
14:56:03,all,0.19,0,0.25,0,0,99.56,0.44
14:56:04,all,0.13,0,0.22,0,0,99.66,0.34
14:56:05,all,0.25,0,0.25,0,0,99.5,0.5
14:56:06,all,0.13,0,0.34,0,0,99.53,0.47
14:56:07,all,0.13,0,0.19,0,0,99.69,0.31
14:56:08,all,0.19,0,0.25,0,0,99.56,0.44
14:56:09,all,0.13,0,0.22,0,0,99.66,0.34
14:56:10,all,0.09,0,0.22,0,0,99.69,0.31
14:56:11,all,0.22,0,0.28,0,0,99.5,0.5
14:56:12,all,0.19,0,0.19,0,0,99.62,0.38
14:56:13,all,0.16,0,0.22,0,0,99.62,0.38
14:56:14,all,0.19,0,0.31,0,0,99.5,0.5
14:56:15,all,0.06,0,0.19,0,0,99.75,0.25
14:56:16,all,0.25,0,0.22,0,0,99.53,0.47
14:56:17,all,0.16,0,0.28,0,0,99.56,0.44
14:56:18,all,0.13,0,0.16,0,0,99.72,0.28
14:56:19,all,0.22,0,0.19,0,0,99.59,0.41
14:56:20,all,0.13,0,0.25,0,0,99.62,0.38
14:56:21,all,0.09,0,0.22,0,0,99.69,0.31
14:56:22,all,0.16,0,0.28,0,0,99.56,0.44
14:56:23,all,0.16,0,0.16,0,0,99.69,0.31
14:56:24,all,0.22,0,0.28,0,0,99.5,0.5
14:56:25,all,0.16,0,0.28,0,0,99.56,0.44
14:56:26,all,0.16,0,0.13,0,0,99.72,0.28
14:56:27,all,0.19,0,0.31,0,0,99.5,0.5
14:56:28,all,0.19,0,0.28,0,0,99.53,0.47
14:56:29,all,0.09,0,0.13,0,0,99.78,0.22
14:56:30,all,0.13,0,0.25,0,0,99.62,0.38
14:56:31,all,0.19,0,0.28,0,0,99.53,0.47
14:56:32,all,0.09,0,0.16,0,0,99.75,0.25
14:56:33,all,0.22,0,0.31,0,0,99.47,0.53
14:56:34,all,0.09,0,0.22,0,0,99.69,0.31
14:56:35,all,1.03,0,0.91,0,0,98.06,1.94
14:56:36,all,0.22,0,0.28,0,0,99.5,0.5
14:56:37,all,0.13,0,0.22,0,0,99.66,0.34
14:56:38,all,0.31,0,0.25,0,0,99.44,0.56
14:56:39,all,0.38,0,0.22,0,0,99.4,0.6
14:56:40,all,0.09,0,0.09,0,0,99.81,0.19
14:56:41,all,0.19,0,0.28,0,0,99.53,0.47
14:56:42,all,0.22,0,0.31,0,0,99.47,0.53
14:56:43,all,0.19,0,0.16,0,0,99.66,0.34
14:56:44,all,0.16,0,0.34,0,0,99.5,0.5
14:56:45,all,0.19,0,0.28,0,0,99.53,0.47
14:56:46,all,0.13,0,0.19,0,0,99.69,0.31
14:56:47,all,0.22,0,0.31,0,0,99.47,0.53
14:56:48,all,0.16,0,0.09,0,0,99.75,0.25
14:56:49,all,0.19,0,0.28,0,0,99.53,0.47
14:56:50,all,0.22,0,0.25,0,0,99.53,0.47
14:56:51,all,0.09,0,0.22,0,0,99.69,0.31
14:56:52,all,0.22,0,0.22,0,0,99.56,0.44
14:56:53,all,0.28,0,0.25,0,0,99.47,0.53
14:56:54,all,0.13,0,0.19,0,0,99.69,0.31
14:56:55,all,0.16,0,0.28,0,0,99.56,0.44
14:56:56,all,0.13,0,0.31,0,0,99.56,0.44
14:56:57,all,0.09,0,0.19,0,0,99.72,0.28
14:56:58,all,0.16,0,0.34,0,0,99.5,0.5
14:56:59,all,0.16,0,0.25,0,0,99.59,0.41
14:57:00,all,0.13,0,0.13,0,0,99.75,0.25
14:57:01,all,0.19,0,0.25,0,0,99.56,0.44
14:57:02,all,0.13,0,0.19,0,0,99.69,0.31
14:57:03,all,0.09,0,0.31,0,0,99.59,0.41
14:57:04,all,0.16,0,0.28,0,0,99.56,0.44
14:57:05,all,0.06,0,0.19,0,0,99.75,0.25
14:57:06,all,0.25,0,0.28,0,0,99.47,0.53
14:57:07,all,0.22,0,0.41,0,0,99.37,0.63
14:57:08,all,0.19,0,0.09,0,0,99.72,0.28
14:57:09,all,0.19,0,0.25,0,0,99.56,0.44
14:57:10,all,0.13,0,0.22,0,0,99.66,0.34
14:57:11,all,0.16,0,0.13,0,0,99.72,0.28
14:57:12,all,0.16,0,0.34,0,0,99.5,0.5
14:57:13,all,0.16,0,0.22,0,0,99.62,0.38
14:57:14,all,0.13,0,0.25,0,0,99.62,0.38
14:57:15,all,0.25,0,0.25,0,0,99.5,0.5
14:57:16,all,0.13,0,0.22,0,0,99.66,0.34
14:57:17,all,0.16,0,0.31,0,0,99.53,0.47
14:57:18,all,0.16,0,0.25,0,0,99.59,0.41
14:57:19,all,0.13,0,0.16,0,0,99.72,0.28
14:57:20,all,0.09,0,0.31,0,0,99.59,0.41
14:57:21,all,0.19,0,0.28,0,0,99.53,0.47
14:57:22,all,0.09,0,0.16,0,0,99.75,0.25
14:57:23,all,0.22,0,0.31,0,0,99.47,0.53
14:57:24,all,0.13,0,0.31,0,0,99.56,0.44
14:57:25,all,0.16,0,0.13,0,0,99.72,0.28
14:57:26,all,0.16,0,0.28,0,0,99.56,0.44
14:57:27,all,0.16,0,0.22,0,0,99.62,0.38
14:57:28,all,0.22,0,0.31,0,0,99.47,0.53
14:57:29,all,0.19,0,0.22,0,0,99.59,0.41
14:57:30,all,0.22,0,0.09,0,0,99.69,0.31
14:57:31,all,0.13,0,0.28,0,0,99.59,0.41
14:57:32,all,0.19,0,0.25,0,0,99.56,0.44
14:57:33,all,0.25,0,0.16,0,0,99.59,0.41
14:57:34,all,0.19,0,0.31,0,0,99.5,0.5
14:57:35,all,0.13,0,0.34,0,0,99.53,0.47
14:57:36,all,0.16,0,0.16,0,0,99.69,0.31
14:57:37,all,0.22,0,0.34,0,0,99.44,0.56
14:57:38,all,0.5,0,0.31,0,0,99.19,0.81
14:57:39,all,0.13,0,0.09,0,0,99.78,0.22
14:57:40,all,0.19,0,0.19,0,0,99.62,0.38
14:57:41,all,0.16,0,0.16,0,0,99.69,0.31
14:57:42,all,0.16,0,0.28,0,0,99.56,0.44
14:57:43,all,0.22,0,0.25,0,0,99.53,0.47
14:57:44,all,0.13,0,0.19,0,0,99.69,0.31
14:57:45,all,0.16,0,0.28,0,0,99.56,0.44
14:57:46,all,0.19,0,0.31,0,0,99.5,0.5
14:57:47,all,0.16,0,0.16,0,0,99.69,0.31
14:57:48,all,0.22,0,0.34,0,0,99.44,0.56
14:57:49,all,0.13,0,0.31,0,0,99.56,0.44
14:57:50,all,0.19,0,0.16,0,0,99.66,0.34
14:57:51,all,0.25,0,0.16,0,0,99.59,0.41
14:57:52,all,0.22,0,0.28,0,0,99.5,0.5
14:57:53,all,0.13,0,0.19,0,0,99.69,0.31
14:57:54,all,0.22,0,0.22,0,0,99.56,0.44
14:57:55,all,0.13,0,0.13,0,0,99.75,0.25
14:57:56,all,0.16,0,0.28,0,0,99.56,0.44
14:57:57,all,0.16,0,0.25,0,0,99.59,0.41
14:57:58,all,0.09,0,0.28,0,0,99.62,0.38
14:57:59,all,0.22,0,0.28,0,0,99.5,0.5
14:58:00,all,0.16,0,0.34,0,0,99.5,0.5
14:58:01,all,0.16,0,0.13,0,0,99.72,0.28
14:58:02,all,0.16,0,0.28,0,0,99.56,0.44
14:58:03,all,0.28,0,0.22,0,0,99.5,0.5
14:58:04,all,0.16,0,0.16,0,0,99.69,0.31
14:58:05,all,0.16,0,0.31,0,0,99.53,0.47
14:58:06,all,0.16,0,0.25,0,0,99.59,0.41
14:58:07,all,0.19,0,0.16,0,0,99.66,0.34
14:58:08,all,0.16,0,0.31,0,0,99.53,0.47
14:58:09,all,0.13,0,0.19,0,0,99.69,0.31
14:58:10,all,0.13,0,0.28,0,0,99.59,0.41
14:58:11,all,0.13,0,0.28,0,0,99.59,0.41
14:58:12,all,0.13,0,0.16,0,0,99.72,0.28
14:58:13,all,1,0,0.66,0,0,98.34,1.66
14:58:14,all,0.13,0,0.34,0,0,99.53,0.47
14:58:15,all,0.13,0,0.19,0,0,99.69,0.31
14:58:16,all,0.25,0,0.19,0,0,99.56,0.44
14:58:17,all,0.19,0,0.25,0,0,99.56,0.44
14:58:18,all,0.13,0,0.19,0,0,99.69,0.31
14:58:19,all,0.16,0,0.44,0,0,99.41,0.59
14:58:20,all,0.16,0,0.13,0,0,99.72,0.28
14:58:21,all,0.09,0,0.25,0,0,99.66,0.34
14:58:22,all,0.19,0,0.31,0,0,99.5,0.5
14:58:23,all,0.16,0,0.13,0,0,99.72,0.28
14:58:24,all,0.13,0,0.31,0,0,99.56,0.44
14:58:25,all,0.16,0,0.28,0,0,99.56,0.44
14:58:26,all,0.16,0,0.16,0,0,99.69,0.31
14:58:27,all,0.22,0,0.31,0,0,99.47,0.53
14:58:28,all,0.19,0,0.31,0,0,99.5,0.5
14:58:29,all,0.19,0,0.06,0,0,99.75,0.25
14:58:30,all,0.16,0,0.25,0,0,99.59,0.41
14:58:31,all,0.22,0,0.25,0,0,99.53,0.47
14:58:32,all,0.13,0,0.22,0,0,99.66,0.34
14:58:33,all,0.19,0,0.25,0,0,99.56,0.44
14:58:34,all,0.22,0,0.19,0,0,99.59,0.41
14:58:35,all,0.19,0,0.31,0,0,99.5,0.5
14:58:36,all,1.72,0,0.28,0,0,98,2
14:58:37,all,3.22,0,0.09,0,0,96.68,3.32
14:58:38,all,3.22,0,0.28,0,0,96.5,3.5
14:58:39,all,3.53,0,0.28,0,0,96.19,3.81
14:58:40,all,3.13,0,0.09,0,0,96.78,3.22
14:58:41,all,2.07,0,0.34,0,0,97.59,2.41
14:58:42,all,3.32,0,0.41,0,0,96.28,3.72
14:58:43,all,3.44,0,0.09,0,0,96.47,3.53
14:58:44,all,3.57,0,0.22,0,0,96.22,3.78
14:58:45,all,5.44,0,0.69,0,0,93.87,6.13
14:58:46,all,6.25,0,0.19,0,0,93.56,6.44
14:58:47,all,1.44,0,0.19,0,0,98.37,1.63
14:58:48,all,0.06,0,0.09,0,0,99.84,0.16
14:58:49,all,0,0,0.03,0,0,99.97,0.03
14:58:50,all,0.03,0,0.13,0,0,99.84,0.16
14:58:51,all,0.03,0,0.19,0,0,99.78,0.22
14:58:52,all,0.06,0,0.09,0,0,99.84,0.16
14:58:53,all,0.03,0,0.09,0,0,99.87,0.13
14:58:54,all,0.03,0,0.06,0,0,99.91,0.09
14:58:55,all,0.03,0,0.13,0,0,99.84,0.16
14:58:56,all,0.03,0,0.13,0,0,99.84,0.16
14:58:57,all,0,0,0.03,0,0,99.97,0.03
14:58:58,all,0.06,0,0.13,0,0,99.81,0.19
14:58:59,all,0.03,0,0.09,0,0,99.87,0.13
14:59:00,all,0.03,0,0,0,0,99.97,0.03
14:59:01,all,0.09,0,0.09,0,0,99.81,0.19
14:59:02,all,0.06,0,0.06,0,0,99.87,0.13
14:59:03,all,0.03,0,0.03,0,0,99.94,0.06
14:59:04,all,0.06,0,0.06,0,0,99.87,0.13
14:59:05,all,0.03,0,0.09,0,0,99.87,0.13
14:59:06,all,0.03,0,0.03,0,0,99.94,0.06
14:59:07,all,0.06,0,0.09,0,0,99.84,0.16
14:59:08,all,0.03,0,0.13,0,0,99.84,0.16
14:59:09,all,0.03,0,0.03,0,0,99.94,0.06
14:59:10,all,0.06,0,0.09,0,0,99.84,0.16
14:59:11,all,0.03,0,0.09,0,0,99.87,0.13
14:59:12,all,0,0,0.09,0,0,99.91,0.09
14:59:13,all,0.06,0,0.16,0,0,99.78,0.22
14:59:14,all,0.03,0,0.06,0,0,99.91,0.09
14:59:15,all,0,0,0.06,0,0,99.94,0.06
14:59:16,all,0.09,0,0.06,0,0,99.84,0.16
14:59:17,all,0.03,0,0.09,0,0,99.88,0.12
14:59:18,all,0.13,0,0.09,0,0,99.78,0.22
14:59:19,all,0.06,0,0.09,0,0,99.84,0.16
14:59:20,all,0.03,0,0.03,0,0,99.94,0.06
14:59:21,all,0.03,0,0.13,0,0,99.84,0.16
14:59:22,all,0.06,0,0.06,0,0,99.87,0.13
14:59:23,all,0.03,0,0,0,0,99.97,0.03
14:59:24,all,0.06,0,0.09,0,0,99.84,0.16
14:59:25,all,0.03,0,0.13,0,0,99.84,0.16
14:59:26,all,0.03,0,0.03,0,0,99.94,0.06
14:59:27,all,0.03,0,0.13,0,0,99.84,0.16
14:59:28,all,0.03,0,0.13,0,0,99.84,0.16
14:59:29,all,0.81,0,0.5,0,0,98.69,1.31
14:59:30,all,0,0,0.16,0,0,99.84,0.16
14:59:31,all,0.03,0,0.09,0,0,99.87,0.13
14:59:32,all,0,0,0.06,0,0,99.94,0.06
14:59:33,all,0.06,0,0.06,0,0,99.87,0.13
14:59:34,all,0.03,0,0.13,0,0,99.84,0.16
14:59:35,all,0.03,0,0,0,0,99.97,0.03
14:59:36,all,0.03,0,0.13,0,0,99.84,0.16
14:59:37,all,0.03,0,0.13,0,0,99.84,0.16
14:59:38,all,0.22,0,0.06,0,0,99.72,0.28
14:59:39,all,0.09,0,0.03,0,0,99.87,0.13
14:59:40,all,0.06,0,0.09,0,0,99.84,0.16
14:59:41,all,0.03,0,0.06,0,0,99.91,0.09
14:59:42,all,0.09,0,0.06,0,0,99.84,0.16
14:59:43,all,0,0,0.06,0,0,99.94,0.06
14:59:44,all,0.03,0,0.13,0,0,99.84,0.16
14:59:45,all,0.03,0,0.06,0,0,99.91,0.09
14:59:46,all,0.03,0,0.03,0,0,99.94,0.06
14:59:47,all,0.03,0,0.13,0,0,99.84,0.16
14:59:48,all,0.06,0,0.12,0,0,99.81,0.19
14:59:49,all,0,0,0.03,0,0,99.97,0.03
14:59:50,all,0.03,0,0.13,0,0,99.84,0.16
14:59:51,all,0.03,0,0.06,0,0,99.91,0.09
14:59:52,all,0.03,0,0.03,0,0,99.94,0.06
14:59:53,all,0.06,0,0.06,0,0,99.87,0.13
14:59:54,all,0,0,0.09,0,0,99.91,0.09
14:59:55,all,0,0,0.03,0,0,99.97,0.03
14:59:56,all,0.03,0,0.09,0,0,99.87,0.13
14:59:57,all,0.06,0,0.09,0,0,99.84,0.16
14:59:58,all,0.09,0,0.03,0,0,99.87,0.13
14:59:59,all,0.06,0,0.09,0,0,99.84,0.16
15:00:00,all,0.03,0,0.09,0,0,99.87,0.13
15:00:01,all,0.16,0,0.16,0,0,99.69,0.31
15:00:02,all,0.03,0,0.13,0,0,99.84,0.16
15:00:03,all,0.06,0,0.06,0,0,99.87,0.13
15:00:04,all,0,0,0.06,0,0,99.94,0.06
15:00:05,all,0.06,0,0.09,0,0,99.84,0.16
15:00:06,all,0.06,0,0.09,0,0,99.84,0.16
15:00:07,all,0,0,0.03,0,0,99.97,0.03
15:00:08,all,0.13,0,0.03,0,0,99.84,0.16
15:00:09,all,0,0,0.03,0,0,99.97,0.03
15:00:10,all,0.06,0,0.09,0,0,99.84,0.16
15:00:11,all,0.09,0,0.09,0,0,99.81,0.19
15:00:12,all,0,0,0.03,0,0,99.97,0.03
15:00:13,all,0.03,0,0.13,0,0,99.84,0.16
15:00:14,all,0.06,0,0.09,0,0,99.84,0.16
15:00:15,all,0,0,0.06,0,0,99.94,0.06
15:00:16,all,0.03,0,0.09,0,0,99.87,0.13
15:00:17,all,0.06,0,0.09,0,0,99.84,0.16
15:00:18,all,0.03,0,0.06,0,0,99.91,0.09
15:00:19,all,0.09,0,0.06,0,0,99.84,0.16
15:00:20,all,0.03,0,0.09,0,0,99.87,0.13
15:00:21,all,0.03,0,0.06,0,0,99.91,0.09
15:00:22,all,0.03,0,0.09,0,0,99.87,0.13
15:00:23,all,0.06,0,0.06,0,0,99.87,0.13
15:00:24,all,0.03,0,0.03,0,0,99.94,0.06
15:00:25,all,0.03,0,0.13,0,0,99.84,0.16
15:00:26,all,0.13,0,0.03,0,0,99.84,0.16
15:00:27,all,0.06,0,0,0,0,99.94,0.06
15:00:28,all,0.09,0,0.06,0,0,99.84,0.16
15:00:29,all,0.06,0,0.09,0,0,99.84,0.16
15:00:30,all,0.03,0,0.06,0,0,99.91,0.09
15:00:31,all,0.09,0,0.06,0,0,99.84,0.16
15:00:32,all,0.03,0,0.06,0,0,99.91,0.09
15:00:33,all,0.03,0,0.03,0,0,99.94,0.06
15:00:34,all,0.06,0,0.09,0,0,99.84,0.16
15:00:35,all,0,0,0.03,0,0,99.97,0.03
15:00:36,all,0.12,0,0.06,0,0,99.81,0.19
15:00:37,all,0.06,0,0.09,0,0,99.84,0.16
15:00:38,all,0.03,0,0.03,0,0,99.94,0.06
15:00:39,all,0.28,0,0.12,0,0,99.59,0.41
15:00:40,all,0.09,0,0.09,0,0,99.81,0.19
15:00:41,all,0.03,0,0.03,0,0,99.94,0.06
15:00:42,all,0.06,0,0.25,0,0,99.69,0.31
15:00:43,all,0.03,0,0.06,0,0,99.91,0.09
15:00:44,all,0,0,0.06,0,0,99.94,0.06
15:00:45,all,0.06,0,0.09,0,0,99.84,0.16
15:00:46,all,0.06,0,0.09,0,0,99.84,0.16
15:00:47,all,0.03,0,0.03,0,0,99.94,0.06
15:00:48,all,0.09,0,0.09,0,0,99.81,0.19
15:00:49,all,0.03,0,0.13,0,0,99.84,0.16
15:00:50,all,0.03,0,0.06,0,0,99.91,0.09
15:00:51,all,0.03,0,0.09,0,0,99.87,0.13
15:00:52,all,0.03,0,0.09,0,0,99.87,0.13
15:00:53,all,0,0,0.06,0,0,99.94,0.06
15:00:54,all,0.06,0,0.12,0,0,99.81,0.19
15:00:55,all,0.03,0,0.06,0,0,99.91,0.09
15:00:56,all,0,0,0.06,0,0,99.94,0.06
15:00:57,all,0.09,0,0.06,0,0,99.84,0.16
15:00:58,all,0,0,0.09,0,0,99.91,0.09
15:00:59,all,0,0,0.09,0,0,99.91,0.09
15:01:00,all,0.09,0,0.09,0,0,99.81,0.19
15:01:01,all,0.03,0,0.03,0,0,99.94,0.06
15:01:02,all,0,0,0.13,0,0,99.87,0.13
15:01:03,all,0.09,0,0.09,0,0,99.81,0.19
15:01:04,all,0.03,0,0.03,0,0,99.94,0.06
15:01:05,all,0.03,0,0.09,0,0,99.87,0.13
15:01:06,all,0.06,0,0.09,0,0,99.84,0.16
15:01:07,all,0,0,0.03,0,0,99.97,0.03
15:01:08,all,0.09,0,0.06,0,0,99.84,0.16
15:01:09,all,0.03,0,0.13,0,0,99.84,0.16
15:01:10,all,0.03,0,0.03,0,0,99.94,0.06
15:01:11,all,0.03,0,0.12,0,0,99.84,0.16
15:01:12,all,0.06,0,0.13,0,0,99.81,0.19
15:01:13,all,0,0,0.06,0,0,99.94,0.06
15:01:14,all,0.03,0,0.09,0,0,99.87,0.13
15:01:15,all,0,0,0.16,0,0,99.84,0.16
15:01:16,all,0,0,0.06,0,0,99.94,0.06
15:01:17,all,0.06,0,0.09,0,0,99.84,0.16
15:01:18,all,0.03,0,0.09,0,0,99.87,0.13
15:01:19,all,0,0,0.09,0,0,99.91,0.09
15:01:20,all,0.09,0,0.03,0,0,99.87,0.13
15:01:21,all,0.06,0,0.12,0,0,99.81,0.19
15:01:22,all,0,0,0.06,0,0,99.94,0.06
15:01:23,all,0.06,0,0.09,0,0,99.84,0.16
15:01:24,all,0,0,0.06,0,0,99.94,0.06
15:01:25,all,0.06,0,0.12,0,0,99.81,0.19
15:01:26,all,0.09,0,0.06,0,0,99.84,0.16
15:01:27,all,0.03,0,0.06,0,0,99.91,0.09
15:01:28,all,0.03,0,0.16,0,0,99.81,0.19
15:01:29,all,0.03,0,0.09,0,0,99.87,0.13
15:01:30,all,0.03,0,0.03,0,0,99.94,0.06
15:01:31,all,0.06,0,0.06,0,0,99.87,0.13
15:01:32,all,0.06,0,0.06,0,0,99.87,0.13
15:01:33,all,0,0,0.06,0,0,99.94,0.06
15:01:34,all,0.06,0,0.09,0,0,99.84,0.16
15:01:35,all,0.91,0,0.66,0,0,98.44,1.56
15:01:36,all,0.03,0,0.06,0,0,99.91,0.09
15:01:37,all,0.03,0,0.13,0,0,99.84,0.16
15:01:38,all,0.28,0,0.09,0,0,99.62,0.38
15:01:39,all,0.03,0,0.03,0,0,99.94,0.06
15:01:40,all,0.06,0,0.06,0,0,99.87,0.13
15:01:41,all,0.06,0,0.12,0,0,99.81,0.19
15:01:42,all,0,0,0.03,0,0,99.97,0.03
15:01:43,all,0.03,0,0.16,0,0,99.81,0.19
15:01:44,all,0.06,0,0.06,0,0,99.87,0.13
15:01:45,all,0,0,0.09,0,0,99.91,0.09
15:01:46,all,0.06,0,0.09,0,0,99.84,0.16
15:01:47,all,0.03,0,0.13,0,0,99.84,0.16
15:01:48,all,0.03,0,0.06,0,0,99.91,0.09
15:01:49,all,0.06,0,0.09,0,0,99.84,0.16
15:01:50,all,0.03,0,0.06,0,0,99.91,0.09
15:01:51,all,0.03,0,0.09,0,0,99.87,0.13
15:01:52,all,0.09,0,0.06,0,0,99.84,0.16
15:01:53,all,0,0,0.03,0,0,99.97,0.03
15:01:54,all,0.13,0,0.03,0,0,99.84,0.16
15:01:55,all,0,0,0.13,0,0,99.87,0.13
15:01:56,all,0.03,0,0.06,0,0,99.91,0.09
15:01:57,all,0.03,0,0.09,0,0,99.87,0.13
15:01:58,all,0.09,0,0.06,0,0,99.84,0.16
15:01:59,all,0.03,0,0,0,0,99.97,0.03
15:02:00,all,0.06,0,0.09,0,0,99.84,0.16
15:02:01,all,0.03,0,0.06,0,0,99.91,0.09
15:02:02,all,0.03,0,0.03,0,0,99.94,0.06
15:02:03,all,0.03,0,0.09,0,0,99.87,0.13
15:02:04,all,0.06,0,0.09,0,0,99.84,0.16
15:02:05,all,0.03,0,0,0,0,99.97,0.03
15:02:06,all,0.03,0,0.09,0,0,99.87,0.13
15:02:07,all,0.06,0,0.19,0,0,99.75,0.25
15:02:08,all,0,0,0.09,0,0,99.91,0.09
15:02:09,all,0.03,0,0.09,0,0,99.87,0.13
15:02:10,all,0.06,0,0.06,0,0,99.87,0.13
15:02:11,all,0.03,0,0.03,0,0,99.94,0.06
15:02:12,all,0.06,0,0.13,0,0,99.81,0.19
15:02:13,all,0.03,0,0.09,0,0,99.87,0.13
15:02:14,all,0.03,0,0,0,0,99.97,0.03
15:02:15,all,0.06,0,0.09,0,0,99.84,0.16
15:02:16,all,0,0,0.03,0,0,99.97,0.03
15:02:17,all,0.06,0,0.09,0,0,99.84,0.16
15:02:18,all,0.06,0,0.12,0,0,99.81,0.19
15:02:19,all,0,0,0.03,0,0,99.97,0.03
15:02:20,all,0.06,0,0.09,0,0,99.84,0.16
15:02:21,all,0.03,0,0.09,0,0,99.87,0.13
15:02:22,all,0,0,0.03,0,0,99.97,0.03
15:02:23,all,0.06,0,0.06,0,0,99.87,0.13
15:02:24,all,0.06,0,0.09,0,0,99.84,0.16
15:02:25,all,0,0,0.06,0,0,99.94,0.06
15:02:26,all,0.03,0,0.09,0,0,99.87,0.13
15:02:27,all,0.03,0,0.19,0,0,99.78,0.22
15:02:28,all,0.03,0,0.06,0,0,99.91,0.09
15:02:29,all,0.03,0,0.09,0,0,99.87,0.13
15:02:30,all,0.03,0,0.13,0,0,99.84,0.16
15:02:31,all,0,0,0.06,0,0,99.94,0.06
15:02:32,all,0.06,0,0.12,0,0,99.81,0.19
15:02:33,all,0.03,0,0.09,0,0,99.87,0.13
15:02:34,all,0,0,0.06,0,0,99.94,0.06
15:02:35,all,0.06,0,0.09,0,0,99.84,0.16
15:02:36,all,0.06,0,0.12,0,0,99.81,0.19
15:02:37,all,0.03,0,0.06,0,0,99.91,0.09
15:02:38,all,0.22,0,0.09,0,0,99.69,0.31
15:02:39,all,0.12,0,0.09,0,0,99.78,0.22
15:02:40,all,0.03,0,0.03,0,0,99.94,0.06
15:02:41,all,0.06,0,0.06,0,0,99.87,0.13
15:02:42,all,0.03,0,0.03,0,0,99.94,0.06
15:02:43,all,0.09,0,0.06,0,0,99.84,0.16
15:02:44,all,0.03,0,0.09,0,0,99.87,0.13
15:02:45,all,0,0,0.03,0,0,99.97,0.03
15:02:46,all,0,0,0.13,0,0,99.87,0.13
15:02:47,all,0.12,0,0.09,0,0,99.78,0.22
15:02:48,all,0.03,0,0.03,0,0,99.94,0.06
15:02:49,all,0.03,0,0.13,0,0,99.84,0.16
15:02:50,all,0.06,0,0.06,0,0,99.87,0.13
15:02:51,all,0,0,0.06,0,0,99.94,0.06
15:02:52,all,0.09,0,0.09,0,0,99.81,0.19
15:02:53,all,0.06,0,0.09,0,0,99.84,0.16
15:02:54,all,0.03,0,0.03,0,0,99.94,0.06
15:02:55,all,0.03,0,0.13,0,0,99.84,0.16
15:02:56,all,0.09,0,0.09,0,0,99.81,0.19
15:02:57,all,0,0,0.03,0,0,99.97,0.03
15:02:58,all,0.03,0,0.13,0,0,99.84,0.16
15:02:59,all,0.06,0,0.06,0,0,99.87,0.13
15:03:00,all,0,0,0.03,0,0,99.97,0.03
15:03:01,all,0.06,0,0.13,0,0,99.81,0.19
15:03:02,all,0.06,0,0.09,0,0,99.84,0.16
15:03:03,all,0,0,0.03,0,0,99.97,0.03
15:03:04,all,0.03,0,0.13,0,0,99.84,0.16
15:03:05,all,0.03,0,0.06,0,0,99.91,0.09
15:03:06,all,0.03,0,0.06,0,0,99.91,0.09
15:03:07,all,0,0,0.13,0,0,99.87,0.13
15:03:08,all,0.03,0,0.03,0,0,99.94,0.06
15:03:09,all,0.03,0,0.09,0,0,99.87,0.13
15:03:10,all,0.09,0,0.06,0,0,99.84,0.16
15:03:11,all,0,0,0.06,0,0,99.94,0.06
15:03:12,all,0.06,0,0.12,0,0,99.81,0.19
15:03:13,all,0.88,0,0.56,0,0,98.56,1.44
15:03:14,all,0.03,0,0.06,0,0,99.91,0.09
15:03:15,all,0.03,0,0.13,0,0,99.84,0.16
15:03:16,all,0.09,0,0.06,0,0,99.84,0.16
15:03:17,all,0,0,0.06,0,0,99.94,0.06
15:03:18,all,0.06,0,0.06,0,0,99.87,0.13
15:03:19,all,0.06,0,0.09,0,0,99.84,0.16
15:03:20,all,0.03,0,0.03,0,0,99.94,0.06
15:03:21,all,0.06,0,0.06,0,0,99.87,0.13
15:03:22,all,0.03,0,0.12,0,0,99.84,0.16
15:03:23,all,0,0,0.03,0,0,99.97,0.03
15:03:24,all,0.06,0,0.09,0,0,99.84,0.16
15:03:25,all,0.03,0,0.09,0,0,99.87,0.13
15:03:26,all,0.03,0,0.06,0,0,99.91,0.09
15:03:27,all,0.03,0,0.16,0,0,99.81,0.19
15:03:28,all,0.09,0,0.09,0,0,99.81,0.19
15:03:29,all,0,0,0.03,0,0,99.97,0.03
15:03:30,all,0.06,0,0.12,0,0,99.81,0.19
15:03:31,all,0,0,0.06,0,0,99.94,0.06
15:03:32,all,0.06,0,0.09,0,0,99.84,0.16
15:03:33,all,0.06,0,0.06,0,0,99.87,0.13
15:03:34,all,0,0,0.03,0,0,99.97,0.03
15:03:35,all,0.03,0,0.13,0,0,99.84,0.16
15:03:36,all,0.06,0,0.09,0,0,99.84,0.16
15:03:37,all,0.03,0,0.03,0,0,99.94,0.06
15:03:38,all,0.09,0,0.06,0,0,99.84,0.16
15:03:39,all,0.31,0,0.09,0,0,99.59,0.41
15:03:40,all,0,0,0.06,0,0,99.94,0.06
15:03:41,all,0.06,0,0.09,0,0,99.84,0.16
15:03:42,all,0.09,0,0.09,0,0,99.81,0.19
15:03:43,all,0.03,0,0.03,0,0,99.94,0.06
15:03:44,all,0.06,0,0.12,0,0,99.81,0.19
15:03:45,all,1.41,0,0.5,0,0,98.09,1.91
15:03:46,all,3.16,0,0.03,0,0,96.81,3.19
15:03:47,all,0.09,0,0.13,0,0,99.78,0.22
15:03:48,all,0.06,0,0.13,0,0,99.81,0.19
15:03:49,all,0,0,0.03,0,0,99.97,0.03
15:03:50,all,0.06,0,0.09,0,0,99.84,0.16
15:03:51,all,0.06,0,0.09,0,0,99.84,0.16
15:03:52,all,0,0,0.03,0,0,99.97,0.03
15:03:53,all,0.06,0,0.09,0,0,99.84,0.16
15:03:54,all,0.03,0,0.06,0,0,99.91,0.09
15:03:55,all,0.06,0,0.12,0,0,99.81,0.19
15:03:56,all,0.06,0,0.09,0,0,99.84,0.16
15:03:57,all,0,0,0.09,0,0,99.91,0.09
15:03:58,all,0.06,0,0.09,0,0,99.84,0.16
15:03:59,all,0.03,0,0.12,0,0,99.84,0.16
15:04:00,all,0.03,0,0.03,0,0,99.94,0.06
15:04:01,all,0.06,0,0.09,0,0,99.84,0.16
15:04:02,all,0.03,0,0.09,0,0,99.87,0.13
15:04:03,all,0,0,0.09,0,0,99.91,0.09
15:04:04,all,0.03,0,0.09,0,0,99.87,0.13
15:04:05,all,0.03,0,0.13,0,0,99.84,0.16
15:04:06,all,0,0,0.03,0,0,99.97,0.03
15:04:07,all,0.06,0,0.09,0,0,99.84,0.16
15:04:08,all,0.06,0,0.09,0,0,99.84,0.16
15:04:09,all,0,0,0.06,0,0,99.94,0.06
15:04:10,all,0.03,0,0.09,0,0,99.87,0.13
15:04:11,all,0.03,0,0.13,0,0,99.84,0.16
15:04:12,all,0.03,0,0.06,0,0,99.91,0.09
15:04:13,all,0.06,0,0.09,0,0,99.84,0.16
15:04:14,all,0.09,0,0.06,0,0,99.84,0.16
15:04:15,all,0,0,0.03,0,0,99.97,0.03
15:04:16,all,0.06,0,0.09,0,0,99.84,0.16
15:04:17,all,0.06,0,0.09,0,0,99.84,0.16
15:04:18,all,0,0,0.06,0,0,99.94,0.06
15:04:19,all,0,0,0.13,0,0,99.87,0.13
15:04:20,all,0.03,0,0.06,0,0,99.91,0.09
15:04:21,all,0.06,0,0.06,0,0,99.88,0.12
15:04:22,all,0.03,0,0.06,0,0,99.91,0.09
15:04:23,all,0.06,0,0,0,0,99.94,0.06
15:04:24,all,0.06,0,0.12,0,0,99.81,0.19
15:04:25,all,0,0,0.13,0,0,99.87,0.13
15:04:26,all,0,0,0,0,0,100,0
15:04:27,all,0.06,0,0.09,0,0,99.84,0.16
15:04:28,all,0.03,0,0.13,0,0,99.84,0.16
15:04:29,all,0.91,0,0.47,0,0,98.62,1.38
15:04:30,all,0,0,0.16,0,0,99.84,0.16
15:04:31,all,0.06,0,0.12,0,0,99.81,0.19
15:04:32,all,0,0,0.03,0,0,99.97,0.03
15:04:33,all,0.06,0,0.09,0,0,99.84,0.16
15:04:34,all,0.03,0,0.09,0,0,99.87,0.13
15:04:35,all,0.03,0,0.03,0,0,99.94,0.06
15:04:36,all,0.06,0,0.09,0,0,99.84,0.16
15:04:37,all,0.06,0,0.06,0,0,99.87,0.13
15:04:38,all,0.38,0,0.06,0,0,99.56,0.44
15:04:39,all,0.06,0,0.09,0,0,99.84,0.16
15:04:40,all,0.06,0,0.09,0,0,99.84,0.16
15:04:41,all,0.03,0,0.03,0,0,99.94,0.06
15:04:42,all,0.06,0,0.13,0,0,99.81,0.19
15:04:43,all,0.03,0,0.09,0,0,99.87,0.13
15:04:44,all,0,0,0.06,0,0,99.94,0.06
15:04:45,all,0.03,0,0.13,0,0,99.84,0.16
15:04:46,all,0,0,0.06,0,0,99.94,0.06
15:04:47,all,0.09,0,0.03,0,0,99.87,0.13
15:04:48,all,0.09,0,0.06,0,0,99.84,0.16
15:04:49,all,0.03,0,0.03,0,0,99.94,0.06
15:04:50,all,0,0,0.13,0,0,99.87,0.13
15:04:51,all,0,0,0.13,0,0,99.87,0.13
15:04:52,all,0,0,0.06,0,0,99.94,0.06
15:04:53,all,0.03,0,0.13,0,0,99.84,0.16
15:04:54,all,0.03,0,0.09,0,0,99.87,0.13
15:04:55,all,0.03,0,0.03,0,0,99.94,0.06
15:04:56,all,0.06,0,0.09,0,0,99.84,0.16
15:04:57,all,0.06,0,0.16,0,0,99.78,0.22
15:04:58,all,0,0,0.06,0,0,99.94,0.06
15:04:59,all,0.06,0,0.09,0,0,99.84,0.16
15:05:00,all,0.06,0,0.09,0,0,99.84,0.16
15:05:01,all,0.03,0,0.06,0,0,99.91,0.09
15:05:02,all,0.06,0,0.12,0,0,99.81,0.19
15:05:03,all,0.06,0,0.06,0,0,99.87,0.13
15:05:04,all,0,0,0.09,0,0,99.91,0.09
15:05:05,all,0.03,0,0.09,0,0,99.87,0.13
15:05:06,all,0.09,0,0.09,0,0,99.81,0.19
15:05:07,all,0,0,0.03,0,0,99.97,0.03
15:05:08,all,0.03,0,0.13,0,0,99.84,0.16
15:05:09,all,0.03,0,0.06,0,0,99.91,0.09
15:05:10,all,0,0,0.03,0,0,99.97,0.03
15:05:11,all,0.06,0,0.09,0,0,99.84,0.16
15:05:12,all,0.03,0,0.06,0,0,99.91,0.09
15:05:13,all,0.09,0,0.09,0,0,99.81,0.19
15:05:14,all,0.06,0,0.09,0,0,99.84,0.16
15:05:15,all,0,0,0.03,0,0,99.97,0.03
15:05:16,all,0.06,0,0.09,0,0,99.84,0.16
15:05:17,all,0.06,0,0.09,0,0,99.84,0.16
15:05:18,all,0.03,0,0.03,0,0,99.94,0.06
15:05:19,all,0.06,0,0.09,0,0,99.84,0.16
15:05:20,all,0.06,0,0.09,0,0,99.84,0.16
15:05:21,all,0.03,0,0.06,0,0,99.91,0.09
15:05:22,all,0,0,0.13,0,0,99.87,0.13
15:05:23,all,0.09,0,0.09,0,0,99.81,0.19
15:05:24,all,0.03,0,0.03,0,0,99.94,0.06
15:05:25,all,0.06,0,0.06,0,0,99.87,0.13
15:05:26,all,0.06,0,0.06,0,0,99.87,0.13
15:05:27,all,0.03,0,0.03,0,0,99.94,0.06
15:05:28,all,0.06,0,0.09,0,0,99.84,0.16
15:05:29,all,0.09,0,0.06,0,0,99.84,0.16
15:05:30,all,0.03,0,0,0,0,99.97,0.03
15:05:31,all,0.03,0,0.13,0,0,99.84,0.16
15:05:32,all,0.03,0,0.09,0,0,99.87,0.13
15:05:33,all,0,0,0.06,0,0,99.94,0.06
15:05:34,all,0.06,0,0.06,0,0,99.87,0.13
15:05:35,all,0.06,0,0.09,0,0,99.84,0.16
15:05:36,all,0.06,0,0.03,0,0,99.91,0.09
15:05:37,all,0.06,0,0.12,0,0,99.81,0.19
15:05:38,all,0.28,0,0.06,0,0,99.66,0.34
15:05:39,all,0.03,0,0.09,0,0,99.87,0.13
15:05:40,all,0.03,0,0.13,0,0,99.84,0.16
15:05:41,all,0.03,0,0.06,0,0,99.91,0.09
15:05:42,all,0.06,0,0.09,0,0,99.84,0.16
15:05:43,all,0.03,0,0.16,0,0,99.81,0.19
15:05:44,all,0,0,0.16,0,0,99.84,0.16
15:05:45,all,0.09,0,0.06,0,0,99.84,0.16
15:05:46,all,0.03,0,0.06,0,0,99.91,0.09
15:05:47,all,0,0,0.06,0,0,99.94,0.06
15:05:48,all,0.06,0,0.12,0,0,99.81,0.19
15:05:49,all,0.06,0,0.09,0,0,99.84,0.16
15:05:50,all,0,0,0.06,0,0,99.94,0.06
15:05:51,all,0.09,0,0.12,0,0,99.78,0.22
15:05:52,all,0.09,0,0.09,0,0,99.81,0.19
15:05:53,all,0,0,0.06,0,0,99.94,0.06
15:05:54,all,0.06,0,0.09,0,0,99.84,0.16
15:05:55,all,0.03,0,0.16,0,0,99.81,0.19
15:05:56,all,0,0,0.03,0,0,99.97,0.03
15:05:57,all,0.06,0,0.09,0,0,99.84,0.16
15:05:58,all,0.09,0,0.12,0,0,99.78,0.22
15:05:59,all,0,0,0.03,0,0,99.97,0.03
15:06:00,all,0.06,0,0.09,0,0,99.84,0.16
15:06:01,all,0,0,0.06,0,0,99.94,0.06
