18:48:38,CPU,%user,%nice,%system,%iowait,%steal,%idle,%real
18:48:39,all,0.13,0,0.19,0,0,99.69,0.31
18:48:40,all,0.13,0,0.22,0,0,99.66,0.34
18:48:41,all,0,0,0.13,0,0,99.87,0.13
18:48:42,all,0.06,0,0.31,0,0,99.62,0.38
18:48:43,all,0.06,0,0.22,0,0,99.72,0.28
18:48:44,all,0.03,0,0.16,0,0,99.81,0.19
18:48:45,all,0.03,0,0.22,0,0,99.75,0.25
18:48:46,all,0.13,0,0.16,0,0,99.72,0.28
18:48:47,all,0.09,0,0.06,0,0,99.84,0.16
18:48:48,all,0.13,0,0.22,0,0,99.66,0.34
18:48:49,all,0.06,0,0.06,0,0,99.87,0.13
18:48:50,all,2,0,0.53,0,0,97.46,2.54
18:48:51,all,8.39,0,0.66,0,0,90.95,9.05
18:48:52,all,6.38,0,0.38,0,0,93.25,6.75
18:48:53,all,6.04,0,1.07,0,0,92.89,7.11
18:48:54,all,3.17,0,0.85,0,0,95.98,4.02
18:48:55,all,3.96,0,0.69,0,0,95.35,4.65
18:48:56,all,4.8,0,0.82,0,0,94.38,5.62
18:48:57,all,7.7,0,0.69,0,0,91.61,8.39
18:48:58,all,30.19,0,0.85,0,0,68.96,31.04
18:48:59,all,14.73,0,1.89,0,0,83.38,16.62
18:49:00,all,6.92,0,0.85,0,0,92.23,7.77
18:49:01,all,3.4,0,0.69,0,0,95.91,4.09
18:49:02,all,1.19,0,0.6,0,0,98.21,1.79
18:49:03,all,0.69,0,0.22,0,0,99.09,0.91
18:49:04,all,0.75,0,0.5,0,0,98.75,1.25
18:49:05,all,0.5,0,0.34,0,0,99.15,0.85
18:49:06,all,0.63,0,0.31,0,0,99.06,0.94
18:49:07,all,0.47,0,0.44,0,0,99.09,0.91
18:49:08,all,0.28,0,0.31,0,0,99.4,0.6
18:49:09,all,0.81,0,0.16,0,0,99.03,0.97
18:49:10,all,1.35,0,0.94,0,0,97.71,2.29
18:49:11,all,1.35,0,0.38,0,0,98.27,1.73
18:49:12,all,0.94,0,0.13,0,0,98.93,1.07
18:49:13,all,0.53,0,0.38,0,0,99.09,0.91
18:49:14,all,0.34,0,0.28,0,0,99.37,0.63
18:49:15,all,0.41,0,0.31,0,0,99.28,0.72
18:49:16,all,0.34,0,0.41,0,0,99.25,0.75
18:49:17,all,0.41,0,0.13,0,0,99.47,0.53
18:49:18,all,0.16,0,0.19,0,0,99.66,0.34
18:49:19,all,0.5,0,0.13,0,0,99.37,0.63
18:49:20,all,0.44,0,0.19,0,0,99.37,0.63
18:49:21,all,0.25,0,0.09,0,0,99.65,0.35
18:49:22,all,0.22,0,0.19,0,0,99.59,0.41
18:49:23,all,0.22,0,0.34,0,0,99.44,0.56
18:49:24,all,0.31,0,0.13,0,0,99.56,0.44
18:49:25,all,0.19,0,0.22,0,0,99.59,0.41
18:49:26,all,0.25,0,0.19,0,0,99.56,0.44
18:49:27,all,0.31,0,0.16,0,0,99.53,0.47
18:49:28,all,0.25,0,0.16,0,0,99.59,0.41
18:49:29,all,0.25,0,0.19,0,0,99.56,0.44
18:49:30,all,0.38,0,0.22,0,0,99.4,0.6
18:49:31,all,0.19,0,0.25,0,0,99.56,0.44
18:49:32,all,0.28,0,0.28,0,0,99.44,0.56
18:49:33,all,0.28,0,0.31,0,0,99.4,0.6
18:49:34,all,0.56,0,0.22,0,0,99.22,0.78
18:49:35,all,0.13,0,0.09,0,0,99.78,0.22
18:49:36,all,0.16,0,0.25,0,0,99.59,0.41
18:49:37,all,0.19,0,0.16,0,0,99.65,0.35
18:49:38,all,0.16,0,0.16,0,0,99.69,0.31
18:49:39,all,0.28,0,0.28,0,0,99.44,0.56
18:49:40,all,0.19,0,0.19,0,0,99.62,0.38
18:49:41,all,0.16,0,0.25,0,0,99.59,0.41
18:49:42,all,0.19,0,0.28,0,0,99.53,0.47
18:49:43,all,0.16,0,0.16,0,0,99.69,0.31
18:49:44,all,0.22,0,0.38,0,0,99.41,0.59
18:49:45,all,0.25,0,0.16,0,0,99.59,0.41
18:49:46,all,0.16,0,0.19,0,0,99.66,0.34
18:49:47,all,0.19,0,0.19,0,0,99.62,0.38
18:49:48,all,0.22,0,0.19,0,0,99.59,0.41
18:49:49,all,0.28,0,0.28,0,0,99.44,0.56
18:49:50,all,0.31,0,0.22,0,0,99.47,0.53
18:49:51,all,0.25,0,0.22,0,0,99.53,0.47
18:49:52,all,0.22,0,0.13,0,0,99.65,0.35
18:49:53,all,0.25,0,0.19,0,0,99.56,0.44
18:49:54,all,0.34,0,0.19,0,0,99.47,0.53
18:49:55,all,0.56,0,0.28,0,0,99.15,0.85
18:49:56,all,0.22,0,0.22,0,0,99.56,0.44
18:49:57,all,0.16,0,0.22,0,0,99.62,0.38
18:49:58,all,0.25,0,0.22,0,0,99.53,0.47
18:49:59,all,0.28,0,0.31,0,0,99.41,0.59
18:50:00,all,0.19,0,0.22,0,0,99.59,0.41
18:50:01,all,0.22,0,0.31,0,0,99.47,0.53
18:50:02,all,0.25,0,0.22,0,0,99.53,0.47
18:50:03,all,0.16,0,0.19,0,0,99.66,0.34
18:50:04,all,0.19,0,0.22,0,0,99.59,0.41
18:50:05,all,0.34,0,0.22,0,0,99.44,0.56
18:50:06,all,0.28,0,0.13,0,0,99.59,0.41
18:50:07,all,0.25,0,0.19,0,0,99.56,0.44
18:50:08,all,0.19,0,0.25,0,0,99.56,0.44
18:50:09,all,0.19,0,0.19,0,0,99.62,0.38
18:50:10,all,0.19,0,0.22,0,0,99.59,0.41
18:50:11,all,0.34,0,0.31,0,0,99.34,0.66
18:50:12,all,0.19,0,0.13,0,0,99.69,0.31
18:50:13,all,0.28,0,0.16,0,0,99.56,0.44
18:50:14,all,0.13,0,0.16,0,0,99.72,0.28
18:50:15,all,0.19,0,0.25,0,0,99.56,0.44
18:50:16,all,0.28,0,0.25,0,0,99.47,0.53
18:50:17,all,0.19,0,0.22,0,0,99.59,0.41
18:50:18,all,0.16,0,0.16,0,0,99.69,0.31
18:50:19,all,0.28,0,0.19,0,0,99.53,0.47
18:50:20,all,0.28,0,0.16,0,0,99.56,0.44
18:50:21,all,0.19,0,0.16,0,0,99.66,0.34
18:50:22,all,0.25,0,0.25,0,0,99.5,0.5
18:50:23,all,0.13,0,0.16,0,0,99.72,0.28
18:50:24,all,0.31,0,0.31,0,0,99.37,0.63
18:50:25,all,0.22,0,0.22,0,0,99.56,0.44
18:50:26,all,0.19,0,0.16,0,0,99.66,0.34
18:50:27,all,0.16,0,0.25,0,0,99.59,0.41
18:50:28,all,0.19,0,0.13,0,0,99.69,0.31
18:50:29,all,0.28,0,0.25,0,0,99.47,0.53
18:50:30,all,0.22,0,0.16,0,0,99.62,0.38
18:50:31,all,0.44,0,0.22,0,0,99.34,0.66
18:50:32,all,0.19,0,0.16,0,0,99.66,0.34
18:50:33,all,0.13,0,0.22,0,0,99.66,0.34
18:50:34,all,0.34,0,0.16,0,0,99.5,0.5
18:50:35,all,0.19,0,0.09,0,0,99.72,0.28
18:50:36,all,0.28,0,0.22,0,0,99.5,0.5
18:50:37,all,0.09,0,0.19,0,0,99.72,0.28
18:50:38,all,0.28,0,0.16,0,0,99.56,0.44
18:50:39,all,0.19,0,0.22,0,0,99.59,0.41
18:50:40,all,0.13,0,0.25,0,0,99.62,0.38
18:50:41,all,0.31,0,0.19,0,0,99.5,0.5
18:50:42,all,0.19,0,0.16,0,0,99.66,0.34
18:50:43,all,0.22,0,0.25,0,0,99.53,0.47
18:50:44,all,0.31,0,0.28,0,0,99.41,0.59
18:50:45,all,0.72,0,0.19,0,0,99.09,0.91
18:50:46,all,0.25,0,0.19,0,0,99.56,0.44
18:50:47,all,0.19,0,0.16,0,0,99.66,0.34
18:50:48,all,0.31,0,0.16,0,0,99.53,0.47
18:50:49,all,1,0,0.22,0,0,98.78,1.22
18:50:50,all,0.25,0,0.22,0,0,99.53,0.47
18:50:51,all,0.13,0,0.25,0,0,99.62,0.38
18:50:52,all,0.34,0,0.09,0,0,99.56,0.44
18:50:53,all,0.09,0,0.22,0,0,99.69,0.31
18:50:54,all,0.25,0,0.22,0,0,99.53,0.47
18:50:55,all,0.16,0,0.16,0,0,99.69,0.31
18:50:56,all,0.16,0,0.19,0,0,99.66,0.34
18:50:57,all,0.19,0,0.19,0,0,99.62,0.38
18:50:58,all,0.13,0,0.16,0,0,99.72,0.28
18:50:59,all,0.22,0,0.19,0,0,99.59,0.41
18:51:00,all,0.22,0,0.25,0,0,99.53,0.47
18:51:01,all,0.16,0,0.34,0,0,99.5,0.5
18:51:02,all,0.09,0,0.25,0,0,99.66,0.34
18:51:03,all,0.16,0,0.31,0,0,99.53,0.47
18:51:04,all,0.28,0,0.19,0,0,99.53,0.47
18:51:05,all,0.31,0,0.16,0,0,99.53,0.47
18:51:06,all,0.25,0,0.13,0,0,99.62,0.38
18:51:07,all,0.13,0,0.22,0,0,99.66,0.34
18:51:08,all,0.25,0,0.22,0,0,99.53,0.47
18:51:09,all,0.31,0,0.13,0,0,99.56,0.44
18:51:10,all,1.19,0,0.28,0,0,98.53,1.47
18:51:11,all,0.31,0,0.19,0,0,99.5,0.5
18:51:12,all,0.16,0,0.22,0,0,99.62,0.38
18:51:13,all,1.35,0,0.25,0,0,98.4,1.6
18:51:14,all,0.16,0,0.22,0,0,99.62,0.38
18:51:15,all,0.19,0,0.25,0,0,99.56,0.44
18:51:16,all,0.16,0,0.13,0,0,99.72,0.28
18:51:17,all,0.25,0,0.16,0,0,99.59,0.41
18:51:18,all,0.09,0,0.25,0,0,99.66,0.34
18:51:19,all,0.16,0,0.22,0,0,99.62,0.38
18:51:20,all,0.19,0,0.19,0,0,99.62,0.38
18:51:21,all,0.16,0,0.13,0,0,99.72,0.28
18:51:22,all,0.13,0,0.34,0,0,99.53,0.47
18:51:23,all,0.13,0,0.19,0,0,99.69,0.31
18:51:24,all,0.25,0,0.19,0,0,99.56,0.44
18:51:25,all,0.13,0,0.22,0,0,99.66,0.34
18:51:26,all,0.16,0,0.16,0,0,99.69,0.31
18:51:27,all,0.16,0,0.22,0,0,99.62,0.38
18:51:28,all,0.09,0,0.22,0,0,99.69,0.31
18:51:29,all,0.38,0,0.22,0,0,99.4,0.6
18:51:30,all,0.16,0,0.19,0,0,99.66,0.34
18:51:31,all,0.13,0,0.19,0,0,99.69,0.31
18:51:32,all,0.13,0,0.22,0,0,99.66,0.34
18:51:33,all,0.09,0,0.16,0,0,99.75,0.25
18:51:34,all,0.16,0,0.22,0,0,99.62,0.38
18:51:35,all,0.13,0,0.25,0,0,99.62,0.38
18:51:36,all,0.16,0,0.13,0,0,99.72,0.28
18:51:37,all,0.13,0,0.13,0,0,99.75,0.25
18:51:38,all,0.13,0,0.22,0,0,99.66,0.34
18:51:39,all,0.22,0,0.16,0,0,99.62,0.38
18:51:40,all,0.13,0,0.19,0,0,99.69,0.31
18:51:41,all,0.16,0,0.19,0,0,99.65,0.35
18:51:42,all,0.16,0,0.22,0,0,99.62,0.38
18:51:43,all,0.16,0,0.34,0,0,99.5,0.5
18:51:44,all,0.41,0,0.25,0,0,99.34,0.66
18:51:45,all,0.16,0,0.22,0,0,99.62,0.38
18:51:46,all,0.13,0,0.22,0,0,99.66,0.34
18:51:47,all,0.25,0,0.19,0,0,99.56,0.44
18:51:48,all,0.13,0,0.25,0,0,99.62,0.38
18:51:49,all,0.22,0,0.25,0,0,99.53,0.47
18:51:50,all,0.16,0,0.22,0,0,99.62,0.38
18:51:51,all,0.25,0,0.19,0,0,99.56,0.44
18:51:52,all,0.16,0,0.22,0,0,99.62,0.38
18:51:53,all,0.16,0,0.22,0,0,99.62,0.38
18:51:54,all,0.38,0,0.16,0,0,99.47,0.53
18:51:55,all,0.19,0,0.13,0,0,99.69,0.31
18:51:56,all,0.13,0,0.22,0,0,99.66,0.34
18:51:57,all,0.16,0,0.19,0,0,99.65,0.35
18:51:58,all,0.19,0,0.19,0,0,99.62,0.38
18:51:59,all,0.19,0,0.16,0,0,99.66,0.34
18:52:00,all,0.13,0,0.25,0,0,99.62,0.38
18:52:01,all,0.19,0,0.22,0,0,99.59,0.41
18:52:02,all,0.13,0,0.19,0,0,99.69,0.31
18:52:03,all,0.16,0,0.25,0,0,99.59,0.41
18:52:04,all,0.31,0,0.19,0,0,99.5,0.5
18:52:05,all,0.13,0,0.22,0,0,99.66,0.34
18:52:06,all,0.19,0,0.25,0,0,99.56,0.44
18:52:07,all,0.25,0,0.16,0,0,99.59,0.41
18:52:08,all,0.13,0,0.19,0,0,99.69,0.31
18:52:09,all,0.31,0,0.31,0,0,99.37,0.63
18:52:10,all,0.19,0,0.25,0,0,99.56,0.44
18:52:11,all,0.16,0,0.16,0,0,99.69,0.31
18:52:12,all,0.19,0,0.22,0,0,99.59,0.41
18:52:13,all,0.16,0,0.19,0,0,99.66,0.34
18:52:14,all,0.16,0,0.25,0,0,99.59,0.41
18:52:15,all,0.16,0,0.22,0,0,99.62,0.38
18:52:16,all,0.16,0,0.34,0,0,99.5,0.5
18:52:17,all,0.19,0,0.13,0,0,99.69,0.31
18:52:18,all,0.22,0,0.19,0,0,99.59,0.41
18:52:19,all,0.09,0,0.16,0,0,99.75,0.25
18:52:20,all,0.13,0,0.25,0.09,0,99.53,0.47
18:52:21,all,0.09,0,0.16,0,0,99.75,0.25
18:52:22,all,0.19,0,0.25,0,0,99.56,0.44
18:52:23,all,0.22,0,0.28,0,0,99.5,0.5
18:52:24,all,0.22,0,0.19,0,0,99.59,0.41
18:52:25,all,0.19,0,0.22,0,0,99.59,0.41
18:52:26,all,0.13,0,0.16,0,0,99.72,0.28
18:52:27,all,0.13,0,0.28,0,0,99.59,0.41
18:52:28,all,0.22,0,0.22,0,0,99.56,0.44
18:52:29,all,0.13,0,0.25,0,0,99.62,0.38
18:52:30,all,0.13,0,0.22,0,0,99.66,0.34
18:52:31,all,0.09,0,0.13,0,0,99.78,0.22
18:52:32,all,0.22,0,0.31,0,0,99.47,0.53
18:52:33,all,0.19,0,0.22,0,0,99.59,0.41
18:52:34,all,0.22,0,0.16,0,0,99.62,0.38
18:52:35,all,0.16,0,0.16,0,0,99.69,0.31
18:52:36,all,0.09,0,0.25,0,0,99.66,0.34
18:52:37,all,0.13,0,0.28,0,0,99.59,0.41
18:52:38,all,0.16,0,0.25,0,0,99.59,0.41
18:52:39,all,0.22,0,0.16,0,0,99.62,0.38
18:52:40,all,0.19,0,0.16,0,0,99.66,0.34
18:52:41,all,0.16,0,0.28,0,0,99.56,0.44
18:52:42,all,0.16,0,0.25,0,0,99.59,0.41
18:52:43,all,0.13,0,0.16,0,0,99.72,0.28
18:52:44,all,0.22,0,0.25,0,0,99.53,0.47
18:52:45,all,0.09,0,0.25,0,0,99.66,0.34
18:52:46,all,0.19,0,0.31,0,0,99.5,0.5
18:52:47,all,0.09,0,0.16,0,0,99.75,0.25
18:52:48,all,0.22,0,0.16,0,0,99.62,0.38
18:52:49,all,0.16,0,0.25,0,0,99.59,0.41
18:52:50,all,0.16,0,0.16,0,0,99.69,0.31
18:52:51,all,0.25,0,0.22,0,0,99.53,0.47
18:52:52,all,0.22,0,0.22,0,0,99.56,0.44
18:52:53,all,0.16,0,0.25,0,0,99.59,0.41
18:52:54,all,1,0,0.66,0,0,98.34,1.66
18:52:55,all,0.22,0,0.16,0,0,99.62,0.38
18:52:56,all,0.13,0,0.13,0,0,99.75,0.25
18:52:57,all,0.13,0,0.22,0,0,99.66,0.34
18:52:58,all,0.19,0,0.28,0,0,99.53,0.47
18:52:59,all,0.22,0,0.19,0,0,99.59,0.41
18:53:00,all,0.09,0,0.13,0,0,99.78,0.22
18:53:01,all,0.19,0,0.25,0,0,99.56,0.44
18:53:02,all,0.13,0,0.28,0,0,99.59,0.41
18:53:03,all,0.16,0,0.19,0,0,99.66,0.34
18:53:04,all,0.28,0,0.28,0,0,99.44,0.56
18:53:05,all,0.13,0,0.28,0,0,99.59,0.41
18:53:06,all,0.09,0,0.25,0,0,99.66,0.34
18:53:07,all,0.22,0,0.25,0,0,99.53,0.47
18:53:08,all,0.13,0,0.22,0,0,99.66,0.34
18:53:09,all,0.22,0,0.22,0,0,99.56,0.44
18:53:10,all,0.25,0,0.19,0,0,99.56,0.44
18:53:11,all,0.16,0,0.28,0,0,99.56,0.44
18:53:12,all,0.13,0,0.13,0,0,99.75,0.25
18:53:13,all,0.16,0,0.13,0,0,99.72,0.28
18:53:14,all,0.19,0,0.22,0,0,99.59,0.41
18:53:15,all,0.19,0,0.25,0,0,99.56,0.44
18:53:16,all,0.88,0,0.75,0,0,98.37,1.63
18:53:17,all,0.13,0,0.19,0,0,99.69,0.31
18:53:18,all,0.09,0,0.19,0,0,99.72,0.28
18:53:19,all,0.09,0,0.16,0,0,99.75,0.25
18:53:20,all,0.19,0,0.22,0,0,99.59,0.41
18:53:21,all,0.13,0,0.22,0,0,99.66,0.34
18:53:22,all,0.22,0,0.19,0,0,99.59,0.41
18:53:23,all,0.16,0,0.19,0,0,99.66,0.34
18:53:24,all,0.13,0,0.25,0,0,99.62,0.38
18:53:25,all,0.13,0,0.19,0,0,99.69,0.31
18:53:26,all,1.98,0,0.78,0,0,97.24,2.76
18:53:27,all,2.91,0,0.25,0,0,96.84,3.16
18:53:28,all,0.13,0,0.22,0,0,99.66,0.34
18:53:29,all,0.19,0,0.25,0,0,99.56,0.44
18:53:30,all,0.16,0,0.16,0,0,99.69,0.31
18:53:31,all,0.28,0,0.28,0,0,99.44,0.56
18:53:32,all,0.09,0,0.16,0,0,99.75,0.25
18:53:33,all,0.19,0,0.28,0,0,99.53,0.47
18:53:34,all,0.19,0,0.22,0,0,99.59,0.41
18:53:35,all,0.19,0,0.19,0,0,99.62,0.38
18:53:36,all,0.16,0,0.28,0,0,99.56,0.44
18:53:37,all,0.13,0,0.19,0,0,99.69,0.31
18:53:38,all,0.16,0,0.25,0,0,99.59,0.41
18:53:39,all,0.13,0,0.19,0,0,99.69,0.31
18:53:40,all,0.16,0,0.13,0,0,99.72,0.28
18:53:41,all,0.22,0,0.19,0,0,99.59,0.41
18:53:42,all,0.22,0,0.16,0,0,99.62,0.38
18:53:43,all,0.13,0,0.19,0,0,99.69,0.31
18:53:44,all,0.22,0,0.22,0,0,99.56,0.44
18:53:45,all,0.19,0,0.25,0,0,99.56,0.44
18:53:46,all,0.19,0,0.16,0,0,99.66,0.34
18:53:47,all,0.13,0,0.22,0,0,99.66,0.34
18:53:48,all,0.13,0,0.25,0,0,99.62,0.38
18:53:49,all,0.13,0,0.25,0,0,99.62,0.38
18:53:50,all,0.22,0,0.13,0,0,99.66,0.34
18:53:51,all,0.09,0,0.16,0,0,99.75,0.25
18:53:52,all,0.19,0,0.22,0,0,99.59,0.41
18:53:53,all,0.22,0,0.28,0,0,99.5,0.5
18:53:54,all,0.19,0,0.22,0,0,99.59,0.41
18:53:55,all,0.16,0,0.38,0,0,99.47,0.53
18:53:56,all,0.16,0,0.19,0,0,99.66,0.34
18:53:57,all,0.13,0,0.19,0,0,99.69,0.31
18:53:58,all,0.09,0,0.25,0,0,99.66,0.34
18:53:59,all,0.19,0,0.28,0,0,99.53,0.47
18:54:00,all,0.13,0,0.19,0,0,99.69,0.31
18:54:01,all,0.16,0,0.22,0,0,99.62,0.38
18:54:02,all,0.22,0,0.13,0,0,99.65,0.35
18:54:03,all,0.22,0,0.25,0,0,99.53,0.47
18:54:04,all,0.25,0,0.19,0,0,99.56,0.44
18:54:05,all,0.13,0,0.25,0,0,99.62,0.38
18:54:06,all,0.19,0,0.25,0,0,99.56,0.44
18:54:07,all,0.16,0,0.19,0,0,99.65,0.35
18:54:08,all,0.25,0,0.19,0,0,99.56,0.44
18:54:09,all,0.25,0,0.19,0,0,99.56,0.44
18:54:10,all,1.04,0,0.72,0,0,98.24,1.76
18:54:11,all,0.16,0,0.28,0,0,99.56,0.44
18:54:12,all,0.09,0,0.25,0,0,99.65,0.35
18:54:13,all,0.13,0,0.16,0,0,99.72,0.28
18:54:14,all,0.19,0,0.28,0,0,99.53,0.47
18:54:15,all,0.19,0,0.25,0,0,99.56,0.44
18:54:16,all,0.19,0,0.22,0,0,99.59,0.41
18:54:17,all,0.16,0,0.25,0,0,99.59,0.41
18:54:18,all,0.19,0,0.25,0,0,99.56,0.44
18:54:19,all,0.22,0,0.25,0,0,99.53,0.47
18:54:20,all,0.16,0,0.22,0,0,99.62,0.38
18:54:21,all,0.19,0,0.22,0,0,99.59,0.41
18:54:22,all,0.28,0,0.19,0,0,99.53,0.47
18:54:23,all,0.19,0,0.19,0,0,99.62,0.38
18:54:24,all,0.28,0,0.25,0,0,99.47,0.53
18:54:25,all,0.19,0,0.16,0,0,99.66,0.34
18:54:26,all,0.13,0,0.16,0,0,99.72,0.28
18:54:27,all,0.19,0,0.31,0,0,99.5,0.5
18:54:28,all,0.16,0,0.31,0,0,99.53,0.47
18:54:29,all,0.22,0,0.22,0,0,99.56,0.44
18:54:30,all,0.16,0,0.19,0,0,99.65,0.35
18:54:31,all,0.16,0,0.22,0,0,99.62,0.38
18:54:32,all,0.13,0,0.25,0,0,99.62,0.38
18:54:33,all,0.16,0,0.25,0,0,99.59,0.41
18:54:34,all,0.22,0,0.22,0,0,99.56,0.44
18:54:35,all,0.22,0,0.31,0,0,99.47,0.53
18:54:36,all,0.13,0,0.25,0,0,99.62,0.38
18:54:37,all,0.16,0,0.19,0,0,99.66,0.34
18:54:38,all,0.16,0,0.25,0,0,99.59,0.41
18:54:39,all,0.31,0,0.25,0,0,99.44,0.56
18:54:40,all,0.13,0,0.19,0,0,99.69,0.31
18:54:41,all,0.13,0,0.34,0,0,99.53,0.47
18:54:42,all,0.13,0,0.25,0,0,99.62,0.38
18:54:43,all,0.13,0,0.22,0,0,99.66,0.34
18:54:44,all,0.25,0,0.22,0,0,99.53,0.47
18:54:45,all,0.19,0,0.25,0,0,99.56,0.44
18:54:46,all,0.16,0,0.22,0.03,0,99.59,0.41
18:54:47,all,0.22,0,0.25,0,0,99.53,0.47
18:54:48,all,0.25,0,0.19,0,0,99.56,0.44
18:54:49,all,0.25,0,0.19,0,0,99.56,0.44
18:54:50,all,0.19,0,0.34,0,0,99.47,0.53
18:54:51,all,0.16,0,0.25,0,0,99.59,0.41
18:54:52,all,0.16,0,0.25,0,0,99.59,0.41
18:54:53,all,0.22,0,0.34,0,0,99.44,0.56
18:54:54,all,0.25,0,0.22,0,0,99.53,0.47
18:54:55,all,0.16,0,0.31,0,0,99.53,0.47
18:54:56,all,0.13,0,0.19,0,0,99.69,0.31
18:54:57,all,0.16,0,0.22,0,0,99.62,0.38
18:54:58,all,0.16,0,0.28,0,0,99.56,0.44
18:54:59,all,0.25,0,0.19,0,0,99.56,0.44
18:55:00,all,0.19,0,0.19,0,0,99.62,0.38
18:55:01,all,0.16,0,0.34,0,0,99.5,0.5
18:55:02,all,0.13,0,0.22,0,0,99.66,0.34
18:55:03,all,0.09,0,0.28,0,0,99.62,0.38
18:55:04,all,0.22,0,0.19,0,0,99.59,0.41
18:55:05,all,0.16,0,0.28,0,0,99.56,0.44
18:55:06,all,0.13,0,0.34,0,0,99.53,0.47
18:55:07,all,0.16,0,0.19,0,0,99.65,0.35
18:55:08,all,1.29,0,1.19,0,0,97.52,2.48
18:55:09,all,0.28,0,0.38,0,0,99.34,0.66
18:55:10,all,0.38,0,0.09,0,0,99.53,0.47
18:55:11,all,0.13,0,0.25,0,0,99.62,0.38
18:55:12,all,0.16,0,0.28,0,0,99.56,0.44
18:55:13,all,0.16,0,0.22,0,0,99.62,0.38
18:55:14,all,0.16,0,0.22,0,0,99.62,0.38
18:55:15,all,0.19,0,0.25,0,0,99.56,0.44
18:55:16,all,0.13,0,0.25,0,0,99.62,0.38
18:55:17,all,0.13,0,0.22,0,0,99.65,0.35
18:55:18,all,0.22,0,0.28,0,0,99.5,0.5
18:55:19,all,0.16,0,0.22,0,0,99.62,0.38
18:55:20,all,0.25,0,0.22,0,0,99.53,0.47
18:55:21,all,0.13,0,0.25,0,0,99.62,0.38
18:55:22,all,0.31,0,0.19,0,0,99.5,0.5
18:55:23,all,0.19,0,0.19,0,0,99.62,0.38
18:55:24,all,0.19,0,0.22,0,0,99.59,0.41
18:55:25,all,0.06,0,0.25,0,0,99.69,0.31
18:55:26,all,0.13,0,0.22,0,0,99.65,0.35
18:55:27,all,0.25,0,0.22,0,0,99.53,0.47
18:55:28,all,0.16,0,0.31,0,0,99.53,0.47
18:55:29,all,0.22,0,0.19,0,0,99.59,0.41
18:55:30,all,0.22,0,0.19,0,0,99.59,0.41
18:55:31,all,0.19,0,0.19,0,0,99.62,0.38
18:55:32,all,0.16,0,0.25,0,0,99.59,0.41
18:55:33,all,0.25,0,0.25,0,0,99.5,0.5
18:55:34,all,0.19,0,0.13,0,0,99.69,0.31
18:55:35,all,0.19,0,0.28,0,0,99.53,0.47
18:55:36,all,0.09,0,0.22,0,0,99.69,0.31
18:55:37,all,0.22,0,0.25,0,0,99.53,0.47
18:55:38,all,0.19,0,0.22,0,0,99.59,0.41
18:55:39,all,0.22,0,0.22,0,0,99.56,0.44
18:55:40,all,0.16,0,0.19,0,0,99.66,0.34
18:55:41,all,0.22,0,0.28,0,0,99.5,0.5
18:55:42,all,0.16,0,0.25,0.06,0,99.53,0.47
18:55:43,all,0.16,0,0.28,0,0,99.56,0.44
18:55:44,all,0.09,0,0.25,0,0,99.65,0.35
18:55:45,all,0.16,0,0.28,0,0,99.56,0.44
18:55:46,all,0.19,0,0.25,0,0,99.56,0.44
18:55:47,all,0.16,0,0.13,0,0,99.72,0.28
18:55:48,all,0.22,0,0.22,0,0,99.56,0.44
18:55:49,all,0.19,0,0.31,0,0,99.5,0.5
18:55:50,all,0.28,0,0.19,0,0,99.53,0.47
18:55:51,all,0.22,0,0.13,0,0,99.66,0.34
18:55:52,all,0.22,0,0.16,0,0,99.62,0.38
18:55:53,all,0.06,0,0.22,0,0,99.72,0.28
18:55:54,all,0.19,0,0.19,0,0,99.62,0.38
18:55:55,all,0.19,0,0.28,0,0,99.53,0.47
18:55:56,all,0.16,0,0.19,0,0,99.66,0.34
18:55:57,all,0.16,0,0.19,0,0,99.66,0.34
18:55:58,all,0.16,0,0.25,0,0,99.59,0.41
18:55:59,all,0.22,0,0.25,0,0,99.53,0.47
18:56:00,all,0.25,0,0.22,0,0,99.53,0.47
18:56:01,all,0.22,0,0.22,0,0,99.56,0.44
18:56:02,all,0.13,0,0.28,0,0,99.59,0.41
18:56:03,all,0.16,0,0.22,0,0,99.62,0.38
18:56:04,all,0.25,0,0.25,0,0,99.5,0.5
18:56:05,all,0.19,0,0.25,0,0,99.56,0.44
18:56:06,all,0.13,0,0.25,0,0,99.62,0.38
18:56:07,all,0.19,0,0.22,0,0,99.59,0.41
18:56:08,all,0.28,0,0.22,0,0,99.5,0.5
18:56:09,all,0.16,0,0.25,0,0,99.59,0.41
18:56:10,all,0.41,0,0.31,0,0,99.28,0.72
18:56:11,all,0.19,0,0.22,0,0,99.59,0.41
18:56:12,all,0.16,0,0.19,0,0,99.66,0.34
18:56:13,all,0.16,0,0.25,0,0,99.59,0.41
18:56:14,all,0.22,0,0.22,0,0,99.56,0.44
18:56:15,all,0.16,0,0.28,0,0,99.56,0.44
18:56:16,all,0.19,0,0.22,0,0,99.59,0.41
18:56:17,all,0.22,0,0.16,0,0,99.62,0.38
18:56:18,all,0.19,0,0.28,0,0,99.53,0.47
18:56:19,all,0.19,0,0.19,0,0,99.62,0.38
18:56:20,all,0.13,0,0.31,0,0,99.56,0.44
18:56:21,all,0.19,0,0.22,0,0,99.59,0.41
18:56:22,all,0.19,0,0.16,0,0,99.66,0.34
18:56:23,all,0.13,0,0.22,0,0,99.66,0.34
18:56:24,all,0.09,0,0.22,0,0,99.69,0.31
18:56:25,all,0.19,0,0.25,0,0,99.56,0.44
18:56:26,all,0.25,0,0.25,0,0,99.5,0.5
18:56:27,all,0.41,0,0.22,0,0,99.37,0.63
18:56:28,all,0.19,0,0.19,0,0,99.62,0.38
18:56:29,all,0.19,0,0.28,0,0,99.53,0.47
18:56:30,all,0.16,0,0.22,0,0,99.62,0.38
18:56:31,all,0.13,0,0.19,0,0,99.69,0.31
18:56:32,all,0.16,0,0.16,0,0,99.69,0.31
18:56:33,all,0.13,0,0.34,0,0,99.53,0.47
18:56:34,all,0.25,0,0.22,0,0,99.53,0.47
18:56:35,all,0.16,0,0.22,0,0,99.62,0.38
18:56:36,all,0.13,0,0.22,0,0,99.66,0.34
18:56:37,all,0.16,0,0.22,0,0,99.62,0.38
18:56:38,all,0.22,0,0.22,0,0,99.56,0.44
18:56:39,all,0.22,0,0.25,0,0,99.53,0.47
18:56:40,all,0.22,0,0.16,0,0,99.62,0.38
18:56:41,all,0.16,0,0.25,0,0,99.59,0.41
18:56:42,all,0.13,0,0.28,0,0,99.59,0.41
18:56:43,all,0.16,0,0.19,0,0,99.66,0.34
18:56:44,all,0.22,0,0.22,0,0,99.56,0.44
18:56:45,all,0.19,0,0.22,0,0,99.59,0.41
18:56:46,all,0.19,0,0.28,0,0,99.53,0.47
18:56:47,all,0.13,0,0.22,0,0,99.66,0.34
18:56:48,all,0.16,0,0.16,0,0,99.69,0.31
18:56:49,all,0.16,0,0.31,0,0,99.53,0.47
18:56:50,all,0.22,0,0.28,0,0,99.5,0.5
18:56:51,all,0.25,0,0.22,0,0,99.53,0.47
18:56:52,all,0.13,0,0.25,0,0,99.62,0.38
18:56:53,all,0.25,0,0.22,0,0,99.53,0.47
18:56:54,all,0.22,0,0.25,0,0,99.53,0.47
18:56:55,all,0.19,0,0.25,0,0,99.56,0.44
18:56:56,all,0.13,0,0.19,0,0,99.69,0.31
18:56:57,all,0.13,0,0.19,0,0,99.69,0.31
18:56:58,all,0.19,0,0.25,0,0,99.56,0.44
18:56:59,all,0.19,0,0.34,0,0,99.47,0.53
18:57:00,all,0.13,0,0.22,0,0,99.66,0.34
18:57:01,all,0.19,0,0.22,0,0,99.59,0.41
18:57:02,all,0.19,0,0.25,0,0,99.56,0.44
18:57:03,all,0.13,0,0.22,0,0,99.66,0.34
18:57:04,all,0.19,0,0.19,0,0,99.62,0.38
18:57:05,all,0.19,0,0.25,0,0,99.56,0.44
18:57:06,all,0.13,0,0.28,0,0,99.59,0.41
18:57:07,all,0.16,0,0.22,0,0,99.62,0.38
18:57:08,all,0.22,0,0.16,0,0,99.62,0.38
18:57:09,all,0.22,0,0.22,0,0,99.56,0.44
18:57:10,all,0.28,0,0.25,0,0,99.47,0.53
18:57:11,all,0.13,0,0.31,0,0,99.56,0.44
18:57:12,all,0.16,0,0.13,0,0,99.72,0.28
18:57:13,all,0.09,0,0.31,0,0,99.59,0.41
18:57:14,all,0.22,0,0.22,0,0,99.56,0.44
18:57:15,all,0.22,0,0.22,0,0,99.56,0.44
18:57:16,all,0.28,0,0.19,0,0,99.53,0.47
18:57:17,all,0.13,0,0.25,0,0,99.62,0.38
18:57:18,all,0.16,0,0.22,0,0,99.62,0.38
18:57:19,all,0.38,0,0.25,0,0,99.37,0.63
18:57:20,all,0.19,0,0.25,0,0,99.56,0.44
18:57:21,all,0.16,0,0.25,0,0,99.59,0.41
18:57:22,all,0.16,0,0.31,0,0,99.53,0.47
18:57:23,all,0.22,0,0.31,0,0,99.47,0.53
18:57:24,all,0.22,0,0.31,0,0,99.47,0.53
18:57:25,all,0.19,0,0.16,0,0,99.65,0.35
18:57:26,all,0.16,0,0.28,0,0,99.56,0.44
18:57:27,all,0.16,0,0.25,0,0,99.59,0.41
18:57:28,all,0.19,0,0.22,0,0,99.59,0.41
18:57:29,all,0.19,0,0.25,0,0,99.56,0.44
18:57:30,all,0.16,0,0.25,0,0,99.59,0.41
18:57:31,all,0.16,0,0.19,0,0,99.66,0.34
18:57:32,all,0.16,0,0.19,0,0,99.65,0.35
18:57:33,all,0.22,0,0.28,0,0,99.5,0.5
18:57:34,all,0.16,0,0.28,0,0,99.56,0.44
18:57:35,all,0.22,0,0.19,0,0,99.59,0.41
18:57:36,all,0.16,0,0.22,0,0,99.62,0.38
18:57:37,all,0.22,0,0.09,0,0,99.69,0.31
18:57:38,all,0.16,0,0.22,0,0,99.62,0.38
18:57:39,all,0.22,0,0.31,0,0,99.47,0.53
18:57:40,all,0.19,0,0.34,0,0,99.47,0.53
18:57:41,all,0.19,0,0.22,0,0,99.59,0.41
18:57:42,all,0.19,0,0.19,0,0,99.62,0.38
18:57:43,all,0.19,0,0.19,0,0,99.62,0.38
18:57:44,all,0.28,0,0.31,0,0,99.4,0.6
18:57:45,all,0.22,0,0.25,0,0,99.53,0.47
18:57:46,all,0.16,0,0.31,0,0,99.53,0.47
18:57:47,all,0.09,0,0.22,0,0,99.69,0.31
18:57:48,all,0.25,0,0.13,0,0,99.62,0.38
18:57:49,all,0.13,0,0.28,0,0,99.59,0.41
18:57:50,all,0.19,0,0.22,0,0,99.59,0.41
18:57:51,all,0.13,0,0.19,0,0,99.69,0.31
18:57:52,all,0.19,0,0.22,0,0,99.59,0.41
18:57:53,all,0.06,0,0.31,0,0,99.62,0.38
18:57:54,all,1.03,0,0.78,0,0,98.18,1.82
18:57:55,all,0.13,0,0.22,0,0,99.66,0.34
18:57:56,all,0.19,0,0.34,0,0,99.47,0.53
18:57:57,all,0.13,0,0.16,0,0,99.72,0.28
18:57:58,all,0.25,0,0.28,0,0,99.47,0.53
18:57:59,all,0.28,0,0.22,0,0,99.5,0.5
18:58:00,all,0.16,0,0.25,0,0,99.59,0.41
18:58:01,all,0.16,0,0.25,0,0,99.59,0.41
18:58:02,all,0.22,0,0.19,0,0,99.59,0.41
18:58:03,all,0.19,0,0.13,0,0,99.69,0.31
18:58:04,all,0.22,0,0.22,0,0,99.56,0.44
18:58:05,all,0.25,0,0.19,0,0,99.56,0.44
18:58:06,all,0.13,0,0.22,0,0,99.66,0.34
18:58:07,all,0.19,0,0.22,0,0,99.59,0.41
18:58:08,all,0.22,0,0.22,0,0,99.56,0.44
18:58:09,all,0.22,0,0.22,0,0,99.56,0.44
18:58:10,all,0.31,0,0.38,0,0,99.31,0.69
18:58:11,all,0.19,0,0.22,0,0,99.59,0.41
18:58:12,all,0.19,0,0.25,0,0,99.56,0.44
18:58:13,all,0.06,0,0.34,0,0,99.59,0.41
18:58:14,all,0.16,0,0.19,0,0,99.65,0.35
18:58:15,all,0.22,0,0.25,0,0,99.53,0.47
18:58:16,all,1.07,0,0.69,0.03,0,98.21,1.79
18:58:17,all,0.16,0,0.28,0,0,99.56,0.44
18:58:18,all,0.16,0,0.22,0,0,99.62,0.38
18:58:19,all,0.13,0,0.13,0,0,99.75,0.25
18:58:20,all,0.16,0,0.22,0,0,99.62,0.38
18:58:21,all,0.22,0,0.25,0,0,99.53,0.47
18:58:22,all,0.28,0,0.28,0,0,99.44,0.56
18:58:23,all,0.28,0,0.38,0,0,99.34,0.66
18:58:24,all,0.19,0,0.41,0,0,99.41,0.59
18:58:25,all,0.25,0,0.31,0,0,99.44,0.56
18:58:26,all,2.01,0,0.6,0,0,97.4,2.6
18:58:27,all,3.1,0,0.22,0,0,96.68,3.32
18:58:28,all,0.22,0,0.16,0,0,99.62,0.38
18:58:29,all,0.19,0,0.22,0,0,99.59,0.41
18:58:30,all,0.16,0,0.31,0,0,99.53,0.47
18:58:31,all,0.13,0,0.28,0,0,99.59,0.41
18:58:32,all,0.25,0,0.22,0,0,99.53,0.47
18:58:33,all,0.13,0,0.22,0,0,99.65,0.35
18:58:34,all,0.22,0,0.22,0,0,99.56,0.44
18:58:35,all,0.19,0,0.19,0,0,99.62,0.38
18:58:36,all,0.09,0,0.19,0,0,99.72,0.28
18:58:37,all,0.13,0,0.22,0,0,99.65,0.35
18:58:38,all,0.25,0,0.16,0,0,99.59,0.41
18:58:39,all,0.22,0,0.22,0,0,99.56,0.44
18:58:40,all,1.32,0,0.91,0,0,97.77,2.23
18:58:41,all,0.16,0,0.19,0,0,99.65,0.35
18:58:42,all,0.19,0,0.25,0,0,99.56,0.44
18:58:43,all,0.16,0,0.28,0,0,99.56,0.44
18:58:44,all,0.38,0,0.25,0,0,99.37,0.63
18:58:45,all,0.13,0,0.25,0,0,99.62,0.38
18:58:46,all,0.28,0,0.31,0,0,99.4,0.6
18:58:47,all,0.16,0,0.19,0,0,99.66,0.34
18:58:48,all,0.09,0,0.22,0,0,99.69,0.31
18:58:49,all,0.22,0,0.31,0,0,99.47,0.53
18:58:50,all,0.16,0,0.22,0,0,99.62,0.38
18:58:51,all,0.22,0,0.16,0,0,99.62,0.38
18:58:52,all,0.16,0,0.25,0,0,99.59,0.41
18:58:53,all,0.16,0,0.22,0,0,99.62,0.38
18:58:54,all,0.16,0,0.22,0,0,99.62,0.38
18:58:55,all,0.16,0,0.16,0,0,99.69,0.31
18:58:56,all,0.13,0,0.22,0,0,99.66,0.34
18:58:57,all,0.19,0,0.22,0,0,99.59,0.41
18:58:58,all,0.13,0,0.25,0,0,99.62,0.38
18:58:59,all,0.19,0,0.31,0,0,99.5,0.5
18:59:00,all,0.13,0,0.38,0,0,99.5,0.5
18:59:01,all,0.25,0,0.16,0,0,99.59,0.41
18:59:02,all,0.16,0,0.16,0,0,99.69,0.31
18:59:03,all,0.16,0,0.22,0,0,99.62,0.38
18:59:04,all,0.13,0,0.16,0,0,99.72,0.28
18:59:05,all,0.25,0,0.31,0,0,99.44,0.56
18:59:06,all,0.13,0,0.16,0,0,99.72,0.28
18:59:07,all,0.16,0,0.22,0,0,99.62,0.38
18:59:08,all,0.19,0,0.22,0,0,99.59,0.41
18:59:09,all,0.09,0,0.25,0,0,99.66,0.34
18:59:10,all,1.07,0,0.72,0,0,98.21,1.79
18:59:11,all,0.19,0,0.25,0,0,99.56,0.44
18:59:12,all,0.19,0,0.22,0,0,99.59,0.41
18:59:13,all,0.09,0,0.19,0,0,99.72,0.28
18:59:14,all,0.16,0,0.28,0,0,99.56,0.44
18:59:15,all,0.16,0,0.16,0,0,99.69,0.31
18:59:16,all,0.09,0,0.19,0,0,99.72,0.28
18:59:17,all,0.13,0,0.16,0,0,99.72,0.28
18:59:18,all,0.22,0,0.16,0,0,99.62,0.38
18:59:19,all,0.19,0,0.22,0,0,99.59,0.41
18:59:20,all,0.16,0,0.19,0,0,99.66,0.34
18:59:21,all,0.13,0,0.25,0,0,99.62,0.38
18:59:22,all,0.16,0,0.16,0,0,99.69,0.31
18:59:23,all,0.13,0,0.22,0,0,99.65,0.35
18:59:24,all,0.13,0,0.19,0,0,99.69,0.31
18:59:25,all,0.13,0,0.13,0,0,99.75,0.25
18:59:26,all,0.16,0,0.22,0,0,99.62,0.38
18:59:27,all,0.13,0,0.19,0,0,99.69,0.31
18:59:28,all,0.19,0,0.22,0,0,99.59,0.41
18:59:29,all,0.25,0,0.19,0,0,99.56,0.44
18:59:30,all,0.19,0,0.34,0,0,99.47,0.53
18:59:31,all,0.16,0,0.09,0,0,99.75,0.25
18:59:32,all,0.22,0,0.16,0,0,99.62,0.38
18:59:33,all,0.22,0,0.28,0,0,99.5,0.5
18:59:34,all,0.22,0,0.19,0,0,99.59,0.41
18:59:35,all,0.19,0,0.13,0,0,99.69,0.31
18:59:36,all,0.13,0,0.19,0,0,99.69,0.31
18:59:37,all,0.13,0,0.25,0,0,99.62,0.38
18:59:38,all,0.19,0,0.19,0,0,99.62,0.38
18:59:39,all,0.16,0,0.28,0.03,0,99.53,0.47
18:59:40,all,0.19,0,0.19,0,0,99.62,0.38
18:59:41,all,0.22,0,0.28,0,0,99.5,0.5
18:59:42,all,0.13,0,0.25,0,0,99.62,0.38
18:59:43,all,0.19,0,0.13,0,0,99.69,0.31
18:59:44,all,0.09,0,0.28,0,0,99.62,0.38
18:59:45,all,0.16,0,0.19,0,0,99.66,0.34
18:59:46,all,0.13,0,0.22,0,0,99.66,0.34
18:59:47,all,0.13,0,0.22,0,0,99.66,0.34
18:59:48,all,0.16,0,0.25,0,0,99.59,0.41
18:59:49,all,0.16,0,0.31,0,0,99.53,0.47
18:59:50,all,0.13,0,0.13,0,0,99.75,0.25
18:59:51,all,0.16,0,0.22,0,0,99.62,0.38
18:59:52,all,0.13,0,0.13,0,0,99.75,0.25
18:59:53,all,0.19,0,0.19,0,0,99.62,0.38
18:59:54,all,0.22,0,0.25,0,0,99.53,0.47
18:59:55,all,0.22,0,0.19,0,0,99.59,0.41
18:59:56,all,0.09,0,0.25,0,0,99.66,0.34
18:59:57,all,0.19,0,0.16,0,0,99.66,0.34
18:59:58,all,0.25,0,0.16,0,0,99.59,0.41
18:59:59,all,0.19,0,0.16,0,0,99.65,0.35
19:00:00,all,0.13,0,0.22,0,0,99.66,0.34
19:00:01,all,0.22,0,0.31,0,0,99.47,0.53
19:00:02,all,0.06,0,0.28,0,0,99.66,0.34
19:00:03,all,0.22,0,0.31,0,0,99.47,0.53
19:00:04,all,0.19,0,0.13,0,0,99.69,0.31
19:00:05,all,0.09,0,0.19,0,0,99.72,0.28
19:00:06,all,0.13,0,0.25,0,0,99.62,0.38
19:00:07,all,0.16,0,0.28,0,0,99.56,0.44
19:00:08,all,0.25,0,0.13,0,0,99.62,0.38
19:00:09,all,0.13,0,0.22,0,0,99.65,0.35
19:00:10,all,0.31,0,0.28,0,0,99.41,0.59
19:00:11,all,0.13,0,0.28,0,0,99.59,0.41
19:00:12,all,0.19,0,0.09,0,0,99.72,0.28
19:00:13,all,0.19,0,0.22,0,0,99.59,0.41
19:00:14,all,0.19,0,0.16,0,0,99.66,0.34
19:00:15,all,0.09,0,0.13,0,0,99.78,0.22
19:00:16,all,0.13,0,0.13,0,0,99.75,0.25
19:00:17,all,0.16,0,0.22,0,0,99.62,0.38
19:00:18,all,0.22,0,0.25,0,0,99.53,0.47
19:00:19,all,0.16,0,0.28,0,0,99.56,0.44
19:00:20,all,0.16,0,0.25,0,0,99.59,0.41
19:00:21,all,0.13,0,0.22,0,0,99.66,0.34
19:00:22,all,0.16,0,0.22,0,0,99.62,0.38
19:00:23,all,0.16,0,0.25,0,0,99.59,0.41
19:00:24,all,0.19,0,0.25,0,0,99.56,0.44
19:00:25,all,0.16,0,0.19,0,0,99.66,0.34
19:00:26,all,0.13,0,0.13,0,0,99.75,0.25
19:00:27,all,0.06,0,0.19,0,0,99.75,0.25
19:00:28,all,0.25,0,0.25,0,0,99.5,0.5
19:00:29,all,0.13,0,0.19,0,0,99.69,0.31
19:00:30,all,0.13,0,0.25,0,0,99.62,0.38
19:00:31,all,0.13,0,0.16,0,0,99.72,0.28
19:00:32,all,0.09,0,0.22,0,0,99.69,0.31
19:00:33,all,0.16,0,0.16,0,0,99.69,0.31
19:00:34,all,0.19,0,0.19,0,0,99.62,0.38
19:00:35,all,0.16,0,0.22,0,0,99.62,0.38
19:00:36,all,0.19,0,0.25,0,0,99.56,0.44
19:00:37,all,0.19,0,0.25,0,0,99.56,0.44
19:00:38,all,0.13,0,0.19,0,0,99.69,0.31
19:00:39,all,0.16,0,0.25,0,0,99.59,0.41
19:00:40,all,0.19,0,0.13,0,0,99.69,0.31
19:00:41,all,0.16,0,0.34,0,0,99.5,0.5
19:00:42,all,0.16,0,0.28,0,0,99.56,0.44
19:00:43,all,0.13,0,0.13,0,0,99.75,0.25
19:00:44,all,0.16,0,0.22,0,0,99.62,0.38
19:00:45,all,0.09,0,0.19,0,0,99.72,0.28
19:00:46,all,0.19,0,0.19,0,0,99.62,0.38
19:00:47,all,0.13,0,0.19,0,0,99.69,0.31
19:00:48,all,0.16,0,0.28,0,0,99.56,0.44
19:00:49,all,0.13,0,0.38,0,0,99.5,0.5
19:00:50,all,0.19,0,0.16,0,0,99.66,0.34
19:00:51,all,0.22,0,0.19,0,0,99.59,0.41
19:00:52,all,0.19,0,0.16,0,0,99.66,0.34
19:00:53,all,0.19,0,0.16,0,0,99.66,0.34
19:00:54,all,0.19,0,0.19,0,0,99.62,0.38
19:00:55,all,0.19,0,0.25,0,0,99.56,0.44
19:00:56,all,0.13,0,0.28,0,0,99.59,0.41
19:00:57,all,0.19,0,0.13,0,0,99.69,0.31
19:00:58,all,0.19,0,0.13,0,0,99.69,0.31
19:00:59,all,0.16,0,0.22,0,0,99.62,0.38
19:01:00,all,0.19,0,0.16,0,0,99.65,0.35
19:01:01,all,0.19,0,0.16,0,0,99.66,0.34
19:01:02,all,0.16,0,0.28,0,0,99.56,0.44
19:01:03,all,0.16,0,0.22,0,0,99.62,0.38
19:01:04,all,0.19,0,0.16,0,0,99.66,0.34
19:01:05,all,0.16,0,0.19,0,0,99.65,0.35
19:01:06,all,0.13,0,0.22,0,0,99.65,0.35
19:01:07,all,0.22,0,0.19,0,0,99.59,0.41
19:01:08,all,0.16,0,0.16,0,0,99.69,0.31
19:01:09,all,0.25,0,0.19,0,0,99.56,0.44
19:01:10,all,0.31,0,0.22,0,0,99.47,0.53
19:01:11,all,0.13,0,0.19,0,0,99.69,0.31
19:01:12,all,0.09,0,0.28,0,0,99.62,0.38
19:01:13,all,0.19,0,0.19,0,0,99.62,0.38
19:01:14,all,0.13,0,0.19,0,0,99.69,0.31
19:01:15,all,0.09,0,0.28,0,0,99.62,0.38
19:01:16,all,0.16,0,0.25,0,0,99.59,0.41
19:01:17,all,0.16,0,0.22,0,0,99.62,0.38
19:01:18,all,0.13,0,0.22,0,0,99.66,0.34
19:01:19,all,0.09,0,0.19,0,0,99.72,0.28
19:01:20,all,0.09,0,0.16,0,0,99.75,0.25
19:01:21,all,0.13,0,0.22,0,0,99.66,0.34
19:01:22,all,0.16,0,0.34,0,0,99.5,0.5
19:01:23,all,0.19,0,0.19,0,0,99.62,0.38
19:01:24,all,0.13,0,0.28,0,0,99.59,0.41
19:01:25,all,0.16,0,0.19,0,0,99.66,0.34
19:01:26,all,0.19,0,0.19,0,0,99.62,0.38
19:01:27,all,0.13,0,0.22,0,0,99.66,0.34
19:01:28,all,0.19,0,0.25,0,0,99.56,0.44
19:01:29,all,0.25,0,0.16,0,0,99.59,0.41
19:01:30,all,0.19,0,0.22,0,0,99.59,0.41
19:01:31,all,0.13,0,0.22,0,0,99.66,0.34
19:01:32,all,0.13,0,0.13,0,0,99.75,0.25
19:01:33,all,0.19,0,0.16,0,0,99.66,0.34
19:01:34,all,0.19,0,0.16,0,0,99.66,0.34
19:01:35,all,0.16,0,0.19,0,0,99.66,0.34
19:01:36,all,0.19,0,0.25,0,0,99.56,0.44
19:01:37,all,0.19,0,0.19,0,0,99.62,0.38
19:01:38,all,0.16,0,0.28,0,0,99.56,0.44
19:01:39,all,0.13,0,0.25,0,0,99.62,0.38
19:01:40,all,0.16,0,0.06,0,0,99.78,0.22
19:01:41,all,0.13,0,0.19,0,0,99.69,0.31
19:01:42,all,0.09,0,0.19,0,0,99.72,0.28
19:01:43,all,0.19,0,0.19,0,0,99.62,0.38
19:01:44,all,0.19,0,0.19,0,0,99.62,0.38
19:01:45,all,0.19,0,0.19,0,0,99.62,0.38
19:01:46,all,0.16,0,0.19,0,0,99.66,0.34
19:01:47,all,0.16,0,0.22,0,0,99.62,0.38
19:01:48,all,0.16,0,0.19,0,0,99.66,0.34
19:01:49,all,0.19,0,0.25,0,0,99.56,0.44
19:01:50,all,0.16,0,0.25,0,0,99.59,0.41
19:01:51,all,0.06,0,0.19,0,0,99.75,0.25
19:01:52,all,0.19,0,0.16,0,0,99.65,0.35
19:01:53,all,0.16,0,0.16,0,0,99.69,0.31
19:01:54,all,0.22,0,0.16,0,0,99.62,0.38
19:01:55,all,0.09,0,0.19,0,0,99.72,0.28
19:01:56,all,0.16,0,0.16,0,0,99.69,0.31
19:01:57,all,0.19,0,0.16,0,0,99.66,0.34
19:01:58,all,0.16,0,0.22,0,0,99.62,0.38
19:01:59,all,0.22,0,0.25,0,0,99.53,0.47
19:02:00,all,0.16,0,0.19,0,0,99.65,0.35
19:02:01,all,0.19,0,0.19,0,0,99.62,0.38
19:02:02,all,0.09,0,0.19,0,0,99.72,0.28
19:02:03,all,0.16,0,0.25,0,0,99.59,0.41
19:02:04,all,0.16,0,0.09,0,0,99.75,0.25
19:02:05,all,0.09,0,0.25,0,0,99.66,0.34
19:02:06,all,0.13,0,0.25,0,0,99.62,0.38
19:02:07,all,0.13,0,0.19,0,0,99.69,0.31
19:02:08,all,0.19,0,0.19,0,0,99.62,0.38
19:02:09,all,0.16,0,0.13,0,0,99.72,0.28
19:02:10,all,0.22,0,0.28,0,0,99.5,0.5
19:02:11,all,0.16,0,0.13,0,0,99.72,0.28
19:02:12,all,0.06,0,0.22,0,0,99.72,0.28
19:02:13,all,0.13,0,0.25,0,0,99.62,0.38
19:02:14,all,0.13,0,0.19,0,0,99.69,0.31
19:02:15,all,0.16,0,0.25,0,0,99.59,0.41
19:02:16,all,0.19,0,0.19,0,0,99.62,0.38
19:02:17,all,0.09,0,0.25,0,0,99.66,0.34
19:02:18,all,0.19,0,0.22,0,0,99.59,0.41
19:02:19,all,0.19,0,0.19,0,0,99.62,0.38
19:02:20,all,0.13,0,0.09,0,0,99.78,0.22
19:02:21,all,0.13,0,0.19,0,0,99.69,0.31
19:02:22,all,0.13,0,0.28,0,0,99.59,0.41
19:02:23,all,0.13,0,0.16,0,0,99.72,0.28
19:02:24,all,0.19,0,0.22,0,0,99.59,0.41
19:02:25,all,0.16,0,0.09,0,0,99.75,0.25
19:02:26,all,0.09,0,0.13,0,0,99.78,0.22
19:02:27,all,0.19,0,0.28,0,0,99.53,0.47
19:02:28,all,0.16,0,0.19,0,0,99.66,0.34
19:02:29,all,0.16,0,0.22,0,0,99.62,0.38
19:02:30,all,0.06,0,0.16,0,0,99.78,0.22
19:02:31,all,0.19,0,0.16,0,0,99.66,0.34
19:02:32,all,0.13,0,0.16,0,0,99.72,0.28
19:02:33,all,0.19,0,0.16,0,0,99.66,0.34
19:02:34,all,0.16,0,0.25,0,0,99.59,0.41
19:02:35,all,0.25,0,0.16,0,0,99.59,0.41
19:02:36,all,0.13,0,0.25,0,0,99.62,0.38
19:02:37,all,0.19,0,0.16,0,0,99.66,0.34
19:02:38,all,0.19,0,0.16,0,0,99.66,0.34
19:02:39,all,0.13,0,0.19,0,0,99.69,0.31
19:02:40,all,0.09,0,0.16,0,0,99.75,0.25
19:02:41,all,0.13,0,0.28,0,0,99.59,0.41
19:02:42,all,0.06,0,0.25,0,0,99.69,0.31
19:02:43,all,0.19,0,0.16,0,0,99.66,0.34
19:02:44,all,0.13,0,0.28,0,0,99.59,0.41
19:02:45,all,0.13,0,0.19,0,0,99.69,0.31
19:02:46,all,0.19,0,0.25,0,0,99.56,0.44
19:02:47,all,0.19,0,0.22,0,0,99.59,0.41
19:02:48,all,0.13,0,0.19,0,0,99.69,0.31
19:02:49,all,0.16,0,0.25,0,0,99.59,0.41
19:02:50,all,0.16,0,0.19,0,0,99.66,0.34
19:02:51,all,0.06,0,0.19,0,0,99.75,0.25
19:02:52,all,0.19,0,0.28,0,0,99.53,0.47
19:02:53,all,0.06,0,0.19,0,0,99.75,0.25
19:02:54,all,1.13,0,0.63,0,0,98.24,1.76
19:02:55,all,0.16,0,0.31,0,0,99.53,0.47
19:02:56,all,0.09,0,0.16,0,0,99.75,0.25
19:02:57,all,0.19,0,0.19,0,0,99.62,0.38
19:02:58,all,0.85,0,0.53,0,0,98.62,1.38
19:02:59,all,0.16,0,0.28,0,0,99.56,0.44
19:03:00,all,0.19,0,0.31,0,0,99.5,0.5
19:03:01,all,1.22,0,0.82,0,0,97.96,2.04
19:03:02,all,0.09,0,0.28,0,0,99.62,0.38
19:03:03,all,0.06,0,0.13,0,0,99.81,0.19
19:03:04,all,0.16,0,0.25,0,0,99.59,0.41
19:03:05,all,0.09,0,0.19,0,0,99.72,0.28
19:03:06,all,0.16,0,0.34,0,0,99.5,0.5
19:03:07,all,0.06,0,0.22,0,0,99.72,0.28
19:03:08,all,0.13,0,0.13,0,0,99.75,0.25
19:03:09,all,0.22,0,0.09,0,0,99.69,0.31
19:03:10,all,0.28,0,0.22,0,0,99.5,0.5
19:03:11,all,0.16,0,0.16,0,0,99.69,0.31
19:03:12,all,0.16,0,0.25,0,0,99.59,0.41
19:03:13,all,0.13,0,0.25,0,0,99.62,0.38
19:03:14,all,0.13,0,0.28,0,0,99.59,0.41
19:03:15,all,0.16,0,0.25,0,0,99.59,0.41
19:03:16,all,1.04,0,0.69,0,0,98.27,1.73
19:03:17,all,0.16,0,0.28,0,0,99.56,0.44
19:03:18,all,0.13,0,0.25,0,0,99.62,0.38
19:03:19,all,0.19,0,0.22,0,0,99.59,0.41
19:03:20,all,0.13,0,0.25,0,0,99.62,0.38
19:03:21,all,0.09,0,0.22,0,0,99.69,0.31
19:03:22,all,0.19,0,0.13,0,0,99.69,0.31
19:03:23,all,0.13,0,0.19,0,0,99.69,0.31
19:03:24,all,4.3,0,0.47,0,0,95.23,4.77
19:03:25,all,0.19,0,0.22,0,0,99.59,0.41
19:03:26,all,2.67,0,0.56,0,0,96.77,3.23
19:03:27,all,2.41,0,0.25,0,0,97.34,2.66
19:03:28,all,0.13,0,0.22,0.06,0,99.59,0.41
19:03:29,all,0.25,0,0.16,0,0,99.59,0.41
19:03:30,all,0.19,0,0.16,0,0,99.66,0.34
19:03:31,all,0.13,0,0.19,0,0,99.69,0.31
19:03:32,all,0.19,0,0.16,0,0,99.66,0.34
19:03:33,all,0.13,0,0.19,0,0,99.69,0.31
19:03:34,all,0.16,0,0.13,0,0,99.72,0.28
19:03:35,all,0.13,0,0.25,0,0,99.62,0.38
19:03:36,all,0.06,0,0.13,0,0,99.81,0.19
19:03:37,all,0.13,0,0.16,0,0,99.72,0.28
19:03:38,all,0.09,0,0.19,0,0,99.72,0.28
19:03:39,all,0.19,0,0.13,0,0,99.69,0.31
19:03:40,all,0.16,0,0.22,0,0,99.62,0.38
19:03:41,all,0.13,0,0.25,0,0,99.62,0.38
19:03:42,all,0.44,0,0.28,0,0,99.28,0.72
19:03:43,all,0.22,0,0.25,0,0,99.53,0.47
19:03:44,all,5.42,0,2.99,0,0,91.59,8.41
19:03:45,all,0.22,0,0.28,0,0,99.5,0.5
19:03:46,all,0.16,0,0.28,0,0,99.56,0.44
19:03:47,all,0.09,0,0.19,0,0,99.72,0.28
19:03:48,all,0.16,0,0.31,0,0,99.53,0.47
19:03:49,all,2.57,0,0.19,0,0,97.24,2.76
19:03:50,all,3.26,0,0.19,0,0,96.55,3.45
19:03:51,all,3.2,0,0.13,0,0,96.68,3.32
19:03:52,all,3.32,0,0.19,0,0,96.49,3.51
19:03:53,all,3.32,0,0.28,0,0,96.4,3.6
19:03:54,all,1.32,0,0.35,0,0,98.34,1.66
19:03:55,all,0.91,0,0.28,0,0,98.81,1.19
19:03:56,all,1.13,0,0.06,0,0,98.81,1.19
19:03:57,all,3.53,0,0.25,0,0,96.22,3.78
19:03:58,all,3.35,0,0.16,0,0,96.49,3.51
19:03:59,all,3.6,0,0.13,0,0,96.27,3.73
19:04:00,all,0.75,0,0.19,0,0,99.06,0.94
19:04:01,all,0.03,0,0.06,0,0,99.91,0.09
19:04:02,all,0.09,0,0.16,0,0,99.75,0.25
19:04:03,all,0.09,0,0.13,0,0,99.78,0.22
19:04:04,all,0.09,0,0.06,0,0,99.84,0.16
19:04:05,all,0.16,0,0.09,0,0,99.75,0.25
19:04:06,all,0.09,0,0.13,0,0,99.78,0.22
19:04:07,all,0.06,0,0.19,0,0,99.75,0.25
19:04:08,all,0.03,0,0.13,0,0,99.84,0.16
19:04:09,all,0.09,0,0.06,0,0,99.84,0.16
19:04:10,all,1.1,0,0.47,0,0,98.43,1.57
19:04:11,all,0.06,0,0.06,0,0,99.87,0.13
19:04:12,all,0.06,0,0.13,0,0,99.81,0.19
19:04:13,all,0.06,0,0.09,0,0,99.84,0.16
19:04:14,all,0.16,0,0.06,0,0,99.78,0.22
19:04:15,all,0.06,0,0.09,0,0,99.84,0.16
19:04:16,all,1.13,0,0.81,0,0,98.06,1.94
19:04:17,all,0.13,0,0.03,0,0,99.84,0.16
19:04:18,all,0.09,0,0.13,0,0,99.78,0.22
19:04:19,all,0.06,0,0.19,0,0,99.75,0.25
19:04:20,all,0.13,0,0.16,0,0,99.72,0.28
19:04:21,all,0.03,0,0.13,0,0,99.84,0.16
19:04:22,all,0.03,0,0.09,0,0,99.87,0.13
19:04:23,all,0.03,0,0.09,0,0,99.87,0.13
19:04:24,all,0.03,0,0.13,0,0,99.84,0.16
19:04:25,all,0.03,0,0.03,0,0,99.94,0.06
19:04:26,all,0.09,0,0.13,0,0,99.78,0.22
19:04:27,all,0.03,0,0.13,0,0,99.84,0.16
19:04:28,all,0.03,0,0.09,0,0,99.87,0.13
